dataset,model_dir,MASE,WQL,mase_rank,wql_rank
m4_yearly/a/short,CHARM,7.593335647150201,0.216802597705312,127.0,127.0
m4_quarterly/q/short,CHARM,1.6810757010201356,0.0884061944362655,123.0,108.0
m4_monthly/m/short,CHARM,1.018299970464635,0.0932354410923763,97.0,57.0
m4_weekly/w/short,CHARM,2.2951432096479425,0.0379365999592393,81.0,58.0
m4_daily/d/short,CHARM,4.049541951845173,0.0255759428828857,115.0,103.0
m4_hourly/h/short,CHARM,0.9628039788113492,0.0190458375844903,87.0,15.0
electricity/15t/short,CHARM,1.0868165940211345,0.089998488722107,88.0,67.0
electricity/15t/medium,CHARM,0.8517513869671138,0.072715811570898,61.0,40.0
electricity/15t/long,CHARM,0.8968833256214381,0.071346034518578,60.0,22.0
electricity/h/short,CHARM,1.0015472999516133,0.0668027912816862,82.0,56.0
electricity/h/medium,CHARM,1.0816635062677755,0.0695131336659759,74.0,5.0
electricity/h/long,CHARM,1.1604502759386406,0.0757351430007272,38.0,6.0
electricity/d/short,CHARM,1.4653160433534007,0.0565385872490015,82.0,65.0
electricity/w/short,CHARM,1.803978584052248,0.0652885879711369,102.0,95.0
solar/10t/short,CHARM,0.8803998488154768,0.3984541569594339,51.0,22.0
solar/10t/medium,CHARM,0.8595736652283438,0.300348340107183,68.0,29.0
solar/10t/long,CHARM,0.8918522563178894,0.3008509558214782,83.0,38.0
solar/h/short,CHARM,0.8951143891173999,0.3093690338248978,88.0,49.0
solar/h/medium,CHARM,0.9265375943825596,0.3137218811826012,88.0,49.0
solar/h/long,CHARM,0.981163325524806,0.3062537214460203,83.0,48.0
solar/d/short,CHARM,0.9895321483195288,0.273472601426665,75.0,40.0
solar/w/short,CHARM,1.7479112891985091,0.2341911903117728,116.0,109.0
hospital/m/short,CHARM,0.8033462374272505,0.0538525874607591,101.0,75.0
covid_deaths/d/short,CHARM,38.22453032586524,0.0328331411691436,86.0,47.0
us_births/d/short,CHARM,0.4267631961157118,0.0204946839239117,80.0,68.0
us_births/m/short,CHARM,0.6645089475841784,0.0132266106812637,59.0,46.0
us_births/w/short,CHARM,1.2718276762082257,0.013463476235376,94.0,77.0
saugeen/d/short,CHARM,2.7290430153342196,0.3024276442306092,25.0,3.0
saugeen/m/short,CHARM,0.7334816336041241,0.2757463568486823,59.0,8.0
saugeen/w/short,CHARM,1.1773638139270086,0.3288411460699756,38.0,8.0
temperature_rain/d/short,CHARM,1.3641067445464523,0.5212514553562415,71.0,3.0
kdd_cup_2018/h/short,CHARM,0.9197559139740676,0.3412152310683595,36.0,16.0
kdd_cup_2018/h/medium,CHARM,1.0204878424859904,0.3835225911412399,28.0,20.0
kdd_cup_2018/h/long,CHARM,0.9956361260700548,0.4005467745793005,30.0,19.0
kdd_cup_2018/d/short,CHARM,1.1987815332885163,0.3540713294394005,75.0,6.0
car_parts/m/short,CHARM,0.8739543803854425,0.940713976267944,74.0,20.0
restaurant/d/short,CHARM,0.7034349249429964,0.245585095635033,87.0,1.0
hierarchical_sales/d/short,CHARM,0.7514331693424623,0.541088193766834,89.0,2.0
hierarchical_sales/w/short,CHARM,0.7551886247916773,0.3379094517718997,98.0,14.0
loop_seattle/5t/short,CHARM,0.6168106325577031,0.048871737552892,97.0,68.0
loop_seattle/5t/medium,CHARM,0.7688237711236765,0.0630240039145736,51.0,13.0
loop_seattle/5t/long,CHARM,0.8542708476693045,0.0708053020696208,58.0,32.0
loop_seattle/h/short,CHARM,0.841288573403987,0.0557328328512918,69.0,33.0
loop_seattle/h/medium,CHARM,0.9198625518651646,0.060191794653287,62.0,34.0
loop_seattle/h/long,CHARM,0.8923526635843902,0.0573894849597158,65.0,29.0
loop_seattle/d/short,CHARM,0.8807210252584604,0.0409691856742258,59.0,12.0
sz_taxi/15t/short,CHARM,0.5453009157401978,0.1862445640595649,60.0,2.0
sz_taxi/15t/medium,CHARM,0.5352734728529617,0.1862391257216221,44.0,1.0
sz_taxi/15t/long,CHARM,0.5149215144231301,0.1826249570751132,74.0,2.0
sz_taxi/h/short,CHARM,0.5679724173891258,0.1270902139356559,76.0,2.0
m_dense/h/short,CHARM,0.8581054475575379,0.1318424376235661,95.0,60.0
m_dense/h/medium,CHARM,0.7379145487909378,0.1153859311457704,83.0,47.0
m_dense/h/long,CHARM,0.7511059051815672,0.1179260771097643,79.0,60.0
m_dense/d/short,CHARM,0.8612611894920649,0.077396700124858,110.0,95.0
ett1/15t/short,CHARM,0.678480079601368,0.1441927584207257,47.0,3.0
ett1/15t/medium,CHARM,1.027782656174259,0.2231536186440774,73.0,11.0
ett1/15t/long,CHARM,1.0414966722833336,0.2256610659131469,75.0,25.0
ett1/h/short,CHARM,0.8336414772034413,0.1696850939828177,72.0,12.0
ett1/h/medium,CHARM,1.4655237705522468,0.268676046494625,115.0,72.0
ett1/h/long,CHARM,1.6432641744444674,0.2921510931522111,120.0,80.0
ett1/d/short,CHARM,1.7086112753473564,0.2514301471765069,78.0,4.0
ett1/w/short,CHARM,1.5443143114122866,0.2313844485474888,48.0,2.0
ett2/15t/short,CHARM,0.769447809945206,0.0601903405289522,81.0,8.0
ett2/15t/medium,CHARM,0.9726840263809444,0.0906459529847499,98.0,64.0
ett2/15t/long,CHARM,0.962187214391635,0.0900054056184778,93.0,27.0
ett2/h/short,CHARM,0.7419993138055385,0.0588466739259411,74.0,3.0
ett2/h/medium,CHARM,0.9928918707724674,0.0907839233708058,12.0,5.0
ett2/h/long,CHARM,1.0688097011655349,0.0946130905539555,72.0,4.0
ett2/d/short,CHARM,1.3966455903422066,0.0912742409465892,94.0,31.0
ett2/w/short,CHARM,1.07049861118005,0.0932063124101213,104.0,69.0
jena_weather/10t/short,CHARM,0.2809750858254666,0.0280062870077852,58.0,52.0
jena_weather/10t/medium,CHARM,0.6013099397214728,0.0445642628611934,52.0,4.0
jena_weather/10t/long,CHARM,0.6475100423238881,0.0452436901997392,62.0,3.0
jena_weather/h/short,CHARM,0.5438486090849666,0.0409725304282125,85.0,35.0
jena_weather/h/medium,CHARM,0.7886856062642835,0.0515309627434728,59.0,53.0
jena_weather/h/long,CHARM,0.8272991169023285,0.0521461333445982,10.0,15.0
jena_weather/d/short,CHARM,1.209419712080405,0.0466233570992349,92.0,55.0
bitbrains_fast_storage/5t/short,CHARM,0.6967297920796054,0.3574391467958168,62.0,19.0
bitbrains_fast_storage/5t/medium,CHARM,0.982754485697496,0.5626249802648368,53.0,5.0
bitbrains_fast_storage/5t/long,CHARM,0.9085918638742406,0.6535163711365575,62.0,27.0
bitbrains_fast_storage/h/short,CHARM,1.0978432599926795,0.5114305282821788,80.0,2.0
bitbrains_rnd/5t/short,CHARM,1.670405148269509,0.3808082557439463,69.0,24.0
bitbrains_rnd/5t/medium,CHARM,4.393865113797011,0.574243628272083,52.0,6.0
bitbrains_rnd/5t/long,CHARM,3.3200862145398142,0.5546804800406688,55.0,5.0
bitbrains_rnd/h/short,CHARM,5.873955076880216,0.5440946464532354,80.0,3.0
bizitobs_application/10s/short,CHARM,1.4421225291188486,0.0135333432725329,82.0,73.0
bizitobs_application/10s/medium,CHARM,2.3919383320070966,0.0325102899062769,55.0,35.0
bizitobs_application/10s/long,CHARM,3.46668602306499,0.047977182749416,87.0,20.0
bizitobs_service/10s/short,CHARM,0.8753271905535402,0.0124718971251923,77.0,62.0
bizitobs_service/10s/medium,CHARM,1.2491979477533333,0.0235172446714682,82.0,46.0
bizitobs_service/10s/long,CHARM,1.6282834199025624,0.052125658864585,91.0,46.0
bizitobs_l2c/5t/short,CHARM,0.2796513729907102,0.0705045656348264,80.0,48.0
bizitobs_l2c/5t/medium,CHARM,0.6680172330186568,0.2554181718875181,76.0,65.0
bizitobs_l2c/5t/long,CHARM,0.8936816857414822,0.3746212953176779,80.0,79.0
bizitobs_l2c/h/short,CHARM,0.4857097264924896,0.185922575690588,75.0,44.0
bizitobs_l2c/h/medium,CHARM,0.5136331367561462,0.22556741156815,74.0,16.0
bizitobs_l2c/h/long,CHARM,0.5835938773403844,0.2512016176601858,61.0,20.0
bitbrains_fast_storage/5t/long,CastStar,0.8167153908960898,0.6154550422903563,5.0,13.0
bitbrains_fast_storage/5t/medium,CastStar,0.9085762350867324,0.5565229406171525,3.0,4.0
bitbrains_fast_storage/5t/short,CastStar,0.6266989184974425,0.3565733013534025,15.0,18.0
bitbrains_fast_storage/h/short,CastStar,0.9296859844324384,0.5776354289995604,10.0,16.0
bitbrains_rnd/5t/long,CastStar,3.246353299529552,0.5898290410234153,13.0,22.0
bitbrains_rnd/5t/medium,CastStar,4.320155189590338,0.6059712130032443,11.0,33.0
bitbrains_rnd/5t/short,CastStar,1.566950519550213,0.3700884283093131,4.0,8.0
bitbrains_rnd/h/short,CastStar,5.776670392152601,0.5813506717460268,21.0,10.0
bizitobs_application/10s/long,CastStar,3.058635121048015,0.0495042035046285,26.0,26.0
bizitobs_application/10s/medium,CastStar,2.1918917985730877,0.0321179018056107,35.0,33.0
bizitobs_application/10s/short,CastStar,0.9515839882719838,0.0096084752099975,13.0,26.0
bizitobs_l2c/5t/long,CastStar,0.4393813236176895,0.1925034591132472,11.0,8.0
bizitobs_l2c/5t/medium,CastStar,0.4490549673861194,0.1876622265590528,12.0,9.0
bizitobs_l2c/5t/short,CastStar,0.2026997512801681,0.053597320143437,8.0,9.0
bizitobs_l2c/h/long,CastStar,0.5513328762674852,0.2529013796089271,30.0,25.0
bizitobs_l2c/h/medium,CastStar,0.4926634323556054,0.2324735912327407,50.0,39.0
bizitobs_l2c/h/short,CastStar,0.4252299781311762,0.180139145170849,23.0,21.0
bizitobs_service/10s/long,CastStar,1.2317815129640888,0.0459412342813349,6.0,2.0
bizitobs_service/10s/medium,CastStar,0.9480166995430866,0.0180188335806652,9.0,12.0
bizitobs_service/10s/short,CastStar,0.6799787873617735,0.009919393166875,11.0,11.0
car_parts/m/short,CastStar,0.8391492100029275,0.9448667274275488,46.0,25.0
covid_deaths/d/short,CastStar,30.661524329875594,0.0245203253978361,18.0,5.0
electricity/15t/long,CastStar,0.8346380734166362,0.0698322749645685,4.0,5.0
electricity/15t/medium,CastStar,0.7869655508505508,0.0700433348053309,4.0,7.0
electricity/15t/short,CastStar,0.8659906007945392,0.0736389733940132,7.0,7.0
electricity/d/short,CastStar,1.3744893520503494,0.0533241262778728,30.0,21.0
electricity/h/long,CastStar,1.1134175861167328,0.076918752346938,10.0,9.0
electricity/h/medium,CastStar,1.036103922011432,0.0722553066013076,23.0,18.0
electricity/h/short,CastStar,0.8634937984786533,0.0626578412937995,10.0,16.0
electricity/w/short,CastStar,1.4042479861739845,0.0472780161065979,22.0,21.0
ett1/15t/long,CastStar,0.9646467733920896,0.2206557814415155,8.0,8.0
ett1/15t/medium,CastStar,0.9674879710346624,0.2238327976061084,22.0,16.0
ett1/15t/short,CastStar,0.6734029655946993,0.1533797186042247,31.0,20.0
ett1/d/short,CastStar,1.7086610813118757,0.2799706696477643,79.0,66.0
ett1/h/long,CastStar,1.3705405089196978,0.2626569823442895,55.0,32.0
ett1/h/medium,CastStar,1.2202037153762022,0.2475049287708542,7.0,13.0
ett1/h/short,CastStar,0.7967168781434163,0.1729844099975225,26.0,28.0
ett1/w/short,CastStar,1.427257483942142,0.2360101153414747,7.0,3.0
ett2/15t/long,CastStar,0.854207994815305,0.0888679100158516,5.0,8.0
ett2/15t/medium,CastStar,0.8363641683995805,0.0857406872978442,6.0,6.0
ett2/15t/short,CastStar,0.7152331457318958,0.0625171195425206,26.0,32.0
ett2/d/short,CastStar,1.3509376870306549,0.0963477105907468,81.0,80.0
ett2/h/long,CastStar,0.9820612790639448,0.0979937290923824,7.0,8.0
ett2/h/medium,CastStar,1.014498237691088,0.1018936949132891,27.0,30.0
ett2/h/short,CastStar,0.7194055499461999,0.0629890002368259,17.0,22.0
ett2/w/short,CastStar,0.796225868799259,0.0844512897969378,48.0,34.0
hierarchical_sales/d/short,CastStar,0.7432246541196934,0.573380660833156,36.0,41.0
hierarchical_sales/w/short,CastStar,0.7063090112756031,0.3355324945001602,10.0,11.0
hospital/m/short,CastStar,0.736008231722177,0.0467878888542816,4.0,3.0
jena_weather/10t/long,CastStar,0.5905505157546541,0.0460745985149966,4.0,6.0
jena_weather/10t/medium,CastStar,0.566960792363569,0.0467383040419207,7.0,29.0
jena_weather/10t/short,CastStar,0.2628565031992547,0.0267318779808299,28.0,24.0
jena_weather/d/short,CastStar,1.0653136323945496,0.0451976827932156,59.0,42.0
jena_weather/h/long,CastStar,0.8186049753266026,0.0506816104496304,7.0,5.0
jena_weather/h/medium,CastStar,0.7714138827280325,0.0478807891495743,45.0,10.0
jena_weather/h/short,CastStar,0.515061876004388,0.0402910985578385,24.0,16.0
kdd_cup_2018/d/short,CastStar,1.17941735706624,0.3717712864920913,21.0,24.0
kdd_cup_2018/h/long,CastStar,1.0357113573839374,0.4541160750011372,81.0,73.0
kdd_cup_2018/h/medium,CastStar,1.0355684851709432,0.4220201101983457,44.0,53.0
kdd_cup_2018/h/short,CastStar,0.9133148885151956,0.3651618782558428,27.0,29.0
loop_seattle/5t/long,CastStar,0.7738104793220163,0.0686960873319834,15.0,16.0
loop_seattle/5t/medium,CastStar,0.7161789781543163,0.0632023369962368,15.0,18.0
loop_seattle/5t/short,CastStar,0.544116287633994,0.0462524297140012,40.0,33.0
loop_seattle/d/short,CastStar,0.8607292595297532,0.0413872499168429,19.0,25.0
loop_seattle/h/long,CastStar,0.8325952778348202,0.0566399458584363,22.0,19.0
loop_seattle/h/medium,CastStar,0.8606064605548073,0.0595103292140772,31.0,32.0
loop_seattle/h/short,CastStar,0.7850147307946731,0.0548723767963188,30.0,27.0
m4_daily/d/short,CastStar,3.1410160693724825,0.0204248866003576,10.0,6.0
m4_hourly/h/short,CastStar,0.6400308654578611,0.0189428633199573,4.0,14.0
m4_monthly/m/short,CastStar,0.8921282962644016,0.0897154405270079,6.0,16.0
m4_quarterly/q/short,CastStar,1.095477727844075,0.0710386080514803,2.0,4.0
m4_weekly/w/short,CastStar,1.856749573909944,0.0348647590967645,10.0,7.0
m4_yearly/a/short,CastStar,2.9387879571899247,0.1059528023946237,4.0,9.0
m_dense/d/short,CastStar,0.6267124671471423,0.0599137303921834,21.0,26.0
m_dense/h/long,CastStar,0.6676034466013443,0.1086419169594504,20.0,9.0
m_dense/h/medium,CastStar,0.6728532132185827,0.1112144321217766,19.0,14.0
m_dense/h/short,CastStar,0.7392562936372459,0.1210244879620833,12.0,9.0
restaurant/d/short,CastStar,0.6768496759549831,0.2537330015850363,20.0,18.0
saugeen/d/short,CastStar,2.9175855376749498,0.3677563777496337,62.0,75.0
saugeen/m/short,CastStar,0.7156115501577496,0.2815348222725472,26.0,13.0
saugeen/w/short,CastStar,1.146431974766474,0.3403583633044936,16.0,13.0
solar/10t/long,CastStar,0.8033372194059633,0.2959533355169407,44.0,32.0
solar/10t/medium,CastStar,0.8411663168106225,0.3110494345277497,59.0,39.0
solar/10t/short,CastStar,0.7820639078830302,0.3884703045894968,21.0,20.0
solar/d/short,CastStar,0.972277161919265,0.2738373274293547,53.0,42.0
solar/h/long,CastStar,0.465118731825146,0.1655074865096721,6.0,6.0
solar/h/medium,CastStar,0.4712857413757167,0.1727384507625975,12.0,11.0
solar/h/short,CastStar,0.4568952608177186,0.1714254144687324,12.0,11.0
solar/w/short,CastStar,0.9889773118731964,0.1379726367778635,24.0,20.0
sz_taxi/15t/long,CastStar,0.5033947591042484,0.1966431945831867,10.0,23.0
sz_taxi/15t/medium,CastStar,0.5328188105001791,0.2004403050047632,14.0,16.0
sz_taxi/15t/short,CastStar,0.5394760041945825,0.1986298746257902,13.0,13.0
sz_taxi/h/short,CastStar,0.5583955942287858,0.1341727241220912,21.0,16.0
temperature_rain/d/short,CastStar,1.3259282825468373,0.5449543004804537,35.0,35.0
us_births/d/short,CastStar,0.2986518776755014,0.0149454364204119,4.0,1.0
us_births/m/short,CastStar,0.661316038534582,0.0137372516235393,58.0,55.0
us_births/w/short,CastStar,0.8892018558378358,0.0104815784212187,14.0,15.0
bitbrains_fast_storage/5t/short,Chronos_small,0.833,0.446,98.0,87.0
bitbrains_fast_storage/h/short,Chronos_small,1.14,0.614,92.0,30.0
bitbrains_rnd/5t/short,Chronos_small,1.81,0.493,96.0,100.0
bitbrains_rnd/h/short,Chronos_small,5.89,0.614,84.0,42.0
bizitobs_application/10s/short,Chronos_small,3.34,0.0307,111.0,103.0
bizitobs_l2c/5t/short,Chronos_small,0.301,0.0869,104.0,110.0
bizitobs_l2c/h/short,Chronos_small,0.905,0.428,113.0,113.0
bizitobs_service/10s/short,Chronos_small,1.91,0.0271,110.0,107.0
car_parts/m/short,Chronos_small,0.885,1.03,83.0,78.0
covid_deaths/d/short,Chronos_small,42.2,0.0608,98.0,96.0
electricity/15t/short,Chronos_small,1.13,0.0986,93.0,91.0
electricity/d/short,Chronos_small,1.6,0.071,104.0,103.0
electricity/h/short,Chronos_small,0.951,0.0701,65.0,75.0
electricity/w/short,Chronos_small,1.54,0.052,63.0,61.0
ett1/15t/short,Chronos_small,0.872,0.217,114.0,109.0
ett1/d/short,Chronos_small,1.8,0.36,107.0,114.0
ett1/h/short,Chronos_small,0.898,0.222,110.0,107.0
ett1/w/short,Chronos_small,1.65,0.317,95.0,110.0
ett2/15t/short,Chronos_small,0.885,0.0731,111.0,97.0
ett2/d/short,Chronos_small,1.43,0.0968,99.0,81.0
ett2/h/short,Chronos_small,0.79,0.0718,105.0,97.0
ett2/w/short,Chronos_small,0.807,0.0768,50.0,4.0
hierarchical_sales/d/short,Chronos_small,0.801,0.619,115.0,107.0
hierarchical_sales/w/short,Chronos_small,0.756,0.367,99.0,97.0
hospital/m/short,Chronos_small,0.813,0.0562,105.0,90.0
jena_weather/10t/short,Chronos_small,0.359,0.0469,105.0,106.0
jena_weather/d/short,Chronos_small,1.14,0.0506,81.0,79.0
jena_weather/h/short,Chronos_small,0.583,0.0466,104.0,96.0
kdd_cup_2018/d/short,Chronos_small,1.4,0.512,122.0,121.0
kdd_cup_2018/h/short,Chronos_small,1.06,0.459,113.0,106.0
loop_seattle/5t/short,Chronos_small,0.768,0.07,117.0,113.0
loop_seattle/d/short,Chronos_small,1.0,0.0482,114.0,105.0
loop_seattle/h/short,Chronos_small,0.967,0.0692,104.0,98.0
m_dense/d/short,Chronos_small,0.834,0.0866,107.0,107.0
m_dense/h/short,Chronos_small,0.803,0.14,75.0,81.0
m4_daily/d/short,Chronos_small,3.16,0.0215,14.0,48.0
m4_hourly/h/short,Chronos_small,0.739,0.0253,50.0,76.0
m4_monthly/m/short,Chronos_small,0.982,0.103,87.0,97.0
m4_quarterly/q/short,Chronos_small,1.24,0.0839,89.0,99.0
m4_weekly/w/short,Chronos_small,2.09,0.0395,66.0,66.0
m4_yearly/a/short,Chronos_small,3.74,0.139,105.0,107.0
restaurant/d/short,Chronos_small,0.758,0.292,116.0,106.0
saugeen/d/short,Chronos_small,2.98,0.387,72.0,86.0
saugeen/m/short,Chronos_small,0.992,0.464,123.0,124.0
saugeen/w/short,Chronos_small,1.37,0.482,99.0,110.0
solar/10t/short,Chronos_small,1.22,0.635,110.0,97.0
solar/d/short,Chronos_small,1.08,0.337,115.0,108.0
solar/h/short,Chronos_small,0.855,0.345,62.0,88.0
solar/w/short,Chronos_small,0.877,0.124,10.0,9.0
sz_taxi/15t/short,Chronos_small,0.598,0.241,116.0,110.0
sz_taxi/h/short,Chronos_small,0.579,0.149,100.0,105.0
temperature_rain/d/short,Chronos_small,1.44,0.627,103.0,104.0
us_births/d/short,Chronos_small,0.436,0.0232,83.0,84.0
us_births/m/short,Chronos_small,0.572,0.0134,21.0,49.0
us_births/w/short,Chronos_small,0.921,0.0115,30.0,39.0
bitbrains_fast_storage/5t/medium,Chronos_small,1.14,0.803,101.0,101.0
bitbrains_rnd/5t/medium,Chronos_small,4.63,0.615,106.0,44.0
bizitobs_application/10s/medium,Chronos_small,10.2,0.0779,124.0,114.0
bizitobs_l2c/5t/medium,Chronos_small,0.88,0.465,109.0,115.0
bizitobs_l2c/h/medium,Chronos_small,1.32,0.78,119.0,118.0
bizitobs_service/10s/medium,Chronos_small,4.06,0.0684,116.0,113.0
electricity/15t/medium,Chronos_small,1.03,0.0957,105.0,108.0
electricity/h/medium,Chronos_small,1.09,0.0877,79.0,98.0
ett1/15t/medium,Chronos_small,1.36,0.39,122.0,122.0
ett1/h/medium,Chronos_small,1.31,0.327,83.0,108.0
ett2/15t/medium,Chronos_small,1.02,0.117,108.0,107.0
ett2/h/medium,Chronos_small,1.14,0.136,106.0,114.0
jena_weather/10t/medium,Chronos_small,0.744,0.0894,115.0,120.0
jena_weather/h/medium,Chronos_small,0.842,0.0687,86.0,107.0
kdd_cup_2018/h/medium,Chronos_small,1.34,0.706,123.0,123.0
loop_seattle/5t/medium,Chronos_small,1.61,0.175,121.0,122.0
loop_seattle/h/medium,Chronos_small,1.14,0.0885,112.0,115.0
m_dense/h/medium,Chronos_small,0.712,0.128,69.0,81.0
solar/10t/medium,Chronos_small,1.79,0.796,118.0,121.0
solar/h/medium,Chronos_small,0.815,0.361,39.0,91.0
sz_taxi/15t/medium,Chronos_small,0.618,0.279,119.0,121.0
bitbrains_fast_storage/5t/long,Chronos_small,1.08,0.709,105.0,57.0
bitbrains_rnd/5t/long,Chronos_small,3.83,1.08,116.0,121.0
bizitobs_application/10s/long,Chronos_small,9.67,0.0933,122.0,117.0
bizitobs_l2c/5t/long,Chronos_small,1.25,0.743,112.0,124.0
bizitobs_l2c/h/long,Chronos_small,1.31,0.78,122.0,122.0
bizitobs_service/10s/long,Chronos_small,3.89,0.093,116.0,114.0
electricity/15t/long,Chronos_small,1.06,0.0975,105.0,105.0
electricity/h/long,Chronos_small,1.23,0.107,78.0,103.0
ett1/15t/long,Chronos_small,1.5,0.45,123.0,123.0
ett1/h/long,Chronos_small,1.42,0.36,86.0,117.0
ett2/15t/long,Chronos_small,1.11,0.129,116.0,114.0
ett2/h/long,Chronos_small,1.04,0.122,57.0,94.0
jena_weather/10t/long,Chronos_small,0.956,0.0957,124.0,121.0
jena_weather/h/long,Chronos_small,1.16,0.0723,108.0,101.0
kdd_cup_2018/h/long,Chronos_small,1.24,0.712,124.0,122.0
loop_seattle/5t/long,Chronos_small,1.38,0.15,122.0,123.0
loop_seattle/h/long,Chronos_small,1.12,0.0891,113.0,118.0
m_dense/h/long,Chronos_small,0.737,0.133,75.0,84.0
solar/10t/long,Chronos_small,1.98,0.901,120.0,121.0
solar/h/long,Chronos_small,1.01,0.441,92.0,109.0
sz_taxi/15t/long,Chronos_small,0.584,0.275,115.0,117.0
bitbrains_fast_storage/5t/long,CleanTS-65M,0.9766023740693816,0.7326658660220792,87.0,69.0
bitbrains_fast_storage/5t/medium,CleanTS-65M,1.1878145329818788,0.6663037056398805,103.0,73.0
bitbrains_fast_storage/5t/short,CleanTS-65M,0.8210056031312811,0.3940842120914004,94.0,52.0
bitbrains_fast_storage/h/short,CleanTS-65M,1.6635248535212532,0.901442216509749,124.0,115.0
bitbrains_rnd/5t/long,CleanTS-65M,3.3781216704958763,0.5724758116529886,72.0,11.0
bitbrains_rnd/5t/medium,CleanTS-65M,4.45054545828052,0.585655498281893,76.0,11.0
bitbrains_rnd/5t/short,CleanTS-65M,1.922932251274716,0.4390736306343669,104.0,81.0
bitbrains_rnd/h/short,CleanTS-65M,5.619562557039445,0.5840054322420504,3.0,11.0
bizitobs_application/10s/long,CleanTS-65M,3.816936660064947,0.0616555656971023,92.0,102.0
bizitobs_application/10s/medium,CleanTS-65M,3.5762804943269515,0.0555326838651172,100.0,108.0
bizitobs_application/10s/short,CleanTS-65M,2.0243552635767132,0.0226467406531648,95.0,96.0
bizitobs_l2c/5t/long,CleanTS-65M,1.2396629207255008,0.5691355578219337,107.0,97.0
bizitobs_l2c/5t/medium,CleanTS-65M,0.8515150939343408,0.3637100702049693,101.0,93.0
bizitobs_l2c/5t/short,CleanTS-65M,0.2757255649320916,0.0747899529825584,69.0,69.0
bizitobs_l2c/h/long,CleanTS-65M,0.9245677364022552,0.4294200463645112,108.0,107.0
bizitobs_l2c/h/medium,CleanTS-65M,0.8823811073621215,0.4200076213299944,109.0,109.0
bizitobs_l2c/h/short,CleanTS-65M,0.7219975025537452,0.3099998682139971,107.0,105.0
bizitobs_service/10s/long,CleanTS-65M,2.623606135142696,0.0680451194368608,107.0,108.0
bizitobs_service/10s/medium,CleanTS-65M,2.61153363050725,0.0446857963722836,108.0,97.0
bizitobs_service/10s/short,CleanTS-65M,1.260263439531491,0.0210266244965671,100.0,97.0
car_parts/m/short,CleanTS-65M,1.008770452042652,1.1361740674445804,108.0,100.0
covid_deaths/d/short,CleanTS-65M,30.883482186664057,0.0456068994778471,21.0,83.0
electricity/15t/long,CleanTS-65M,0.9503734908184518,0.0800058612932835,84.0,71.0
electricity/15t/medium,CleanTS-65M,0.9052327141694808,0.0795932592084491,85.0,72.0
electricity/15t/short,CleanTS-65M,1.1184414488021075,0.0967107080655935,92.0,86.0
electricity/d/short,CleanTS-65M,1.5685728359905822,0.0666186639247725,102.0,98.0
electricity/h/long,CleanTS-65M,1.222256032273325,0.0849264829807631,75.0,42.0
electricity/h/medium,CleanTS-65M,1.0887284547281066,0.0741652947752009,78.0,45.0
electricity/h/short,CleanTS-65M,1.010247791321694,0.0714542975577359,86.0,78.0
electricity/w/short,CleanTS-65M,1.924060073440388,0.0859818742485093,109.0,106.0
ett1/15t/long,CleanTS-65M,1.0397151129519404,0.245574779494454,74.0,71.0
ett1/15t/medium,CleanTS-65M,1.057443626820784,0.2566701635559736,86.0,82.0
ett1/15t/short,CleanTS-65M,0.7136816287465364,0.1676082493469359,82.0,75.0
ett1/d/short,CleanTS-65M,1.592566391488942,0.2580451185409194,10.0,5.0
ett1/h/long,CleanTS-65M,1.3804573243752154,0.2737574985522353,63.0,59.0
ett1/h/medium,CleanTS-65M,1.2937400491959583,0.258182559665144,72.0,56.0
ett1/h/short,CleanTS-65M,0.8177207096211127,0.1797219629333246,54.0,62.0
ett1/w/short,CleanTS-65M,1.4855798247079222,0.2531304954902795,23.0,30.0
ett2/15t/long,CleanTS-65M,0.937506541131916,0.0967595006302601,86.0,79.0
ett2/15t/medium,CleanTS-65M,0.903162539632454,0.0927303287977587,76.0,73.0
ett2/15t/short,CleanTS-65M,0.751064059264478,0.0652285942943824,63.0,60.0
ett2/d/short,CleanTS-65M,1.3901142993044433,0.0992653292840892,87.0,88.0
ett2/h/long,CleanTS-65M,1.0790337949478506,0.1080224540994817,80.0,64.0
ett2/h/medium,CleanTS-65M,1.0702309638712897,0.1082225294199705,86.0,71.0
ett2/h/short,CleanTS-65M,0.7288205595855097,0.062262632906822,39.0,11.0
ett2/w/short,CleanTS-65M,0.8709673884733995,0.0891580159129939,69.0,57.0
hierarchical_sales/d/short,CleanTS-65M,0.745720599965087,0.5775059687380758,55.0,56.0
hierarchical_sales/w/short,CleanTS-65M,0.747419318126174,0.3573270531857233,93.0,82.0
hospital/m/short,CleanTS-65M,0.7705296515264353,0.0539688702374096,68.0,76.0
jena_weather/10t/long,CleanTS-65M,0.6374243012539635,0.049751287267235,46.0,57.0
jena_weather/10t/medium,CleanTS-65M,0.6185721979483099,0.0512951546094475,75.0,74.0
jena_weather/10t/short,CleanTS-65M,0.2922063030247593,0.0298220667957621,73.0,68.0
jena_weather/d/short,CleanTS-65M,1.3034188092681354,0.0514138277724775,103.0,87.0
jena_weather/h/long,CleanTS-65M,1.0883991944445894,0.0590576666643364,98.0,61.0
jena_weather/h/medium,CleanTS-65M,0.7655084682731764,0.0540426101798161,38.0,68.0
jena_weather/h/short,CleanTS-65M,0.5368868229803038,0.0428417400446089,77.0,63.0
kdd_cup_2018/d/short,CleanTS-65M,1.219805501483326,0.3791924518528169,100.0,70.0
kdd_cup_2018/h/long,CleanTS-65M,1.0477889124552735,0.458216979722089,96.0,81.0
kdd_cup_2018/h/medium,CleanTS-65M,1.07275419160385,0.4381383046828481,90.0,81.0
kdd_cup_2018/h/short,CleanTS-65M,0.9764807621426916,0.4016536746752722,91.0,91.0
loop_seattle/5t/long,CleanTS-65M,0.8454478529900591,0.0751037544785808,55.0,50.0
loop_seattle/5t/medium,CleanTS-65M,0.7737179588352738,0.0686685824499746,54.0,50.0
loop_seattle/5t/short,CleanTS-65M,0.5579530038926219,0.0472694227582872,62.0,47.0
loop_seattle/d/short,CleanTS-65M,0.9176378483844494,0.0435730382117851,94.0,71.0
loop_seattle/h/long,CleanTS-65M,0.9131533227378192,0.0632927450120694,78.0,67.0
loop_seattle/h/medium,CleanTS-65M,0.9275631153962406,0.0657162507181174,67.0,66.0
loop_seattle/h/short,CleanTS-65M,0.8655888545195888,0.0622124855449094,77.0,72.0
m_dense/d/short,CleanTS-65M,0.7504809074520636,0.0723701828814299,92.0,82.0
m_dense/h/long,CleanTS-65M,0.7254612665150665,0.1176662515790328,70.0,59.0
m_dense/h/medium,CleanTS-65M,0.6978936781622972,0.1145002642795845,55.0,44.0
m_dense/h/short,CleanTS-65M,0.841403228679521,0.1411488445777536,88.0,85.0
m4_daily/d/short,CleanTS-65M,3.2081064716704435,0.0209234269596935,32.0,21.0
m4_hourly/h/short,CleanTS-65M,1.322701379817929,0.0208232790112803,105.0,41.0
m4_monthly/m/short,CleanTS-65M,0.9837793846017734,0.0964243748121797,90.0,75.0
m4_quarterly/q/short,CleanTS-65M,1.2479256582402214,0.0788195700145567,93.0,75.0
m4_weekly/w/short,CleanTS-65M,2.1940876307583523,0.0424077538285054,74.0,82.0
m4_yearly/a/short,CleanTS-65M,3.6487848096801136,0.1319318644774866,100.0,94.0
restaurant/d/short,CleanTS-65M,0.729013932346573,0.2752579130452525,105.0,95.0
saugeen/d/short,CleanTS-65M,2.636848440138105,0.328085682050341,10.0,18.0
saugeen/m/short,CleanTS-65M,0.7388380321378877,0.2980638209858531,65.0,63.0
saugeen/w/short,CleanTS-65M,1.4025695837802723,0.4228650601068679,104.0,93.0
solar/10t/long,CleanTS-65M,0.8487347798643053,0.324399494876512,70.0,62.0
solar/10t/medium,CleanTS-65M,0.8822361224160759,0.3507300830477453,77.0,73.0
solar/10t/short,CleanTS-65M,1.2000939009804032,0.6341716334851415,108.0,96.0
solar/d/short,CleanTS-65M,1.0170102433051629,0.3089767248782215,102.0,103.0
solar/h/long,CleanTS-65M,1.1897389378572798,0.3953995131800459,115.0,98.0
solar/h/medium,CleanTS-65M,0.9578050952378072,0.355301571573648,97.0,84.0
solar/h/short,CleanTS-65M,0.9178560271155648,0.3464264110865859,99.0,90.0
solar/w/short,CleanTS-65M,1.070836182186609,0.149285378680503,46.0,52.0
sz_taxi/15t/long,CleanTS-65M,0.5094621704736275,0.198416739214522,56.0,43.0
sz_taxi/15t/medium,CleanTS-65M,0.5396955805361071,0.2029248698796081,66.0,56.0
sz_taxi/15t/short,CleanTS-65M,0.5515912063321681,0.2029254141607483,85.0,72.0
sz_taxi/h/short,CleanTS-65M,0.5697771938661932,0.1376089761144411,79.0,72.0
temperature_rain/d/short,CleanTS-65M,1.428506549050293,0.5724113313069737,100.0,85.0
us_births/d/short,CleanTS-65M,0.4501687478600908,0.022875985906004,87.0,82.0
us_births/m/short,CleanTS-65M,0.9191595239565,0.0185380531725326,111.0,101.0
us_births/w/short,CleanTS-65M,1.3805831792570449,0.0159514171152242,101.0,97.0
bitbrains_fast_storage/5t/long,Cobra-Agent,0.8429638776074092,0.646434133059247,19.0,24.0
bitbrains_fast_storage/5t/medium,Cobra-Agent,0.9288649982919888,0.5891460433742735,20.0,16.0
bitbrains_fast_storage/5t/short,Cobra-Agent,0.6444503569588691,0.3643354886028341,23.0,24.0
bitbrains_fast_storage/h/short,Cobra-Agent,0.9413551275972444,0.642263080056698,19.0,50.0
bitbrains_rnd/5t/long,Cobra-Agent,3.263937837266844,0.6345187345581849,20.0,56.0
bitbrains_rnd/5t/medium,Cobra-Agent,4.343568436673698,0.7197563966474493,23.0,95.0
bitbrains_rnd/5t/short,Cobra-Agent,1.595689417006093,0.3820462952134806,26.0,28.0
bitbrains_rnd/h/short,Cobra-Agent,5.780161221016878,0.6273216236864841,23.0,57.0
bizitobs_application/10s/long,Cobra-Agent,3.1631638695637188,0.0514386262446848,41.0,35.0
bizitobs_application/10s/medium,Cobra-Agent,2.2335315314377264,0.0334477831029252,37.0,40.0
bizitobs_application/10s/short,Cobra-Agent,1.0533232409470974,0.0098696861815291,40.0,40.0
bizitobs_l2c/5t/long,Cobra-Agent,0.5496406408629562,0.2449494663036588,41.0,35.0
bizitobs_l2c/5t/medium,Cobra-Agent,0.4849655751405355,0.2030196613292736,27.0,25.0
bizitobs_l2c/5t/short,Cobra-Agent,0.2247700317214607,0.0596408921689963,23.0,21.0
bizitobs_l2c/h/long,Cobra-Agent,0.5655188760827218,0.2597502551757956,47.0,40.0
bizitobs_l2c/h/medium,Cobra-Agent,0.4850686809476508,0.230181429196054,32.0,32.0
bizitobs_l2c/h/short,Cobra-Agent,0.4179214129898475,0.1768754273898042,17.0,15.0
bizitobs_service/10s/long,Cobra-Agent,1.301149732672764,0.0510962521322442,34.0,21.0
bizitobs_service/10s/medium,Cobra-Agent,0.9496069163986866,0.0177715068406278,11.0,11.0
bizitobs_service/10s/short,Cobra-Agent,0.7078171913302101,0.0100155217255147,29.0,17.0
car_parts/m/short,Cobra-Agent,0.8392418744263533,0.9496887794157464,47.0,28.0
covid_deaths/d/short,Cobra-Agent,32.01225323347686,0.0283892280160354,34.0,24.0
electricity/15t/long,Cobra-Agent,0.8485651159631495,0.0706629810853736,22.0,17.0
electricity/15t/medium,Cobra-Agent,0.801107642445395,0.0704941256672081,22.0,18.0
electricity/15t/short,Cobra-Agent,0.9295631905860025,0.0791693603040192,33.0,30.0
electricity/d/short,Cobra-Agent,1.361045532197127,0.0535038401081986,22.0,23.0
electricity/h/long,Cobra-Agent,1.161676929810069,0.0839410367761504,40.0,34.0
electricity/h/medium,Cobra-Agent,1.0377796692321002,0.0725276695250683,27.0,24.0
electricity/h/short,Cobra-Agent,0.8875366030621327,0.0627646760832155,30.0,19.0
electricity/w/short,Cobra-Agent,1.4162150041596584,0.0486816723864692,27.0,39.0
ett1/15t/long,Cobra-Agent,0.9756117844845802,0.2263921818238014,27.0,26.0
ett1/15t/medium,Cobra-Agent,0.9752197132422824,0.2275020494813059,31.0,27.0
ett1/15t/short,Cobra-Agent,0.6741537541056264,0.1560219865929585,32.0,33.0
ett1/d/short,Cobra-Agent,1.6545014700736904,0.2777971259449719,39.0,57.0
ett1/h/long,Cobra-Agent,1.3362464873005315,0.2614004977513562,24.0,25.0
ett1/h/medium,Cobra-Agent,1.2449617396382988,0.2529915371511183,28.0,38.0
ett1/h/short,Cobra-Agent,0.7894502852766264,0.1711912843687867,19.0,22.0
ett1/w/short,Cobra-Agent,1.529715856068515,0.2539348492236133,40.0,31.0
ett2/15t/long,Cobra-Agent,0.8720239120569387,0.090607565501615,34.0,36.0
ett2/15t/medium,Cobra-Agent,0.8526652620928503,0.087199681250367,34.0,23.0
ett2/15t/short,Cobra-Agent,0.7135236424278395,0.0617951333316603,24.0,21.0
ett2/d/short,Cobra-Agent,1.278239825795673,0.0924060342381872,36.0,49.0
ett2/h/long,Cobra-Agent,1.0074505483461624,0.1003998789190029,32.0,19.0
ett2/h/medium,Cobra-Agent,1.0324665098860677,0.1025000106186148,55.0,35.0
ett2/h/short,Cobra-Agent,0.7219098336285253,0.0631173337907806,28.0,27.0
ett2/w/short,Cobra-Agent,0.7743520004854404,0.0849493501803408,32.0,37.0
hierarchical_sales/d/short,Cobra-Agent,0.7402904665200934,0.5696660049433837,20.0,25.0
hierarchical_sales/w/short,Cobra-Agent,0.7131824214665202,0.3411400713887467,23.0,28.0
hospital/m/short,Cobra-Agent,0.7408952778665137,0.0491316060264865,12.0,22.0
jena_weather/10t/long,Cobra-Agent,0.6260501840034609,0.0472613437200545,31.0,23.0
jena_weather/10t/medium,Cobra-Agent,0.5738225055624472,0.0463088086107638,26.0,25.0
jena_weather/10t/short,Cobra-Agent,0.2558198947790364,0.0265043948602994,14.0,17.0
jena_weather/d/short,Cobra-Agent,1.047650076563316,0.0445739499145737,51.0,23.0
jena_weather/h/long,Cobra-Agent,0.9254794305307762,0.0536961253395327,33.0,35.0
jena_weather/h/medium,Cobra-Agent,0.7610603896480426,0.0486956490638,34.0,22.0
jena_weather/h/short,Cobra-Agent,0.5118493582430044,0.0402484273471273,7.0,15.0
kdd_cup_2018/d/short,Cobra-Agent,1.1850936235712866,0.3706196845067318,30.0,20.0
kdd_cup_2018/h/long,Cobra-Agent,1.0147482120436373,0.4390809716069442,51.0,37.0
kdd_cup_2018/h/medium,Cobra-Agent,1.02426975098882,0.4137016812873995,30.0,30.0
kdd_cup_2018/h/short,Cobra-Agent,0.916723649185787,0.3668487259485606,31.0,30.0
loop_seattle/5t/long,Cobra-Agent,0.8196438750442822,0.0721755806693191,41.0,39.0
loop_seattle/5t/medium,Cobra-Agent,0.7530033290675884,0.0663077513963328,37.0,37.0
loop_seattle/5t/short,Cobra-Agent,0.5320767067434304,0.0452264350249032,12.0,11.0
loop_seattle/d/short,Cobra-Agent,0.8586530392415146,0.0411419108978183,14.0,13.0
loop_seattle/h/long,Cobra-Agent,0.8377779413730148,0.0567071689197559,24.0,20.0
loop_seattle/h/medium,Cobra-Agent,0.8396709298403382,0.0576205897270614,21.0,20.0
loop_seattle/h/short,Cobra-Agent,0.7773000641594126,0.0540657243225426,24.0,24.0
m4_daily/d/short,Cobra-Agent,3.2208983560581292,0.0210721935910803,38.0,30.0
m4_hourly/h/short,Cobra-Agent,0.6587728439941891,0.0187402611371633,16.0,11.0
m4_monthly/m/short,Cobra-Agent,0.9016228451956144,0.0897800750892587,16.0,18.0
m4_quarterly/q/short,Cobra-Agent,1.1241027190099804,0.07144621960168,12.0,9.0
m4_weekly/w/short,Cobra-Agent,1.8707477577500409,0.0350060719571908,21.0,12.0
m4_yearly/a/short,Cobra-Agent,3.22914560418537,0.1114137106248268,42.0,31.0
m_dense/d/short,Cobra-Agent,0.6099786922718831,0.0577220237277333,10.0,10.0
m_dense/h/long,Cobra-Agent,0.66010064311918,0.1097014303243575,9.0,17.0
m_dense/h/medium,Cobra-Agent,0.6659622862176511,0.1109335628779704,12.0,12.0
m_dense/h/short,Cobra-Agent,0.749766169621776,0.1227008628602359,20.0,16.0
restaurant/d/short,Cobra-Agent,0.6757236793225092,0.2532734221403078,14.0,12.0
saugeen/d/short,Cobra-Agent,2.909556930375672,0.3430788757280293,59.0,48.0
saugeen/m/short,Cobra-Agent,0.7214347560958729,0.288580176610184,34.0,39.0
saugeen/w/short,Cobra-Agent,1.1820029774761946,0.3479499590905654,43.0,31.0
solar/10t/long,Cobra-Agent,0.7907955375067457,0.2916848128099574,25.0,25.0
solar/10t/medium,Cobra-Agent,0.7941517308691854,0.2943754325524111,24.0,19.0
solar/10t/short,Cobra-Agent,0.8768474613499965,0.4319868947415798,49.0,41.0
solar/d/short,Cobra-Agent,0.9623062047520706,0.2714513406957849,26.0,22.0
solar/h/long,Cobra-Agent,0.8780170925274874,0.2994297088782047,46.0,42.0
solar/h/medium,Cobra-Agent,0.8293465181054155,0.294211202667424,42.0,34.0
solar/h/short,Cobra-Agent,0.8171535416568222,0.2946904276185285,41.0,37.0
solar/w/short,Cobra-Agent,1.1229185500372338,0.1508074987848607,62.0,57.0
sz_taxi/15t/long,Cobra-Agent,0.50402428963298,0.1965688516115018,15.0,21.0
sz_taxi/15t/medium,Cobra-Agent,0.5326918803865833,0.2003986703876833,12.0,14.0
sz_taxi/15t/short,Cobra-Agent,0.5394353526173814,0.1985510153169321,12.0,12.0
sz_taxi/h/short,Cobra-Agent,0.5573643839965391,0.133909315655202,10.0,8.0
temperature_rain/d/short,Cobra-Agent,1.3214112522679378,0.5416794856432824,29.0,22.0
us_births/d/short,Cobra-Agent,0.3132424938037093,0.0161996292612044,15.0,24.0
us_births/m/short,Cobra-Agent,0.6039955553307755,0.012334032836071,32.0,26.0
us_births/w/short,Cobra-Agent,0.9334445091747308,0.010840463102797,35.0,32.0
us_births/w/short,Credence,0.9851020567651092,0.0114950809119034,46.0,38.0
us_births/m/short,Credence,0.5927523081570498,0.0121912972609037,27.0,24.0
us_births/d/short,Credence,0.3200498161163475,0.0166073216704578,30.0,37.0
loop_seattle/5t/short,Credence,0.5475653017247267,0.046666592479568,45.0,43.0
temperature_rain/d/short,Credence,1.312655580709039,0.5384378173256141,22.0,15.0
solar/w/short,Credence,1.1135661677897826,0.1497513276177165,60.0,55.0
solar/h/short,Credence,0.8363616938018386,0.3019224000982395,50.0,43.0
solar/h/medium,Credence,0.8733596288079221,0.3049686628354273,67.0,44.0
solar/h/long,Credence,0.8883293339654287,0.3027778017842999,51.0,46.0
solar/d/short,Credence,0.9622487048832769,0.2727683754731639,25.0,36.0
loop_seattle/5t/medium,Credence,0.8083730075140683,0.0712110132308835,70.0,63.0
solar/10t/short,Credence,0.9660921516137636,0.4850725346939111,68.0,59.0
solar/10t/medium,Credence,0.8075838638230288,0.3076506932632776,38.0,36.0
solar/10t/long,Credence,0.806373794011146,0.3004464647174967,48.0,36.0
saugeen/w/short,Credence,1.1970570094750177,0.3549256255928071,53.0,49.0
saugeen/m/short,Credence,0.7254962333638438,0.2914497072091879,45.0,51.0
saugeen/d/short,Credence,2.8698198740037757,0.34336834472401,53.0,49.0
restaurant/d/short,Credence,0.6754662227188343,0.2535126833884472,13.0,16.0
m4_yearly/a/short,Credence,3.348256083413248,0.1159850722552321,66.0,55.0
m4_weekly/w/short,Credence,1.9494262628433383,0.0355313226845031,35.0,22.0
m4_quarterly/q/short,Credence,1.1560533456661968,0.0730603486459944,45.0,29.0
loop_seattle/5t/long,Credence,0.8769157370110361,0.0769831414611253,68.0,58.0
loop_seattle/d/short,Credence,0.8645312995221023,0.0413467592236592,26.0,24.0
loop_seattle/h/short,Credence,0.7653407189523878,0.053397624664013,22.0,21.0
loop_seattle/h/medium,Credence,0.8570583795027924,0.0591280586218912,28.0,29.0
m4_monthly/m/short,Credence,0.911137265745572,0.0908463760833482,31.0,31.0
m4_hourly/h/short,Credence,0.6964065261388817,0.0193950677953322,33.0,18.0
loop_seattle/h/long,Credence,0.8397277271999716,0.0573478836758817,29.0,27.0
m_dense/d/short,Credence,0.6401850558696381,0.0615580723755111,34.0,36.0
m4_daily/d/short,Credence,3.2512786127729063,0.0213278129148817,48.0,39.0
m_dense/h/short,Credence,0.7634620809393522,0.124939996791823,34.0,27.0
m_dense/h/medium,Credence,0.6750128309610246,0.1122475490247647,24.0,28.0
m_dense/h/long,Credence,0.6635170516510428,0.1100515768545268,16.0,22.0
sz_taxi/15t/short,Credence,0.5413397080011091,0.19921639274901,24.0,25.0
sz_taxi/15t/medium,Credence,0.5343902512638006,0.2012139307529757,33.0,28.0
sz_taxi/15t/long,Credence,0.5059875993489118,0.19733732948712,29.0,29.0
sz_taxi/h/short,Credence,0.560501863683958,0.1347439370575583,39.0,27.0
kdd_cup_2018/h/short,Credence,0.9232946272744946,0.3710878009084027,39.0,44.0
kdd_cup_2018/h/medium,Credence,1.0231086828735965,0.4151927584293543,29.0,33.0
kdd_cup_2018/h/long,Credence,0.9993973293827084,0.4358402935082522,32.0,33.0
kdd_cup_2018/d/short,Credence,1.1952953836900295,0.3745884812598347,62.0,44.0
hospital/m/short,Credence,0.7534969901084262,0.0507050420998614,38.0,40.0
hierarchical_sales/w/short,Credence,0.7153194852123632,0.3430515558311208,30.0,38.0
hierarchical_sales/d/short,Credence,0.7405168655034932,0.5677235036013336,24.0,14.0
electricity/w/short,Credence,1.3913983663991645,0.0462175338667862,15.0,12.0
electricity/h/short,Credence,0.8772902814770303,0.0621398264212455,19.0,14.0
electricity/h/medium,Credence,1.0428183929415498,0.0725965910942892,32.0,28.0
electricity/h/long,Credence,1.162282757241916,0.0844907078904395,41.0,39.0
electricity/d/short,Credence,1.3495531914085952,0.0530085170702514,9.0,12.0
electricity/15t/short,Credence,0.9636366174137868,0.0824734584911883,50.0,48.0
electricity/15t/medium,Credence,0.8166610134195745,0.0718116872997907,40.0,32.0
car_parts/m/short,Credence,0.8370634232671614,0.9442805842923128,39.0,23.0
covid_deaths/d/short,Credence,34.97108897386375,0.0332223766375904,66.0,49.0
electricity/15t/long,Credence,0.8642380743404394,0.072019430679284,38.0,32.0
jena_weather/h/short,Credence,0.5210019579149167,0.0410170844176853,41.0,38.0
jena_weather/h/medium,Credence,0.7456613391720759,0.048266333434796,13.0,14.0
jena_weather/h/long,Credence,0.9077538308252998,0.0527197180361108,27.0,20.0
jena_weather/d/short,Credence,0.993764523891108,0.0442423039753104,14.0,15.0
jena_weather/10t/short,Credence,0.270777022191716,0.02761533605366,41.0,47.0
jena_weather/10t/medium,Credence,0.5982117847501426,0.047500078540723,48.0,38.0
jena_weather/10t/long,Credence,0.6463866061709543,0.0481296974116412,59.0,38.0
ett2/w/short,Credence,0.7712872750954578,0.0838463058424407,28.0,27.0
ett2/h/short,Credence,0.7239941760542563,0.0634484642013591,35.0,36.0
ett2/h/medium,Credence,1.032354057589049,0.1027503914161881,54.0,37.0
ett2/h/long,Credence,1.0217813610000894,0.1023912225353684,44.0,35.0
ett2/d/short,Credence,1.2724323302823013,0.0919833081403569,31.0,44.0
ett2/15t/short,Credence,0.7270627958244034,0.0635400224433959,42.0,43.0
ett2/15t/medium,Credence,0.8610712135269182,0.0882696973133439,46.0,44.0
ett2/15t/long,Credence,0.8782253118995644,0.0908933322196685,45.0,41.0
ett1/w/short,Credence,1.56493604769043,0.2615168529332002,59.0,49.0
ett1/h/short,Credence,0.7993522891032343,0.1730752221387376,31.0,30.0
ett1/h/medium,Credence,1.262242807376277,0.2561545978609634,48.0,49.0
ett1/h/long,Credence,1.354360857478644,0.2626825118937754,40.0,33.0
ett1/d/short,Credence,1.673025958477084,0.2750866622653525,52.0,41.0
ett1/15t/short,Credence,0.6776549174663714,0.1549280622376702,42.0,28.0
ett1/15t/medium,Credence,0.9725446187423444,0.2276705717681897,28.0,28.0
ett1/15t/long,Credence,0.9781559345058916,0.2283506526815112,31.0,31.0
bizitobs_service/10s/short,Credence,0.7237281656425067,0.0102522762966693,37.0,31.0
bizitobs_service/10s/medium,Credence,0.9647815539561216,0.0171279994072628,17.0,6.0
bizitobs_service/10s/long,Credence,1.3370194159847175,0.0511425679137608,54.0,26.0
bizitobs_l2c/h/short,Credence,0.4394223234234872,0.18519021372096,51.0,42.0
bizitobs_l2c/h/medium,Credence,0.4873970959919829,0.2310097444693461,36.0,33.0
bizitobs_l2c/h/long,Credence,0.567811158897224,0.2596866164869739,53.0,39.0
bizitobs_l2c/5t/short,Credence,0.2621130758069449,0.0688893920556652,43.0,36.0
bizitobs_l2c/5t/medium,Credence,0.5466309265585393,0.2268416466401471,50.0,44.0
bizitobs_l2c/5t/long,Credence,0.5920033658093712,0.2614738984058291,49.0,43.0
bizitobs_application/10s/short,Credence,1.0363998400381071,0.0096277158253017,36.0,28.0
bizitobs_application/10s/medium,Credence,2.1562148620175603,0.030324168755055,32.0,21.0
bizitobs_application/10s/long,Credence,3.1371308382989205,0.0507197215737891,35.0,31.0
bitbrains_rnd/h/short,Credence,5.821635419912829,0.6166622943900338,53.0,45.0
bitbrains_rnd/5t/short,Credence,1.6432523465160396,0.4011742240141638,50.0,48.0
bitbrains_rnd/5t/medium,Credence,4.388420485709358,0.7392441131936254,48.0,102.0
bitbrains_fast_storage/5t/short,Credence,0.6797086451842964,0.3834838314310236,52.0,41.0
bitbrains_rnd/5t/long,Credence,3.314314874292069,0.6916969658437743,53.0,80.0
bitbrains_fast_storage/h/short,Credence,1.0135300721552434,0.7365040793156743,44.0,95.0
bitbrains_fast_storage/5t/medium,Credence,0.982785470940544,0.6860463744559588,54.0,75.0
bitbrains_fast_storage/5t/long,Credence,0.8960704218847759,0.7373601867620561,51.0,73.0
bitbrains_fast_storage/5t/short,DLinear,1.48,0.577,127.0,113.0
bitbrains_fast_storage/h/short,DLinear,2.65,0.803,126.0,103.0
bitbrains_rnd/5t/short,DLinear,2.63,0.571,126.0,114.0
bitbrains_rnd/h/short,DLinear,8.5,1.07,127.0,122.0
bizitobs_application/10s/short,DLinear,7.65,0.0792,127.0,128.0
bizitobs_l2c/5t/short,DLinear,0.243,0.0804,29.0,95.0
bizitobs_l2c/h/short,DLinear,0.64,0.336,103.0,109.0
bizitobs_service/10s/short,DLinear,1.87,0.0316,108.0,111.0
car_parts/m/short,DLinear,0.997,1.26,105.0,112.0
covid_deaths/d/short,DLinear,33.2,0.063,49.0,98.0
electricity/15t/short,DLinear,1.64,0.177,116.0,122.0
electricity/d/short,DLinear,3.56,0.169,128.0,128.0
electricity/h/short,DLinear,1.31,0.112,120.0,123.0
electricity/w/short,DLinear,1.84,0.111,103.0,122.0
ett1/15t/short,DLinear,0.804,0.233,106.0,113.0
ett1/d/short,DLinear,1.98,0.376,125.0,117.0
ett1/h/short,DLinear,0.945,0.256,116.0,122.0
ett1/w/short,DLinear,2.16,0.447,125.0,125.0
ett2/15t/short,DLinear,0.937,0.102,113.0,122.0
ett2/d/short,DLinear,3.25,0.218,128.0,128.0
ett2/h/short,DLinear,0.817,0.0877,109.0,115.0
ett2/w/short,DLinear,1.93,0.194,123.0,121.0
hierarchical_sales/d/short,DLinear,0.86,0.817,119.0,120.0
hierarchical_sales/w/short,DLinear,0.993,0.582,122.0,123.0
hospital/m/short,DLinear,0.811,0.0765,103.0,121.0
jena_weather/10t/short,DLinear,1.96,0.129,128.0,122.0
jena_weather/d/short,DLinear,1.6,0.073,117.0,115.0
jena_weather/h/short,DLinear,0.982,0.086,126.0,120.0
kdd_cup_2018/d/short,DLinear,1.23,0.482,110.0,118.0
kdd_cup_2018/h/short,DLinear,1.13,0.581,116.0,125.0
loop_seattle/5t/short,DLinear,0.895,0.0987,127.0,126.0
loop_seattle/d/short,DLinear,0.9,0.0535,84.0,115.0
loop_seattle/h/short,DLinear,1.13,0.0987,119.0,121.0
m_dense/d/short,DLinear,1.01,0.123,117.0,118.0
m_dense/h/short,DLinear,1.04,0.214,117.0,118.0
m4_daily/d/short,DLinear,3.42,0.0288,94.0,114.0
m4_hourly/h/short,DLinear,1.69,0.0553,112.0,122.0
m4_monthly/m/short,DLinear,1.13,0.129,113.0,118.0
m4_quarterly/q/short,DLinear,1.46,0.11,114.0,122.0
m4_weekly/w/short,DLinear,4.64,0.0696,123.0,126.0
m4_yearly/a/short,DLinear,4.16,0.168,113.0,120.0
restaurant/d/short,DLinear,0.706,0.34,92.0,116.0
saugeen/d/short,DLinear,4.2,0.613,127.0,128.0
saugeen/m/short,DLinear,0.955,0.49,121.0,126.0
saugeen/w/short,DLinear,1.81,0.673,121.0,122.0
solar/10t/short,DLinear,1.24,0.824,113.0,115.0
solar/d/short,DLinear,1.03,0.383,109.0,118.0
solar/h/short,DLinear,1.06,0.507,122.0,123.0
solar/w/short,DLinear,1.13,0.21,65.0,105.0
sz_taxi/15t/short,DLinear,0.582,0.271,111.0,118.0
sz_taxi/h/short,DLinear,0.667,0.201,122.0,123.0
temperature_rain/d/short,DLinear,1.83,0.83,121.0,124.0
us_births/d/short,DLinear,0.645,0.0411,114.0,117.0
us_births/m/short,DLinear,1.17,0.0322,120.0,121.0
us_births/w/short,DLinear,1.46,0.0218,111.0,123.0
bitbrains_fast_storage/5t/medium,DLinear,3.33,0.967,125.0,120.0
bitbrains_rnd/5t/medium,DLinear,7.08,1.01,125.0,121.0
bizitobs_application/10s/medium,DLinear,3.88,0.0563,104.0,109.0
bizitobs_l2c/5t/medium,DLinear,0.894,0.49,111.0,119.0
bizitobs_l2c/h/medium,DLinear,0.676,0.398,96.0,107.0
bizitobs_service/10s/medium,DLinear,2.23,0.0528,105.0,108.0
electricity/15t/medium,DLinear,1.31,0.142,117.0,122.0
electricity/h/medium,DLinear,2.26,0.206,125.0,124.0
ett1/15t/medium,DLinear,1.2,0.347,111.0,117.0
ett1/h/medium,DLinear,1.66,0.455,122.0,123.0
ett2/15t/medium,DLinear,1.21,0.151,123.0,123.0
ett2/h/medium,DLinear,1.36,0.166,122.0,121.0
jena_weather/10t/medium,DLinear,1.17,0.0983,127.0,122.0
jena_weather/h/medium,DLinear,0.997,0.0933,119.0,120.0
kdd_cup_2018/h/medium,DLinear,1.12,0.548,110.0,117.0
loop_seattle/5t/medium,DLinear,1.12,0.126,109.0,118.0
loop_seattle/h/medium,DLinear,1.2,0.104,118.0,122.0
m_dense/h/medium,DLinear,0.93,0.191,110.0,119.0
solar/10t/medium,DLinear,1.08,0.552,102.0,107.0
solar/h/medium,DLinear,1.17,0.552,121.0,120.0
sz_taxi/15t/medium,DLinear,0.629,0.296,120.0,122.0
electricity/15t/long,DLinear,1.24,0.129,116.0,116.0
electricity/h/long,DLinear,2.21,0.203,123.0,125.0
solar/10t/long,DLinear,1.18,0.585,105.0,109.0
solar/h/long,DLinear,1.35,0.612,119.0,121.0
kdd_cup_2018/h/long,DLinear,1.09,0.583,112.0,115.0
loop_seattle/5t/long,DLinear,1.17,0.131,112.0,118.0
loop_seattle/h/long,DLinear,1.03,0.0877,103.0,114.0
sz_taxi/15t/long,DLinear,0.841,0.396,126.0,123.0
m_dense/h/long,DLinear,1.24,0.259,121.0,122.0
ett1/15t/long,DLinear,1.19,0.343,105.0,113.0
ett1/h/long,DLinear,1.46,0.363,100.0,118.0
ett2/15t/long,DLinear,1.1,0.141,114.0,122.0
ett2/h/long,DLinear,1.58,0.165,127.0,120.0
jena_weather/10t/long,DLinear,0.912,0.0928,121.0,120.0
jena_weather/h/long,DLinear,1.9,0.139,124.0,121.0
bitbrains_fast_storage/5t/long,DLinear,3.47,1.33,126.0,126.0
bitbrains_rnd/5t/long,DLinear,6.35,1.3,126.0,126.0
bizitobs_application/10s/long,DLinear,4.25,0.0701,100.0,107.0
bizitobs_service/10s/long,DLinear,2.29,0.0674,103.0,106.0
bizitobs_l2c/5t/long,DLinear,1.12,0.653,92.0,112.0
bizitobs_l2c/h/long,DLinear,0.744,0.422,98.0,105.0
bitbrains_fast_storage/5t/long,DeOSAlphaTimeGPTPredictor-2025,0.9039245531592373,0.6717524145217136,58.0,40.0
bitbrains_fast_storage/5t/medium,DeOSAlphaTimeGPTPredictor-2025,0.9944598806113676,0.638447648013664,62.0,56.0
bitbrains_fast_storage/5t/short,DeOSAlphaTimeGPTPredictor-2025,0.6903232578959704,0.3799864694504142,60.0,39.0
bitbrains_fast_storage/h/short,DeOSAlphaTimeGPTPredictor-2025,1.009603623087645,0.6829068010829976,43.0,80.0
bitbrains_rnd/5t/long,DeOSAlphaTimeGPTPredictor-2025,3.3142125023001303,0.6315904645719728,52.0,54.0
bitbrains_rnd/5t/medium,DeOSAlphaTimeGPTPredictor-2025,4.393525889829723,0.6035812787955468,51.0,29.0
bitbrains_rnd/5t/short,DeOSAlphaTimeGPTPredictor-2025,1.6544388112624189,0.4043434461782052,62.0,53.0
bitbrains_rnd/h/short,DeOSAlphaTimeGPTPredictor-2025,5.781759136287309,0.6090687621404847,25.0,33.0
bizitobs_application/10s/long,DeOSAlphaTimeGPTPredictor-2025,3.162220056910506,0.0518335702120657,40.0,42.0
bizitobs_application/10s/medium,DeOSAlphaTimeGPTPredictor-2025,2.1551507567526325,0.0325714349844322,31.0,38.0
bizitobs_application/10s/short,DeOSAlphaTimeGPTPredictor-2025,1.0240725901806635,0.0094654873952388,30.0,17.0
bizitobs_l2c/5t/long,DeOSAlphaTimeGPTPredictor-2025,0.5177408840924764,0.2303326741032111,34.0,29.0
bizitobs_l2c/5t/medium,DeOSAlphaTimeGPTPredictor-2025,0.5193918306440176,0.2138909951699932,42.0,34.0
bizitobs_l2c/5t/short,DeOSAlphaTimeGPTPredictor-2025,0.2639866333364688,0.0695590088467413,45.0,44.0
bizitobs_l2c/h/long,DeOSAlphaTimeGPTPredictor-2025,0.5469474777486598,0.2475699455709395,21.0,8.0
bizitobs_l2c/h/medium,DeOSAlphaTimeGPTPredictor-2025,0.4704569255579601,0.2210817991528417,10.0,9.0
bizitobs_l2c/h/short,DeOSAlphaTimeGPTPredictor-2025,0.4260981553127596,0.1794814801636564,27.0,20.0
bizitobs_service/10s/long,DeOSAlphaTimeGPTPredictor-2025,1.2985016180215645,0.0504752741990077,29.0,13.0
bizitobs_service/10s/medium,DeOSAlphaTimeGPTPredictor-2025,0.959052944028702,0.0176982060024051,14.0,10.0
bizitobs_service/10s/short,DeOSAlphaTimeGPTPredictor-2025,0.7260925792297359,0.0102088332148307,40.0,29.0
car_parts/m/short,DeOSAlphaTimeGPTPredictor-2025,0.8384127237589359,0.9328574448342613,44.0,10.0
covid_deaths/d/short,DeOSAlphaTimeGPTPredictor-2025,33.916951071636554,0.0318142486010112,55.0,41.0
electricity/15t/long,DeOSAlphaTimeGPTPredictor-2025,0.9040155318285896,0.0744503162737454,65.0,49.0
electricity/15t/medium,DeOSAlphaTimeGPTPredictor-2025,0.8556548344189464,0.075220885227914,68.0,50.0
electricity/15t/short,DeOSAlphaTimeGPTPredictor-2025,1.058141028103078,0.0908779875964112,76.0,72.0
electricity/d/short,DeOSAlphaTimeGPTPredictor-2025,1.3763940062284636,0.0541253911098478,35.0,35.0
electricity/h/long,DeOSAlphaTimeGPTPredictor-2025,1.144049401490494,0.0797614087234104,29.0,19.0
electricity/h/medium,DeOSAlphaTimeGPTPredictor-2025,1.0456241708076948,0.0711945876650941,37.0,8.0
electricity/h/short,DeOSAlphaTimeGPTPredictor-2025,0.907477782298134,0.0638134616449798,41.0,28.0
electricity/w/short,DeOSAlphaTimeGPTPredictor-2025,1.3635557497399038,0.0435537931420318,6.0,4.0
ett1/15t/long,DeOSAlphaTimeGPTPredictor-2025,1.0044400796193644,0.2298512894396297,48.0,36.0
ett1/15t/medium,DeOSAlphaTimeGPTPredictor-2025,0.9899225182223956,0.229325114152997,49.0,33.0
ett1/15t/short,DeOSAlphaTimeGPTPredictor-2025,0.6751031107377107,0.1564244510866135,33.0,35.0
ett1/d/short,DeOSAlphaTimeGPTPredictor-2025,1.6288935332389554,0.2761893641170094,25.0,49.0
ett1/h/long,DeOSAlphaTimeGPTPredictor-2025,1.3206593911042752,0.2578267857296145,12.0,17.0
ett1/h/medium,DeOSAlphaTimeGPTPredictor-2025,1.2267932617041877,0.247674212320023,12.0,16.0
ett1/h/short,DeOSAlphaTimeGPTPredictor-2025,0.815035338079106,0.176046429435938,49.0,43.0
ett1/w/short,DeOSAlphaTimeGPTPredictor-2025,1.44414833699555,0.2374701464034756,12.0,7.0
ett2/15t/long,DeOSAlphaTimeGPTPredictor-2025,0.8656004641239669,0.0891468843006487,23.0,12.0
ett2/15t/medium,DeOSAlphaTimeGPTPredictor-2025,0.8470324155417513,0.0872080271714215,17.0,25.0
ett2/15t/short,DeOSAlphaTimeGPTPredictor-2025,0.7236933910825138,0.0628170015148041,33.0,37.0
ett2/d/short,DeOSAlphaTimeGPTPredictor-2025,1.2742572379270396,0.0919803776245741,33.0,43.0
ett2/h/long,DeOSAlphaTimeGPTPredictor-2025,1.0069646760456616,0.1006778193122508,30.0,22.0
ett2/h/medium,DeOSAlphaTimeGPTPredictor-2025,1.0031231116756554,0.1005857899848523,14.0,17.0
ett2/h/short,DeOSAlphaTimeGPTPredictor-2025,0.7202662092352479,0.0627255436134226,23.0,15.0
ett2/w/short,DeOSAlphaTimeGPTPredictor-2025,0.7651932745008136,0.0866468906016945,26.0,47.0
hierarchical_sales/d/short,DeOSAlphaTimeGPTPredictor-2025,0.73815801120245,0.5684473728224652,11.0,21.0
hierarchical_sales/w/short,DeOSAlphaTimeGPTPredictor-2025,0.7124265352172441,0.3398582822825932,20.0,16.0
hospital/m/short,DeOSAlphaTimeGPTPredictor-2025,0.7443310113747209,0.0478925258940901,20.0,9.0
jena_weather/10t/long,DeOSAlphaTimeGPTPredictor-2025,0.6241920999878635,0.0485058832880773,26.0,45.0
jena_weather/10t/medium,DeOSAlphaTimeGPTPredictor-2025,0.5942903710102938,0.0477371436132388,43.0,43.0
jena_weather/10t/short,DeOSAlphaTimeGPTPredictor-2025,0.263430629588461,0.0267050434528618,30.0,23.0
jena_weather/d/short,DeOSAlphaTimeGPTPredictor-2025,0.9881361987712975,0.0443666263226294,9.0,18.0
jena_weather/h/long,DeOSAlphaTimeGPTPredictor-2025,0.848679507700969,0.055113766359029,17.0,41.0
jena_weather/h/medium,DeOSAlphaTimeGPTPredictor-2025,0.7294967251342954,0.0497459464611579,9.0,33.0
jena_weather/h/short,DeOSAlphaTimeGPTPredictor-2025,0.5197023695631651,0.0408131511606115,36.0,25.0
kdd_cup_2018/d/short,DeOSAlphaTimeGPTPredictor-2025,1.1915478125323853,0.3752128249284896,46.0,50.0
kdd_cup_2018/h/long,DeOSAlphaTimeGPTPredictor-2025,1.0077571619741117,0.4398758686576078,41.0,41.0
kdd_cup_2018/h/medium,DeOSAlphaTimeGPTPredictor-2025,1.0355005771671983,0.4190070378888597,43.0,46.0
kdd_cup_2018/h/short,DeOSAlphaTimeGPTPredictor-2025,0.9326107374705868,0.3738848939158539,48.0,49.0
loop_seattle/5t/long,DeOSAlphaTimeGPTPredictor-2025,0.8026927443962691,0.0716467752323428,33.0,35.0
loop_seattle/5t/medium,DeOSAlphaTimeGPTPredictor-2025,0.7544920277888282,0.0672284141201331,41.0,46.0
loop_seattle/5t/short,DeOSAlphaTimeGPTPredictor-2025,0.5517518947080956,0.0473396646485846,53.0,48.0
loop_seattle/d/short,DeOSAlphaTimeGPTPredictor-2025,0.8626503798096022,0.0408819893951746,22.0,11.0
loop_seattle/h/long,DeOSAlphaTimeGPTPredictor-2025,0.8221961743620819,0.0569863230214646,17.0,24.0
loop_seattle/h/medium,DeOSAlphaTimeGPTPredictor-2025,0.7993525494125979,0.0553994187856082,13.0,14.0
loop_seattle/h/short,DeOSAlphaTimeGPTPredictor-2025,0.7249853379588023,0.0508351011425526,11.0,15.0
m4_daily/d/short,DeOSAlphaTimeGPTPredictor-2025,3.2334241675245994,0.0209845012924264,40.0,24.0
m4_hourly/h/short,DeOSAlphaTimeGPTPredictor-2025,0.7026456829966296,0.0199385865580746,35.0,27.0
m4_monthly/m/short,DeOSAlphaTimeGPTPredictor-2025,0.9049255926322908,0.0903060503082511,25.0,26.0
m4_quarterly/q/short,DeOSAlphaTimeGPTPredictor-2025,1.132598200096261,0.0722018678624429,18.0,18.0
m4_weekly/w/short,DeOSAlphaTimeGPTPredictor-2025,1.9898576085037936,0.0366340884948834,41.0,41.0
m4_yearly/a/short,DeOSAlphaTimeGPTPredictor-2025,2.9572461143373148,0.1069378729837085,7.0,14.0
m_dense/d/short,DeOSAlphaTimeGPTPredictor-2025,0.6614871883282976,0.062626791116415,48.0,45.0
m_dense/h/long,DeOSAlphaTimeGPTPredictor-2025,0.6618874921210435,0.1124662290163245,13.0,32.0
m_dense/h/medium,DeOSAlphaTimeGPTPredictor-2025,0.6623563249696179,0.1105687414326428,8.0,10.0
m_dense/h/short,DeOSAlphaTimeGPTPredictor-2025,0.7687776769784612,0.1277156153276595,45.0,46.0
restaurant/d/short,DeOSAlphaTimeGPTPredictor-2025,0.6778660814216722,0.2547745074993173,33.0,34.0
saugeen/d/short,DeOSAlphaTimeGPTPredictor-2025,2.7150354225147337,0.3288654873311478,23.0,24.0
saugeen/m/short,DeOSAlphaTimeGPTPredictor-2025,0.7143579153981151,0.2932331336151843,22.0,54.0
saugeen/w/short,DeOSAlphaTimeGPTPredictor-2025,1.1671291864276832,0.350148571341534,26.0,41.0
solar/10t/long,DeOSAlphaTimeGPTPredictor-2025,0.8186809213712213,0.3194498740412499,57.0,56.0
solar/10t/medium,DeOSAlphaTimeGPTPredictor-2025,0.8357536449135131,0.3317382103940774,57.0,57.0
solar/10t/short,DeOSAlphaTimeGPTPredictor-2025,1.0192779366614757,0.5199798844919598,76.0,71.0
solar/d/short,DeOSAlphaTimeGPTPredictor-2025,0.9561017212942808,0.2727292479834795,12.0,35.0
solar/h/long,DeOSAlphaTimeGPTPredictor-2025,0.825937782884831,0.2865499096506829,32.0,30.0
solar/h/medium,DeOSAlphaTimeGPTPredictor-2025,0.7835878401920398,0.2850024227849284,34.0,33.0
solar/h/short,DeOSAlphaTimeGPTPredictor-2025,0.7440553016398815,0.2729467561494234,29.0,29.0
solar/w/short,DeOSAlphaTimeGPTPredictor-2025,0.8387951669406846,0.1223576421610313,8.0,8.0
sz_taxi/15t/long,DeOSAlphaTimeGPTPredictor-2025,0.5089470465511851,0.1980404579291058,54.0,39.0
sz_taxi/15t/medium,DeOSAlphaTimeGPTPredictor-2025,0.53719561770002,0.2022432887641494,57.0,48.0
sz_taxi/15t/short,DeOSAlphaTimeGPTPredictor-2025,0.5426127994831207,0.1997074672454658,38.0,36.0
sz_taxi/h/short,DeOSAlphaTimeGPTPredictor-2025,0.5624451478519223,0.1352493850038147,55.0,42.0
temperature_rain/d/short,DeOSAlphaTimeGPTPredictor-2025,1.327752004679803,0.5471146718345656,37.0,43.0
us_births/d/short,DeOSAlphaTimeGPTPredictor-2025,0.3429802957305001,0.0181763828379414,50.0,51.0
us_births/m/short,DeOSAlphaTimeGPTPredictor-2025,0.6016601079779709,0.0124333765361213,30.0,30.0
us_births/w/short,DeOSAlphaTimeGPTPredictor-2025,1.0174865839357723,0.0118816308320692,53.0,49.0
bitbrains_fast_storage/5t/long,EFG-base,0.8703285380800128,0.7042170531538452,32.0,55.0
bitbrains_fast_storage/5t/medium,EFG-base,0.9589058089692836,0.6962345852780683,39.0,78.0
bitbrains_fast_storage/5t/short,EFG-base,0.7546971265664578,0.4076777384640741,79.0,59.0
bitbrains_fast_storage/h/short,EFG-base,1.008609706467526,0.6640431116065315,42.0,68.0
bitbrains_rnd/5t/long,EFG-base,3.2834501103354317,0.6083005686030845,37.0,34.0
bitbrains_rnd/5t/medium,EFG-base,4.355883064073673,0.6783160366409824,33.0,88.0
bitbrains_rnd/5t/short,EFG-base,1.631342773936009,0.4278819528489623,43.0,68.0
bitbrains_rnd/h/short,EFG-base,5.7914201429652525,0.6335196456567801,32.0,59.0
bizitobs_application/10s/long,EFG-base,3.1349084547019697,0.0487466914009076,34.0,24.0
bizitobs_application/10s/medium,EFG-base,2.109378971470533,0.0298362512879547,23.0,20.0
bizitobs_application/10s/short,EFG-base,0.9369897451516666,0.0106266895915215,8.0,51.0
bizitobs_l2c/5t/long,EFG-base,0.8768135236335247,0.4163898344566069,77.0,80.0
bizitobs_l2c/5t/medium,EFG-base,0.6794056543507327,0.2999365541640153,79.0,74.0
bizitobs_l2c/5t/short,EFG-base,0.3272431552353826,0.0892083781736216,116.0,111.0
bizitobs_l2c/h/long,EFG-base,0.5666766973388675,0.2595340963004266,50.0,38.0
bizitobs_l2c/h/medium,EFG-base,0.4926207366543038,0.2318660417689334,49.0,37.0
bizitobs_l2c/h/short,EFG-base,0.4283333823677457,0.1831305303254519,31.0,29.0
bizitobs_service/10s/long,EFG-base,1.327247095374828,0.0514006278988255,49.0,31.0
bizitobs_service/10s/medium,EFG-base,1.002500029866255,0.018167166953795,36.0,13.0
bizitobs_service/10s/short,EFG-base,0.6752381455324662,0.0103204152314854,5.0,36.0
car_parts/m/short,EFG-base,0.8270178761515397,0.9468581611920388,18.0,26.0
covid_deaths/d/short,EFG-base,44.196687161240334,0.0422934043800464,106.0,73.0
electricity/15t/long,EFG-base,0.8626335291957868,0.0731576262429077,35.0,39.0
electricity/15t/medium,EFG-base,0.8108850847736782,0.0724386549345221,34.0,37.0
electricity/15t/short,EFG-base,0.9879113140385386,0.0845319776887517,58.0,56.0
electricity/d/short,EFG-base,1.3653329089055193,0.0532875600416255,25.0,18.0
electricity/h/long,EFG-base,1.1271549839460415,0.0790121539171838,18.0,15.0
electricity/h/medium,EFG-base,1.0376224427143463,0.0725348758510138,25.0,25.0
electricity/h/short,EFG-base,1.0075165975911002,0.0735772576207421,84.0,87.0
electricity/w/short,EFG-base,1.5458819916362725,0.0507323885565788,64.0,56.0
ett1/15t/long,EFG-base,0.9877045998757736,0.2279833465884416,34.0,30.0
ett1/15t/medium,EFG-base,0.9774851261724248,0.2273351807658311,33.0,26.0
ett1/15t/short,EFG-base,0.6469445943141648,0.1478043071577446,3.0,4.0
ett1/d/short,EFG-base,1.6851209746674978,0.2723919544490902,66.0,26.0
ett1/h/long,EFG-base,1.5271799736884826,0.2995957342943809,115.0,88.0
ett1/h/medium,EFG-base,1.366012066140845,0.2758501104150889,98.0,80.0
ett1/h/short,EFG-base,0.8074530930877977,0.1756509046095645,37.0,38.0
ett1/w/short,EFG-base,1.5950729839580902,0.2808713150638092,72.0,81.0
ett2/15t/long,EFG-base,0.8859911503845249,0.0918680089517634,50.0,52.0
ett2/15t/medium,EFG-base,0.8492725535949535,0.0874939432462757,26.0,35.0
ett2/15t/short,EFG-base,0.7192777861351491,0.0625859881463397,30.0,34.0
ett2/d/short,EFG-base,1.7818252508005197,0.1012065795727697,119.0,91.0
ett2/h/long,EFG-base,0.961339568486397,0.0952812746771837,4.0,5.0
ett2/h/medium,EFG-base,0.97126921794787,0.0950004146391661,5.0,6.0
ett2/h/short,EFG-base,0.7032464423596334,0.0603517055657809,3.0,4.0
ett2/w/short,EFG-base,1.0670491078850295,0.0996928908002034,103.0,84.0
hierarchical_sales/d/short,EFG-base,0.7504179143134277,0.580583411759716,87.0,74.0
hierarchical_sales/w/short,EFG-base,0.7229061216486836,0.3480092701121832,56.0,60.0
hospital/m/short,EFG-base,0.7973893040411721,0.0564600644798984,98.0,91.0
jena_weather/10t/long,EFG-base,0.6317182401445102,0.0472283096706088,37.0,22.0
jena_weather/10t/medium,EFG-base,0.5802855062004045,0.0459201947791709,30.0,15.0
jena_weather/10t/short,EFG-base,0.275240523347322,0.0274700324360745,47.0,45.0
jena_weather/d/short,EFG-base,1.1183598789918925,0.0545841561025252,74.0,98.0
jena_weather/h/long,EFG-base,0.8014714525432582,0.0534418306955002,4.0,33.0
jena_weather/h/medium,EFG-base,0.7517919050054536,0.0502008730696923,19.0,36.0
jena_weather/h/short,EFG-base,0.5213757060101597,0.0429586081410992,43.0,65.0
kdd_cup_2018/d/short,EFG-base,1.211964213476986,0.3788573064205848,94.0,69.0
kdd_cup_2018/h/long,EFG-base,0.9674363941885652,0.4221041628577058,25.0,27.0
kdd_cup_2018/h/medium,EFG-base,0.9897051323448902,0.3975145710607465,23.0,25.0
kdd_cup_2018/h/short,EFG-base,0.913593358636387,0.3686972924572961,28.0,34.0
loop_seattle/5t/long,EFG-base,0.8428206911621209,0.0752470947276245,53.0,51.0
loop_seattle/5t/medium,EFG-base,0.7563548855333075,0.0671928808800586,43.0,44.0
loop_seattle/5t/short,EFG-base,0.5680230062158662,0.0486671862129148,77.0,66.0
loop_seattle/d/short,EFG-base,0.89126096366693,0.0426054444196175,75.0,55.0
loop_seattle/h/long,EFG-base,0.8580134769221276,0.059142248481781,39.0,38.0
loop_seattle/h/medium,EFG-base,0.89903105853796,0.0628634564295673,43.0,48.0
loop_seattle/h/short,EFG-base,0.8213835223010492,0.0582184228515379,51.0,52.0
m4_daily/d/short,EFG-base,3.4204103187068076,0.0235431469721734,95.0,92.0
m4_hourly/h/short,EFG-base,0.7426220556045424,0.0232918432078848,53.0,63.0
m4_monthly/m/short,EFG-base,0.9820485998739747,0.0964120899487302,88.0,74.0
m4_quarterly/q/short,EFG-base,1.3334549853800626,0.0827434221706837,102.0,92.0
m4_weekly/w/short,EFG-base,2.303060611462038,0.0417382672997891,82.0,80.0
m4_yearly/a/short,EFG-base,4.269434855131007,0.1437888943624706,114.0,109.0
m_dense/d/short,EFG-base,0.8264362772183109,0.078730089446668,105.0,101.0
m_dense/h/long,EFG-base,0.7073237170034194,0.1196017590930551,60.0,66.0
m_dense/h/medium,EFG-base,0.714878662939848,0.1208751395778126,70.0,69.0
m_dense/h/short,EFG-base,0.7823251508767879,0.1323518689371891,57.0,63.0
restaurant/d/short,EFG-base,0.6706338101745729,0.2520854374702749,5.0,7.0
saugeen/d/short,EFG-base,2.769831199787453,0.3308716849756125,34.0,25.0
saugeen/m/short,EFG-base,0.7385009530407881,0.2938341284406493,64.0,55.0
saugeen/w/short,EFG-base,1.1865203547702523,0.3496628292665766,48.0,36.0
solar/10t/long,EFG-base,0.7897593649060634,0.2937013297588388,23.0,29.0
solar/10t/medium,EFG-base,0.8423875101831907,0.3112722032732403,62.0,40.0
solar/10t/short,EFG-base,0.923861338246764,0.4586324313449135,58.0,52.0
solar/d/short,EFG-base,0.9574201561009568,0.2684807145793955,14.0,13.0
solar/h/long,EFG-base,0.4267160779904737,0.1542225810928758,3.0,3.0
solar/h/medium,EFG-base,0.4111926848552501,0.1533145865157831,3.0,3.0
solar/h/short,EFG-base,0.4385143620733999,0.1660553755797033,10.0,10.0
solar/w/short,EFG-base,1.2276546513397606,0.1639818298782079,85.0,77.0
sz_taxi/15t/long,EFG-base,0.5029905085292942,0.1943903210537718,7.0,7.0
sz_taxi/15t/medium,EFG-base,0.5319430192954864,0.199700310829425,5.0,5.0
sz_taxi/15t/short,EFG-base,0.5427968356973067,0.199786389587721,41.0,37.0
sz_taxi/h/short,EFG-base,0.5673820360087384,0.1367015043151951,73.0,64.0
temperature_rain/d/short,EFG-base,1.3410441858670878,0.5516731982504793,53.0,53.0
us_births/d/short,EFG-base,0.3250362822653687,0.0167072892760315,35.0,39.0
us_births/m/short,EFG-base,0.7842848109171264,0.0160995492492102,95.0,87.0
us_births/w/short,EFG-base,1.0903318322994977,0.0129869039904286,66.0,68.0
bitbrains_fast_storage/5t/long,EXAONE-Forecast-Agent,0.8165893508828165,0.607447290173064,4.0,11.0
bitbrains_fast_storage/5t/medium,EXAONE-Forecast-Agent,0.9147410952854164,0.5825135517898654,5.0,12.0
bitbrains_fast_storage/5t/short,EXAONE-Forecast-Agent,0.6144031123067197,0.3510103561769142,5.0,14.0
bitbrains_fast_storage/h/short,EXAONE-Forecast-Agent,1.01579522379618,0.6273686313965873,45.0,40.0
bitbrains_rnd/5t/long,EXAONE-Forecast-Agent,3.2345343591301243,0.5763356847387787,2.0,14.0
bitbrains_rnd/5t/medium,EXAONE-Forecast-Agent,4.312590144426522,0.6148795350065023,6.0,43.0
bitbrains_rnd/5t/short,EXAONE-Forecast-Agent,1.5736635922814908,0.3738628492425512,12.0,15.0
bitbrains_rnd/h/short,EXAONE-Forecast-Agent,5.76618735336495,0.6634427037723596,15.0,79.0
bizitobs_application/10s/long,EXAONE-Forecast-Agent,3.230862017344616,0.0547339024718467,55.0,73.0
bizitobs_application/10s/medium,EXAONE-Forecast-Agent,2.480241851790498,0.0406860125948315,68.0,76.0
bizitobs_application/10s/short,EXAONE-Forecast-Agent,1.338740607580159,0.0163982022989199,75.0,84.0
bizitobs_l2c/5t/long,EXAONE-Forecast-Agent,0.4700214205546726,0.2082896129193617,15.0,16.0
bizitobs_l2c/5t/medium,EXAONE-Forecast-Agent,0.4545565628969074,0.1895885552198077,13.0,13.0
bizitobs_l2c/5t/short,EXAONE-Forecast-Agent,0.2191553122895936,0.0581092273223215,17.0,17.0
bizitobs_l2c/h/long,EXAONE-Forecast-Agent,0.5494210531364618,0.2526608708603701,25.0,24.0
bizitobs_l2c/h/medium,EXAONE-Forecast-Agent,0.4814188352921408,0.2284923492598523,22.0,22.0
bizitobs_l2c/h/short,EXAONE-Forecast-Agent,0.4246452758793203,0.1789861928480834,21.0,17.0
bizitobs_service/10s/long,EXAONE-Forecast-Agent,1.28427349475327,0.0524356878837465,17.0,54.0
bizitobs_service/10s/medium,EXAONE-Forecast-Agent,1.0377114610252436,0.0260580293878188,50.0,61.0
bizitobs_service/10s/short,EXAONE-Forecast-Agent,0.7654111065144434,0.0124489042954788,51.0,61.0
car_parts/m/short,EXAONE-Forecast-Agent,0.8225745028484741,0.9268279101163676,7.0,7.0
covid_deaths/d/short,EXAONE-Forecast-Agent,28.70152059233563,0.0243866769334697,3.0,3.0
electricity/15t/long,EXAONE-Forecast-Agent,0.837216236675962,0.0697838118646984,5.0,3.0
electricity/15t/medium,EXAONE-Forecast-Agent,0.7885446947001294,0.0696779904766637,5.0,4.0
electricity/15t/short,EXAONE-Forecast-Agent,0.9027895712632376,0.0769410080919266,22.0,15.0
electricity/d/short,EXAONE-Forecast-Agent,1.3493931286587788,0.0525307514119255,8.0,4.0
electricity/h/long,EXAONE-Forecast-Agent,1.1466752051249869,0.0834355870647707,30.0,30.0
electricity/h/medium,EXAONE-Forecast-Agent,1.0264030656419476,0.0719000734460206,15.0,16.0
electricity/h/short,EXAONE-Forecast-Agent,0.8803901990151581,0.0639563276243053,22.0,30.0
electricity/w/short,EXAONE-Forecast-Agent,1.590584782935322,0.0617838728087606,72.0,87.0
ett1/15t/long,EXAONE-Forecast-Agent,0.5752799655860678,0.1294890907894382,1.0,2.0
ett1/15t/medium,EXAONE-Forecast-Agent,0.5353329546628554,0.1236264227005495,1.0,1.0
ett1/15t/short,EXAONE-Forecast-Agent,0.6599471274393852,0.1518079470927302,8.0,12.0
ett1/d/short,EXAONE-Forecast-Agent,1.0427014836269322,0.1728668571599874,3.0,2.0
ett1/h/long,EXAONE-Forecast-Agent,0.8626028831310161,0.1680236272073542,1.0,1.0
ett1/h/medium,EXAONE-Forecast-Agent,0.7225360681427279,0.1488449424983858,1.0,1.0
ett1/h/short,EXAONE-Forecast-Agent,0.4967889338817784,0.1070268447120986,1.0,1.0
ett1/w/short,EXAONE-Forecast-Agent,1.452567132708759,0.2362587617425132,17.0,4.0
ett2/15t/long,EXAONE-Forecast-Agent,0.5387217478354971,0.0557748350106571,1.0,1.0
ett2/15t/medium,EXAONE-Forecast-Agent,0.4754154102268395,0.0485777641153893,1.0,1.0
ett2/15t/short,EXAONE-Forecast-Agent,0.7109545459672645,0.0619380885849239,21.0,24.0
ett2/d/short,EXAONE-Forecast-Agent,0.7860426249416207,0.0565815249055696,2.0,1.0
ett2/h/long,EXAONE-Forecast-Agent,0.6810501735770034,0.0679702101837411,1.0,1.0
ett2/h/medium,EXAONE-Forecast-Agent,0.6489606498440329,0.0655857511843054,1.0,1.0
ett2/h/short,EXAONE-Forecast-Agent,0.4598418221841555,0.0402965930014317,1.0,1.0
ett2/w/short,EXAONE-Forecast-Agent,0.7668986487037609,0.0794902476215175,27.0,8.0
hierarchical_sales/d/short,EXAONE-Forecast-Agent,0.7395539429248073,0.5683898845760337,14.0,19.0
hierarchical_sales/w/short,EXAONE-Forecast-Agent,0.712417046035767,0.3377736395566894,18.0,13.0
hospital/m/short,EXAONE-Forecast-Agent,0.7454718368230071,0.0488143634793185,22.0,19.0
jena_weather/10t/long,EXAONE-Forecast-Agent,0.6202969446515191,0.046315322211861,25.0,10.0
jena_weather/10t/medium,EXAONE-Forecast-Agent,0.5694324284027515,0.0454841869551108,13.0,8.0
jena_weather/10t/short,EXAONE-Forecast-Agent,0.3075191275900398,0.0306006011769959,81.0,73.0
jena_weather/d/short,EXAONE-Forecast-Agent,0.723538920589411,0.032032925017259,1.0,2.0
jena_weather/h/long,EXAONE-Forecast-Agent,0.9148702640840292,0.0521405980005496,31.0,14.0
jena_weather/h/medium,EXAONE-Forecast-Agent,0.7563354192075453,0.0486831983366412,26.0,21.0
jena_weather/h/short,EXAONE-Forecast-Agent,0.5149656226143146,0.0402177022572722,23.0,12.0
kdd_cup_2018/d/short,EXAONE-Forecast-Agent,1.177588878763287,0.3685993181460957,19.0,16.0
kdd_cup_2018/h/long,EXAONE-Forecast-Agent,0.7791098234621133,0.3481168277127806,13.0,12.0
kdd_cup_2018/h/medium,EXAONE-Forecast-Agent,0.7994044759578425,0.3282304663852728,10.0,9.0
kdd_cup_2018/h/short,EXAONE-Forecast-Agent,0.7201510720733216,0.294216431220955,11.0,11.0
loop_seattle/5t/long,EXAONE-Forecast-Agent,0.7804724819735382,0.0688579871398529,17.0,17.0
loop_seattle/5t/medium,EXAONE-Forecast-Agent,0.7207665009509027,0.0634344339229802,20.0,21.0
loop_seattle/5t/short,EXAONE-Forecast-Agent,0.5384091661099693,0.0457947473211401,24.0,20.0
loop_seattle/d/short,EXAONE-Forecast-Agent,0.6658012422112563,0.0326768478258818,3.0,4.0
loop_seattle/h/long,EXAONE-Forecast-Agent,0.8206394825797202,0.0553071132161102,14.0,12.0
loop_seattle/h/medium,EXAONE-Forecast-Agent,0.8323143264940532,0.0567796706021368,19.0,19.0
loop_seattle/h/short,EXAONE-Forecast-Agent,0.7652229954798779,0.0532507127031533,21.0,20.0
m4_daily/d/short,EXAONE-Forecast-Agent,3.190280375919688,0.0208207625072466,25.0,16.0
m4_hourly/h/short,EXAONE-Forecast-Agent,0.93593064269583,0.0230971873242084,85.0,59.0
m4_monthly/m/short,EXAONE-Forecast-Agent,0.8923216880998853,0.0896656627925096,7.0,15.0
m4_quarterly/q/short,EXAONE-Forecast-Agent,1.1237369490857538,0.0719696203283057,11.0,14.0
m4_weekly/w/short,EXAONE-Forecast-Agent,1.882467312815584,0.0350638221791401,25.0,17.0
m4_yearly/a/short,EXAONE-Forecast-Agent,2.9647387923019624,0.1050375001405176,8.0,7.0
m_dense/d/short,EXAONE-Forecast-Agent,0.5770367748694111,0.0569522805855291,5.0,8.0
m_dense/h/long,EXAONE-Forecast-Agent,0.5806453979201838,0.0947575732113815,2.0,3.0
m_dense/h/medium,EXAONE-Forecast-Agent,0.5356680026383712,0.0872194198852423,1.0,1.0
m_dense/h/short,EXAONE-Forecast-Agent,0.7475506085416832,0.1234155855663621,16.0,17.0
restaurant/d/short,EXAONE-Forecast-Agent,0.6744468579634759,0.2527373961283253,9.0,9.0
saugeen/d/short,EXAONE-Forecast-Agent,2.76953303207373,0.3336983296534301,33.0,34.0
saugeen/m/short,EXAONE-Forecast-Agent,0.7263667485655506,0.2882187273713493,47.0,37.0
saugeen/w/short,EXAONE-Forecast-Agent,1.1745944343982055,0.3474035622504851,34.0,28.0
solar/10t/long,EXAONE-Forecast-Agent,0.7909142878777301,0.2902962143387672,26.0,21.0
solar/10t/medium,EXAONE-Forecast-Agent,0.8134160382708558,0.3049546884291651,42.0,32.0
solar/10t/short,EXAONE-Forecast-Agent,0.8153425162173185,0.403641634638745,27.0,24.0
solar/d/short,EXAONE-Forecast-Agent,0.729588714415457,0.2031823781313838,3.0,4.0
solar/h/long,EXAONE-Forecast-Agent,0.3900631027409292,0.139347746631274,2.0,2.0
solar/h/medium,EXAONE-Forecast-Agent,0.3699036508255819,0.1361978473073926,2.0,2.0
solar/h/short,EXAONE-Forecast-Agent,0.3774798889325975,0.1414231344338138,2.0,1.0
solar/w/short,EXAONE-Forecast-Agent,0.9743738979901244,0.1338030958669155,18.0,17.0
sz_taxi/15t/long,EXAONE-Forecast-Agent,0.5031903865061237,0.1943915345646776,9.0,8.0
sz_taxi/15t/medium,EXAONE-Forecast-Agent,0.5316771362534475,0.1995888061193031,4.0,3.0
sz_taxi/15t/short,EXAONE-Forecast-Agent,0.540140004704699,0.1988680970203941,19.0,20.0
sz_taxi/h/short,EXAONE-Forecast-Agent,0.5579784511473075,0.1342651716077699,19.0,20.0
temperature_rain/d/short,EXAONE-Forecast-Agent,1.3126876126567726,0.5394813134403992,23.0,19.0
us_births/d/short,EXAONE-Forecast-Agent,0.2967164119409878,0.0150271827249169,3.0,2.0
us_births/m/short,EXAONE-Forecast-Agent,0.6536482721902824,0.0133441793788424,53.0,48.0
us_births/w/short,EXAONE-Forecast-Agent,0.9235146136442064,0.0108253909677814,32.0,31.0
bitbrains_fast_storage/5t/long,EXAONE-Forecast,0.8583468609808098,0.666400228699064,23.0,33.0
bitbrains_fast_storage/5t/medium,EXAONE-Forecast,0.9422374881109278,0.6190571114768769,25.0,38.0
bitbrains_fast_storage/5t/short,EXAONE-Forecast,0.6620164820420446,0.386292371383251,38.0,45.0
bitbrains_fast_storage/h/short,EXAONE-Forecast,1.0174863337644982,0.6733281080648943,46.0,78.0
bitbrains_rnd/5t/long,EXAONE-Forecast,3.2717464398466327,0.6007109571244893,27.0,30.0
bitbrains_rnd/5t/medium,EXAONE-Forecast,4.3481300468145205,0.6051565499813613,26.0,32.0
bitbrains_rnd/5t/short,EXAONE-Forecast,1.6221342073780285,0.3903919423619454,38.0,35.0
bitbrains_rnd/h/short,EXAONE-Forecast,5.806977147478336,0.6191017470477412,43.0,48.0
bizitobs_application/10s/long,EXAONE-Forecast,3.113627416855441,0.049676129940642,31.0,27.0
bizitobs_application/10s/medium,EXAONE-Forecast,2.1697769956285935,0.0320252959069845,33.0,31.0
bizitobs_application/10s/short,EXAONE-Forecast,0.924692353311433,0.009726919421,7.0,37.0
bizitobs_l2c/5t/long,EXAONE-Forecast,0.6580540832556516,0.289674198776519,67.0,58.0
bizitobs_l2c/5t/medium,EXAONE-Forecast,0.5528323132123358,0.2319055542142118,54.0,46.0
bizitobs_l2c/5t/short,EXAONE-Forecast,0.2593113726481825,0.0692958307091415,40.0,42.0
bizitobs_l2c/h/long,EXAONE-Forecast,0.5511069497031694,0.2509662997167972,29.0,19.0
bizitobs_l2c/h/medium,EXAONE-Forecast,0.4757674015767438,0.225168098960057,15.0,13.0
bizitobs_l2c/h/short,EXAONE-Forecast,0.445299602081955,0.1875461847901647,54.0,49.0
bizitobs_service/10s/long,EXAONE-Forecast,1.2897077643086594,0.0505002808832533,24.0,14.0
bizitobs_service/10s/medium,EXAONE-Forecast,0.971130000032243,0.0186188176737584,21.0,16.0
bizitobs_service/10s/short,EXAONE-Forecast,0.6747296253631457,0.0100069097064827,4.0,16.0
car_parts/m/short,EXAONE-Forecast,0.8307894270324122,0.9369908141387532,22.0,16.0
covid_deaths/d/short,EXAONE-Forecast,35.78318846549218,0.033871284452885,70.0,53.0
electricity/15t/long,EXAONE-Forecast,0.8418779996563466,0.0704302000589784,12.0,11.0
electricity/15t/medium,EXAONE-Forecast,0.793905163767913,0.0704337786388396,14.0,17.0
electricity/15t/short,EXAONE-Forecast,0.9714486339298236,0.0825740536950698,52.0,49.0
electricity/d/short,EXAONE-Forecast,1.358391089563311,0.0531508119796394,19.0,14.0
electricity/h/long,EXAONE-Forecast,1.1228531574286973,0.0797479519387829,15.0,18.0
electricity/h/medium,EXAONE-Forecast,1.0249834019843558,0.0715879974548138,13.0,14.0
electricity/h/short,EXAONE-Forecast,0.9765833414992122,0.0679670571987912,72.0,65.0
electricity/w/short,EXAONE-Forecast,1.420279138012977,0.0479732410138576,31.0,28.0
ett1/15t/long,EXAONE-Forecast,0.9620668635418352,0.2220433928910941,6.0,13.0
ett1/15t/medium,EXAONE-Forecast,0.9596148149654906,0.222802674101988,10.0,9.0
ett1/15t/short,EXAONE-Forecast,0.6568218131764582,0.1515029001655596,7.0,10.0
ett1/d/short,EXAONE-Forecast,1.6799264918512058,0.2758109779994574,59.0,47.0
ett1/h/long,EXAONE-Forecast,1.4411653364419994,0.275353625054309,94.0,64.0
ett1/h/medium,EXAONE-Forecast,1.2689041124712044,0.2545510800179553,56.0,44.0
ett1/h/short,EXAONE-Forecast,0.8011711427101466,0.1729999388032721,33.0,29.0
ett1/w/short,EXAONE-Forecast,1.5243186282847785,0.2578733859330968,37.0,40.0
ett2/15t/long,EXAONE-Forecast,0.8617020231842538,0.0892844782621644,16.0,16.0
ett2/15t/medium,EXAONE-Forecast,0.8484433415089321,0.0867280496542527,22.0,12.0
ett2/15t/short,EXAONE-Forecast,0.7264426766629464,0.0633011978296746,40.0,40.0
ett2/d/short,EXAONE-Forecast,1.3443159435163845,0.0930919675415423,79.0,58.0
ett2/h/long,EXAONE-Forecast,0.9668668024549512,0.0970326144631208,5.0,6.0
ett2/h/medium,EXAONE-Forecast,0.9723360502370736,0.0966593043767722,6.0,7.0
ett2/h/short,EXAONE-Forecast,0.709190943210693,0.061506571458269,5.0,8.0
ett2/w/short,EXAONE-Forecast,0.8487958981023181,0.0871508636807853,65.0,50.0
hierarchical_sales/d/short,EXAONE-Forecast,0.7441885586496155,0.5728584380203962,42.0,38.0
hierarchical_sales/w/short,EXAONE-Forecast,0.7145091269762883,0.3416352810773156,27.0,31.0
hospital/m/short,EXAONE-Forecast,0.7439706520084315,0.0493187118452292,19.0,24.0
jena_weather/10t/long,EXAONE-Forecast,0.6123555000031315,0.046267881631191,12.0,9.0
jena_weather/10t/medium,EXAONE-Forecast,0.5705195371064519,0.0459804754661913,20.0,18.0
jena_weather/10t/short,EXAONE-Forecast,0.2663443056919819,0.0272949538445443,36.0,38.0
jena_weather/d/short,EXAONE-Forecast,1.0452630138594832,0.0448926581055991,49.0,33.0
jena_weather/h/long,EXAONE-Forecast,0.8474407520172382,0.0514900752735481,15.0,7.0
jena_weather/h/medium,EXAONE-Forecast,0.7403557357780112,0.0485960381991591,12.0,19.0
jena_weather/h/short,EXAONE-Forecast,0.5130863787843385,0.0406568350648559,13.0,23.0
kdd_cup_2018/d/short,EXAONE-Forecast,1.193788429202199,0.3746585671118108,54.0,45.0
kdd_cup_2018/h/long,EXAONE-Forecast,0.982187470410357,0.4273021158118402,26.0,28.0
kdd_cup_2018/h/medium,EXAONE-Forecast,1.0104029809045394,0.411026386350703,26.0,27.0
kdd_cup_2018/h/short,EXAONE-Forecast,0.915097818850997,0.3686528855854697,29.0,33.0
loop_seattle/5t/long,EXAONE-Forecast,0.7852051653076958,0.0692834301010437,23.0,19.0
loop_seattle/5t/medium,EXAONE-Forecast,0.7239064110498562,0.0637977675109748,23.0,27.0
loop_seattle/5t/short,EXAONE-Forecast,0.5439527034033094,0.046381433195556,38.0,39.0
loop_seattle/d/short,EXAONE-Forecast,0.8671856193542583,0.0415689319030812,34.0,30.0
loop_seattle/h/long,EXAONE-Forecast,0.8321728175758439,0.0563941458552272,21.0,18.0
loop_seattle/h/medium,EXAONE-Forecast,0.8635127105954753,0.0589715387335056,34.0,28.0
loop_seattle/h/short,EXAONE-Forecast,0.7803505788723389,0.0543414512402777,28.0,26.0
m4_daily/d/short,EXAONE-Forecast,3.32203042826613,0.0220434972751554,76.0,62.0
m4_hourly/h/short,EXAONE-Forecast,0.6808442837124621,0.020148019951995,24.0,31.0
m4_monthly/m/short,EXAONE-Forecast,0.905856096384643,0.0900909058742656,27.0,25.0
m4_quarterly/q/short,EXAONE-Forecast,1.1393307662113163,0.0726250034100326,25.0,23.0
m4_weekly/w/short,EXAONE-Forecast,2.006043902949592,0.0360224522424955,48.0,28.0
m4_yearly/a/short,EXAONE-Forecast,3.345540424133541,0.1160700256557573,64.0,57.0
m_dense/d/short,EXAONE-Forecast,0.6496498514963558,0.0618437798643744,40.0,39.0
m_dense/h/long,EXAONE-Forecast,0.661069976459912,0.1092347145500999,10.0,13.0
m_dense/h/medium,EXAONE-Forecast,0.6626219427708516,0.1103973375726062,9.0,9.0
m_dense/h/short,EXAONE-Forecast,0.7670170552183925,0.1274480879293882,40.0,43.0
restaurant/d/short,EXAONE-Forecast,0.668999597184179,0.2505958262896913,1.0,2.0
saugeen/d/short,EXAONE-Forecast,2.774890055449778,0.3335903682889196,35.0,33.0
saugeen/m/short,EXAONE-Forecast,0.7245770645141905,0.2893110317773832,39.0,41.0
saugeen/w/short,EXAONE-Forecast,1.1760023043504586,0.3471630652470039,36.0,26.0
solar/10t/long,EXAONE-Forecast,0.7619011074847498,0.2836246712572349,9.0,8.0
solar/10t/medium,EXAONE-Forecast,0.8013211211932919,0.2997450329429625,33.0,28.0
solar/10t/short,EXAONE-Forecast,0.898391317465097,0.4413668634909437,55.0,45.0
solar/d/short,EXAONE-Forecast,0.96968504255666,0.2716497984306744,46.0,25.0
solar/h/long,EXAONE-Forecast,0.4775598140748666,0.1806317455634454,12.0,12.0
solar/h/medium,EXAONE-Forecast,0.4660793666876756,0.1806160192496725,11.0,12.0
solar/h/short,EXAONE-Forecast,0.5085049340709981,0.1907651868436434,15.0,14.0
solar/w/short,EXAONE-Forecast,1.204300646753101,0.1602180718838552,81.0,68.0
sz_taxi/15t/long,EXAONE-Forecast,0.501937597025816,0.1942542820342465,4.0,4.0
sz_taxi/15t/medium,EXAONE-Forecast,0.5316732895861751,0.1996675904425277,3.0,4.0
sz_taxi/15t/short,EXAONE-Forecast,0.541512560669561,0.1993334234980049,28.0,26.0
sz_taxi/h/short,EXAONE-Forecast,0.5604810771312932,0.1349061451993736,38.0,32.0
temperature_rain/d/short,EXAONE-Forecast,1.3357559398801866,0.5481827328017863,49.0,45.0
us_births/d/short,EXAONE-Forecast,0.3092008409433948,0.0160351959017941,12.0,19.0
us_births/m/short,EXAONE-Forecast,0.6182991947487042,0.0127641272123935,38.0,38.0
us_births/w/short,EXAONE-Forecast,1.0432706379041374,0.0122801077879124,56.0,54.0
m4_yearly/a/short,FFM,6.026356387392948,0.20076095840073,125.0,126.0
electricity/w/short,FFM,1.8805847993835016,0.081508000384765,107.0,105.0
ett1/w/short,FFM,1.5126805821746865,0.2739536872712902,32.0,70.0
ett2/w/short,FFM,1.095557593006039,0.1059153332406651,105.0,94.0
hierarchical_sales/w/short,FFM,0.7626060525804392,0.3596575849769412,102.0,89.0
m4_quarterly/q/short,FFM,1.4710379100983204,0.085708630613235,116.0,103.0
saugeen/w/short,FFM,1.365747917726296,0.4095872044176101,98.0,89.0
solar/w/short,FFM,1.925741705345728,0.2463057408245417,119.0,112.0
us_births/w/short,FFM,1.4098151092165498,0.0172200550397968,106.0,103.0
car_parts/m/short,FFM,0.9103871668813626,1.052012640208941,96.0,84.0
hospital/m/short,FFM,0.7790385271832528,0.0534192143184304,81.0,71.0
saugeen/m/short,FFM,0.7940762812593081,0.3171531672880446,110.0,89.0
us_births/m/short,FFM,0.5245094141501722,0.0115987792720624,15.0,17.0
m4_weekly/w/short,FFM,2.414611834147162,0.0432577809936919,91.0,86.0
m4_daily/d/short,FFM,3.374143800190436,0.0216356659615868,86.0,52.0
m4_monthly/m/short,FFM,1.0091579856600952,0.0991627463283623,96.0,87.0
covid_deaths/d/short,FFM,46.904010885616515,0.0782684232357989,114.0,107.0
electricity/d/short,FFM,1.6054804854258216,0.068224540412622,105.0,100.0
ett1/d/short,FFM,1.6736078025323005,0.2735838950507663,53.0,34.0
ett2/d/short,FFM,1.3815428403227308,0.0974665661668579,84.0,83.0
hierarchical_sales/d/short,FFM,0.7483529487185092,0.5758409194279211,73.0,48.0
jena_weather/d/short,FFM,1.3536151491401145,0.0534293361481155,108.0,96.0
kdd_cup_2018/d/short,FFM,1.1938691555283396,0.3711647520266537,55.0,22.0
loop_seattle/d/short,FFM,0.9696327838947864,0.0457407866549479,112.0,97.0
m_dense/d/short,FFM,0.7403552881165397,0.0724521549283885,88.0,83.0
restaurant/d/short,FFM,0.7294316943214855,0.2759202630807392,106.0,96.0
saugeen/d/short,FFM,3.1562061215585904,0.3976597760943255,96.0,95.0
solar/d/short,FFM,1.0520004141694028,0.3184198145879067,112.0,104.0
temperature_rain/d/short,FFM,1.3934424077537544,0.567642007080697,86.0,78.0
us_births/d/short,FFM,0.6524744239529675,0.0320536207323296,115.0,113.0
bitbrains_fast_storage/5t/short,FFM,0.9326270084326382,0.463407358503358,104.0,95.0
bitbrains_fast_storage/h/short,FFM,1.0932375246120123,0.6375167879850012,78.0,47.0
bitbrains_rnd/5t/short,FFM,1.8563746879976823,0.4464255401024889,101.0,85.0
bitbrains_rnd/h/short,FFM,5.97410615222248,0.6828458044182137,98.0,91.0
bizitobs_l2c/5t/short,FFM,0.44041353182042,0.1228494185421899,123.0,123.0
bizitobs_l2c/h/short,FFM,0.7503251404968043,0.3120950520320519,109.0,107.0
electricity/15t/short,FFM,3.129958320567258,0.2771596958297458,128.0,128.0
electricity/h/short,FFM,2.2099201640798336,0.1712242066367481,126.0,125.0
ett1/15t/short,FFM,1.653777378196805,0.3960202957496257,126.0,127.0
ett1/h/short,FFM,1.2160256044835422,0.2935843919706979,125.0,125.0
ett2/15t/short,FFM,1.5530101743371665,0.1174882301864607,128.0,126.0
ett2/h/short,FFM,1.0106281542260591,0.0877765442545518,121.0,117.0
jena_weather/10t/short,FFM,0.8951834347663801,0.0763646923649691,126.0,119.0
jena_weather/h/short,FFM,0.6232310056510915,0.0545251702412479,109.0,112.0
kdd_cup_2018/h/short,FFM,0.9735486174317144,0.3900756783894771,88.0,80.0
loop_seattle/5t/short,FFM,0.9604270961401266,0.0861734797988626,128.0,123.0
loop_seattle/h/short,FFM,1.1184708557691394,0.0787641159445654,118.0,113.0
m4_hourly/h/short,FFM,1.3621265265448046,0.0324300206252301,107.0,103.0
m_dense/h/short,FFM,1.5863930115142315,0.2836598322388975,125.0,125.0
solar/10t/short,FFM,1.8083853981916684,0.9498005857350588,127.0,123.0
solar/h/short,FFM,1.1951937423231926,0.4479010898221619,125.0,119.0
sz_taxi/15t/short,FFM,0.5634309962355036,0.2084980890974191,101.0,91.0
sz_taxi/h/short,FFM,0.5763611510668891,0.1398526647859214,98.0,87.0
bizitobs_application/10s/short,FFM,3.1094718662659244,0.0271495273155525,110.0,101.0
bizitobs_service/10s/short,FFM,1.7272001860040211,0.0258757074964484,106.0,105.0
bitbrains_fast_storage/5t/medium,FFM,1.2161009897283157,0.7909914275998953,105.0,99.0
bitbrains_rnd/5t/medium,FFM,4.681356695216211,0.6606272411448033,109.0,78.0
bizitobs_l2c/5t/medium,FFM,0.8149402153973799,0.3795743370696567,92.0,103.0
bizitobs_l2c/h/medium,FFM,0.7456420927931457,0.3646375749307775,104.0,104.0
electricity/15t/medium,FFM,1.4808995001872334,0.1241313186957523,122.0,119.0
electricity/h/medium,FFM,2.174867765901625,0.1728010326872306,124.0,123.0
ett1/15t/medium,FFM,1.376162914295835,0.3376573371960211,123.0,115.0
ett1/h/medium,FFM,2.1104927121975967,0.5464801119917947,127.0,125.0
ett2/15t/medium,FFM,1.46333640836688,0.1277753457739555,127.0,116.0
ett2/h/medium,FFM,2.405299738261849,0.1990072281921189,128.0,123.0
jena_weather/10t/medium,FFM,0.7036384464289958,0.071445635979173,106.0,112.0
jena_weather/h/medium,FFM,0.8785873572684332,0.0818883199494323,103.0,118.0
kdd_cup_2018/h/medium,FFM,1.1120831005939529,0.4359072499508115,106.0,78.0
loop_seattle/5t/medium,FFM,1.003943562886726,0.0903485393507555,95.0,93.0
loop_seattle/h/medium,FFM,1.1675833832381963,0.0807171356372815,115.0,106.0
m_dense/h/medium,FFM,2.095950817120103,0.3910936733211742,126.0,125.0
solar/10t/medium,FFM,1.7033299800969257,0.6579120639654515,116.0,113.0
solar/h/medium,FFM,1.0455738702578845,0.4255715531120286,114.0,113.0
sz_taxi/15t/medium,FFM,0.5682958840161885,0.2185596325047855,109.0,91.0
bizitobs_application/10s/medium,FFM,5.414393283793832,0.0601932814835999,108.0,110.0
bizitobs_service/10s/medium,FFM,2.9584254775977197,0.0613623681741826,109.0,111.0
bitbrains_fast_storage/5t/long,FFM,1.1014988906899956,0.7691787082924886,106.0,82.0
bitbrains_rnd/5t/long,FFM,3.575875218295355,0.6258167438851238,102.0,47.0
bizitobs_l2c/5t/long,FFM,0.9017646722802146,0.4321552316673211,81.0,81.0
bizitobs_l2c/h/long,FFM,0.85197018076168,0.4074497610384762,104.0,103.0
electricity/15t/long,FFM,1.5786287304181277,0.1329953217762604,123.0,119.0
electricity/h/long,FFM,2.556276400671459,0.2004605727449194,125.0,124.0
ett1/15t/long,FFM,1.4760885108467687,0.3608805126190987,121.0,117.0
ett1/h/long,FFM,2.191309403335181,0.5715399902644217,124.0,125.0
ett2/15t/long,FFM,1.5551762466180148,0.1329442053292432,127.0,116.0
ett2/h/long,FFM,2.541494906130122,0.2075045900793346,129.0,123.0
jena_weather/10t/long,FFM,0.7063948746329407,0.0720972797065268,103.0,112.0
jena_weather/h/long,FFM,0.9611873917466696,0.095337868214275,48.0,115.0
kdd_cup_2018/h/long,FFM,1.066468898955776,0.4486484394446559,105.0,59.0
loop_seattle/5t/long,FFM,1.0033839564354472,0.0889974848784871,91.0,87.0
loop_seattle/h/long,FFM,1.28716648341709,0.0907850370975848,123.0,119.0
m_dense/h/long,FFM,2.096545477512151,0.3969049836987396,125.0,124.0
solar/10t/long,FFM,1.7075141789782105,0.615702515669713,116.0,111.0
solar/h/long,FFM,2.173562911775244,0.8116077346270839,124.0,122.0
sz_taxi/15t/long,FFM,0.5483788689963521,0.2204670894498598,103.0,87.0
bizitobs_application/10s/long,FFM,5.424601473332471,0.052967888801344,106.0,53.0
bizitobs_service/10s/long,FFM,2.5317170685556736,0.0560492692454071,105.0,84.0
bitbrains_fast_storage/5t/short,FLAIR,0.9996724419196036,0.4706063207629383,112.0,99.0
bitbrains_fast_storage/5t/medium,FLAIR,1.1207044736092244,0.6333159815710692,98.0,51.0
bitbrains_fast_storage/5t/long,FLAIR,1.0495652964266236,0.666008348756763,103.0,32.0
bitbrains_fast_storage/h/short,FLAIR,1.321253217668716,0.6425372487912054,111.0,52.0
bitbrains_rnd/5t/short,FLAIR,1.9100123860850633,0.4989168707596522,103.0,102.0
bitbrains_rnd/5t/medium,FLAIR,4.530835002021688,0.6016746088652449,93.0,26.0
bitbrains_rnd/5t/long,FLAIR,3.508942159192608,0.6267076501689193,96.0,48.0
bitbrains_rnd/h/short,FLAIR,6.228065453522783,0.5913258706281541,120.0,21.0
bizitobs_application/10s/short,FLAIR,2.2751168766336076,0.0245935005146765,102.0,98.0
bizitobs_application/10s/medium,FLAIR,2.485168147892638,0.0425144521926404,70.0,85.0
bizitobs_application/10s/long,FLAIR,3.017247374156058,0.0510511375407545,19.0,33.0
bizitobs_l2c/5t/short,FLAIR,0.4143402034524665,0.1152385523446556,121.0,121.0
bizitobs_l2c/5t/medium,FLAIR,0.8453268479561428,0.3666083704391403,100.0,98.0
bizitobs_l2c/5t/long,FLAIR,1.0391378269874576,0.486599887395329,86.0,84.0
bizitobs_l2c/h/short,FLAIR,0.5402478394675021,0.2265468422206448,93.0,85.0
bizitobs_l2c/h/medium,FLAIR,0.5243880208831226,0.2452024155736719,78.0,62.0
bizitobs_l2c/h/long,FLAIR,0.6056828821389739,0.2860909813782309,74.0,72.0
bizitobs_service/10s/short,FLAIR,1.101889137820525,0.0149800382571175,90.0,79.0
bizitobs_service/10s/medium,FLAIR,1.0649193529319392,0.0187152194990229,58.0,18.0
bizitobs_service/10s/long,FLAIR,1.3655651819500736,0.0520154952456399,62.0,40.0
car_parts/m/short,FLAIR,0.8678265232602588,0.9679604261796044,70.0,44.0
covid_deaths/d/short,FLAIR,44.122093231046925,0.1067110833912594,104.0,115.0
electricity/15t/short,FLAIR,1.4191761195880146,0.1290300773209015,108.0,108.0
electricity/15t/medium,FLAIR,1.0442944506962324,0.089115772025721,107.0,95.0
electricity/15t/long,FLAIR,1.0703113668817896,0.0854300239615816,106.0,88.0
electricity/d/short,FLAIR,1.7874760967454115,0.0810483716301433,115.0,112.0
electricity/h/short,FLAIR,1.159912384779041,0.0831354999192747,114.0,107.0
electricity/h/medium,FLAIR,1.226568229107115,0.0860416936276529,105.0,88.0
electricity/h/long,FLAIR,1.3258398467258734,0.1007183658174637,101.0,86.0
electricity/w/short,FLAIR,1.667088691661407,0.058132867969101,90.0,82.0
ett1/15t/short,FLAIR,0.7414234839943651,0.1894213797197732,95.0,97.0
ett1/15t/medium,FLAIR,1.148078197899691,0.289816946684414,105.0,101.0
ett1/15t/long,FLAIR,1.1436063442844946,0.2868454898773583,103.0,97.0
ett1/d/short,FLAIR,1.791496708617329,0.2841411784432137,105.0,77.0
ett1/h/short,FLAIR,0.9429345449341489,0.2039541322167108,115.0,104.0
ett1/h/medium,FLAIR,1.431921870285855,0.2823112362400554,112.0,86.0
ett1/h/long,FLAIR,1.4546850810634189,0.2854065945591094,98.0,76.0
ett1/w/short,FLAIR,1.6150219349797972,0.2753618408595323,83.0,71.0
ett2/15t/short,FLAIR,0.8094933244025095,0.0701435171063979,98.0,89.0
ett2/15t/medium,FLAIR,1.0105991123143314,0.1019705565082035,107.0,89.0
ett2/15t/long,FLAIR,1.0722683015253116,0.1050909026443912,111.0,92.0
ett2/d/short,FLAIR,1.6893133005125012,0.115643588880426,118.0,107.0
ett2/h/short,FLAIR,0.834383487093402,0.0723571961161511,113.0,101.0
ett2/h/medium,FLAIR,1.272092559293609,0.1216425680852661,116.0,100.0
ett2/h/long,FLAIR,1.494992131168154,0.1343666907789368,125.0,108.0
ett2/w/short,FLAIR,1.1252886108697937,0.1118521328572567,108.0,104.0
hierarchical_sales/d/short,FLAIR,0.7600420635205424,0.5859190773926534,104.0,87.0
hierarchical_sales/w/short,FLAIR,0.737912920434312,0.3489380902782,81.0,65.0
hospital/m/short,FLAIR,0.7886545565976327,0.0569181723063101,93.0,94.0
jena_weather/10t/short,FLAIR,0.3242504548983626,0.0546103958633864,93.0,112.0
jena_weather/10t/medium,FLAIR,0.6739517791898705,0.0645119081262765,100.0,100.0
jena_weather/10t/long,FLAIR,0.7260764262932538,0.0684822560575462,104.0,105.0
jena_weather/d/short,FLAIR,1.4612328062698468,0.053332083627995,111.0,95.0
jena_weather/h/short,FLAIR,0.6928588769845022,0.0793630172147111,118.0,119.0
jena_weather/h/medium,FLAIR,0.9250148121262156,0.0976179942639312,113.0,122.0
jena_weather/h/long,FLAIR,1.3272838524767243,0.1054612748206954,116.0,117.0
kdd_cup_2018/d/short,FLAIR,1.2445147118999254,0.3980057953507411,116.0,102.0
kdd_cup_2018/h/short,FLAIR,1.0535169707344625,0.4280556484200076,112.0,101.0
kdd_cup_2018/h/medium,FLAIR,1.1089117993707756,0.4607205083486032,104.0,97.0
kdd_cup_2018/h/long,FLAIR,1.060734013934471,0.4738356938600278,104.0,86.0
loop_seattle/5t/short,FLAIR,0.6751331400521111,0.063742864055267,106.0,105.0
loop_seattle/5t/medium,FLAIR,1.1068712914486336,0.1042119520881773,108.0,104.0
loop_seattle/5t/long,FLAIR,1.1310456334671877,0.1066210615688526,109.0,103.0
loop_seattle/d/short,FLAIR,0.9427603253205424,0.0461204188792499,104.0,101.0
loop_seattle/h/short,FLAIR,0.958522283772076,0.0679132765076037,102.0,96.0
loop_seattle/h/medium,FLAIR,1.0080596204917087,0.0702614827637488,95.0,88.0
loop_seattle/h/long,FLAIR,0.955634360365638,0.0661198154734466,86.0,75.0
m4_daily/d/short,FLAIR,5.2376736765025,0.0313378878651908,124.0,117.0
m4_hourly/h/short,FLAIR,1.8143334732750775,0.0341598669725606,113.0,107.0
m4_monthly/m/short,FLAIR,1.0969836332430645,0.1043662055181027,109.0,102.0
m4_quarterly/q/short,FLAIR,1.3655239411459816,0.0863570726756751,106.0,105.0
m4_weekly/w/short,FLAIR,6.409428969881271,0.0834199974065666,127.0,127.0
m4_yearly/a/short,FLAIR,3.0908443184594585,0.1114624111338103,30.0,32.0
m_dense/d/short,FLAIR,0.7562043674495385,0.0742091448492799,93.0,85.0
m_dense/h/short,FLAIR,0.8524483132594176,0.1407385454996454,92.0,84.0
m_dense/h/medium,FLAIR,0.7295067169004716,0.1199122575148962,78.0,65.0
m_dense/h/long,FLAIR,0.714168497066971,0.116000832985004,64.0,54.0
restaurant/d/short,FLAIR,0.6931246096307933,0.2619939899667213,69.0,70.0
saugeen/d/short,FLAIR,3.1733118764428765,0.3870213221518546,99.0,87.0
saugeen/m/short,FLAIR,0.7109054928585277,0.2843520574976339,16.0,20.0
saugeen/w/short,FLAIR,1.5565814181564257,0.4657650096221686,115.0,102.0
solar/10t/short,FLAIR,0.9393391033061944,0.5520764710555229,61.0,79.0
solar/10t/medium,FLAIR,0.8850004391847756,0.3663978354333073,78.0,80.0
solar/10t/long,FLAIR,0.9094877767976196,0.3701422533288575,86.0,86.0
solar/d/short,FLAIR,1.1966987159553752,0.3549738914075224,124.0,111.0
solar/h/short,FLAIR,0.8970513756006757,0.3409202034733969,89.0,83.0
solar/h/medium,FLAIR,0.9671204846503788,0.3742611312069565,102.0,101.0
solar/h/long,FLAIR,1.008627419554139,0.3743546975747894,91.0,91.0
solar/w/short,FLAIR,1.8837933607134216,0.2683298143333376,118.0,115.0
sz_taxi/15t/short,FLAIR,0.571007570777583,0.2108235506384534,105.0,99.0
sz_taxi/15t/medium,FLAIR,0.5585378713532622,0.2104224391057033,97.0,82.0
sz_taxi/15t/long,FLAIR,0.5324853258549372,0.2051629626800974,93.0,72.0
sz_taxi/h/short,FLAIR,0.6488797870556591,0.1539746630440793,120.0,108.0
temperature_rain/d/short,FLAIR,1.4683379219742323,0.5942149702449325,110.0,97.0
us_births/d/short,FLAIR,0.4232484483716013,0.0218907717467373,79.0,74.0
us_births/m/short,FLAIR,0.6253049759133151,0.0140371709446474,41.0,63.0
us_births/w/short,FLAIR,1.318923177387234,0.016025443783476,97.0,98.0
loop_seattle/5t/short,Falcon-2.0,0.5046073830735429,0.0428954356359456,7.0,6.0
loop_seattle/5t/medium,Falcon-2.0,0.7041743514447301,0.0650614864468601,10.0,32.0
loop_seattle/5t/long,Falcon-2.0,0.7677627802510621,0.0730340878939035,13.0,43.0
loop_seattle/d/short,Falcon-2.0,0.8033056653400341,0.0380159758197955,5.0,6.0
loop_seattle/h/short,Falcon-2.0,0.6868969866820331,0.0484208833899116,4.0,6.0
loop_seattle/h/medium,Falcon-2.0,0.7623743117062425,0.0545120013341987,8.0,12.0
loop_seattle/h/long,Falcon-2.0,0.8095582622460344,0.0581217283868111,12.0,34.0
m_dense/d/short,Falcon-2.0,0.6853955817612742,0.0674789623182131,65.0,66.0
m_dense/h/short,Falcon-2.0,0.8050151004532052,0.1448229104524903,77.0,90.0
m_dense/h/medium,Falcon-2.0,0.7270532074005347,0.1307559117569106,75.0,84.0
m_dense/h/long,Falcon-2.0,0.7512031268188484,0.1325749493871579,80.0,82.0
sz_taxi/15t/short,Falcon-2.0,0.5442053589310183,0.2007176538512286,52.0,51.0
sz_taxi/15t/medium,Falcon-2.0,0.5370642470957374,0.2263922810854124,55.0,98.0
sz_taxi/15t/long,Falcon-2.0,0.5068881624678674,0.2260802904786799,42.0,94.0
sz_taxi/h/short,Falcon-2.0,0.5466106453802798,0.1319079357262729,2.0,3.0
bitbrains_fast_storage/5t/short,Falcon-2.0,0.6969032169474898,0.4164219187059169,63.0,68.0
bitbrains_fast_storage/5t/medium,Falcon-2.0,0.9776772771803262,0.7442830286615542,52.0,90.0
bitbrains_fast_storage/5t/long,Falcon-2.0,0.8659361057978853,0.8226082910956422,26.0,95.0
bitbrains_fast_storage/h/short,Falcon-2.0,1.0602525448788722,0.5235735799103081,56.0,5.0
bitbrains_rnd/5t/short,Falcon-2.0,1.6482689451675858,0.4777344263956098,56.0,98.0
bitbrains_rnd/5t/medium,Falcon-2.0,4.405098278164324,0.8944270805396237,60.0,116.0
bitbrains_rnd/5t/long,Falcon-2.0,3.3079659591873822,0.6849199440535098,48.0,78.0
bitbrains_rnd/h/short,Falcon-2.0,5.7164302368730695,0.5994402580030019,5.0,25.0
bizitobs_application/10s/short,Falcon-2.0,1.027946393065318,0.0090226686643419,33.0,6.0
bizitobs_application/10s/medium,Falcon-2.0,1.3539793106409097,0.0173626514128571,2.0,4.0
bizitobs_application/10s/long,Falcon-2.0,2.5792380344445496,0.0464076484303135,2.0,16.0
bizitobs_l2c/5t/short,Falcon-2.0,0.2693595336537048,0.0804192667681492,58.0,96.0
bizitobs_l2c/5t/medium,Falcon-2.0,0.3758656987364193,0.1886587278424243,2.0,11.0
bizitobs_l2c/5t/long,Falcon-2.0,0.4217702706730314,0.2248362232368322,7.0,25.0
bizitobs_l2c/h/short,Falcon-2.0,0.3753044051328478,0.184341424569754,2.0,34.0
bizitobs_l2c/h/medium,Falcon-2.0,0.3883400396053711,0.2120594814694843,4.0,4.0
bizitobs_l2c/h/long,Falcon-2.0,0.5079476051244822,0.2530129967921961,4.0,26.0
bizitobs_service/10s/short,Falcon-2.0,0.8258760349752257,0.0120984220363439,70.0,60.0
bizitobs_service/10s/medium,Falcon-2.0,1.0711081073128463,0.0294474688416965,59.0,71.0
bizitobs_service/10s/long,Falcon-2.0,1.3907029666673152,0.0566771632184002,77.0,90.0
car_parts/m/short,Falcon-2.0,0.8834687628543669,0.9833563945609782,82.0,50.0
covid_deaths/d/short,Falcon-2.0,35.204684355322264,0.0660927946935731,68.0,101.0
electricity/15t/short,Falcon-2.0,0.8875916619855043,0.0767565578937375,15.0,13.0
electricity/15t/medium,Falcon-2.0,0.81394742374108,0.075751981590958,38.0,52.0
electricity/15t/long,Falcon-2.0,0.8597239370892176,0.0757759851712527,32.0,53.0
electricity/d/short,Falcon-2.0,1.255048156374045,0.0503228047184895,3.0,2.0
electricity/h/short,Falcon-2.0,0.920829035921512,0.0646828403495149,45.0,42.0
electricity/h/medium,Falcon-2.0,1.0684061763977295,0.0788355548543197,57.0,70.0
electricity/h/long,Falcon-2.0,1.1285911903657948,0.0872193186986666,19.0,50.0
electricity/w/short,Falcon-2.0,1.5618566568781986,0.05137851405952,67.0,58.0
ett1/15t/short,Falcon-2.0,0.7370517062825173,0.1870229736318304,92.0,96.0
ett1/15t/medium,Falcon-2.0,1.009721067871879,0.2704634493592067,60.0,90.0
ett1/15t/long,Falcon-2.0,1.0023222089238897,0.2609403887067557,45.0,85.0
ett1/d/short,Falcon-2.0,1.605351916135246,0.2670195558128473,12.0,14.0
ett1/h/short,Falcon-2.0,0.9525265567689392,0.2296449408361311,118.0,112.0
ett1/h/medium,Falcon-2.0,1.3892998629938262,0.3270707424745609,104.0,109.0
ett1/h/long,Falcon-2.0,1.4574753565183247,0.3357762388523373,99.0,104.0
ett1/w/short,Falcon-2.0,1.439420130556924,0.2393109049503695,9.0,10.0
ett2/15t/short,Falcon-2.0,0.8328824150186863,0.0828426798176526,103.0,109.0
ett2/15t/medium,Falcon-2.0,0.970269626134152,0.1144342409125776,97.0,103.0
ett2/15t/long,Falcon-2.0,0.9999496148414568,0.1207646470970002,103.0,109.0
ett2/d/short,Falcon-2.0,1.0007893031797797,0.0688998621405383,3.0,3.0
ett2/h/short,Falcon-2.0,0.7726373305219124,0.066874186912297,96.0,87.0
ett2/h/medium,Falcon-2.0,1.049912711271552,0.1097121605962451,75.0,82.0
ett2/h/long,Falcon-2.0,1.0879498432485275,0.1178834889223519,83.0,88.0
ett2/w/short,Falcon-2.0,0.7559917467599673,0.0847412818472914,17.0,36.0
hierarchical_sales/d/short,Falcon-2.0,0.7303535532166443,0.554057796607633,3.0,3.0
hierarchical_sales/w/short,Falcon-2.0,0.7184463539448847,0.3463449512515473,45.0,53.0
hospital/m/short,Falcon-2.0,0.7048628698058916,0.0445527122206671,1.0,1.0
jena_weather/10t/short,Falcon-2.0,0.2432585438027121,0.0262200403806096,3.0,13.0
jena_weather/10t/medium,Falcon-2.0,0.4378065821124042,0.0430334049246837,2.0,2.0
jena_weather/10t/long,Falcon-2.0,0.4848657458134081,0.0486742156187637,2.0,47.0
jena_weather/d/short,Falcon-2.0,1.025131938780918,0.0440262961186274,38.0,12.0
jena_weather/h/short,Falcon-2.0,0.5461102112030594,0.0508784225929493,87.0,109.0
jena_weather/h/medium,Falcon-2.0,0.7592804706446613,0.060007904782241,32.0,92.0
jena_weather/h/long,Falcon-2.0,0.9382612614400712,0.0658270734269253,40.0,87.0
kdd_cup_2018/d/short,Falcon-2.0,0.9226700425887776,0.2638551828345974,3.0,2.0
kdd_cup_2018/h/short,Falcon-2.0,0.7641357957555586,0.3093897099340887,14.0,14.0
kdd_cup_2018/h/medium,Falcon-2.0,0.8931439744082998,0.3687260329533225,16.0,14.0
kdd_cup_2018/h/long,Falcon-2.0,0.876503218655157,0.4005809704943293,17.0,20.0
m4_daily/d/short,Falcon-2.0,3.0596096840523512,0.0216238561526439,4.0,51.0
m4_hourly/h/short,Falcon-2.0,0.6160715286910803,0.0113943492649588,3.0,2.0
m4_monthly/m/short,Falcon-2.0,0.8982446060276312,0.0871907850042397,15.0,6.0
m4_quarterly/q/short,Falcon-2.0,1.2315735136959234,0.0784783261170294,85.0,73.0
m4_weekly/w/short,Falcon-2.0,1.4089537031991122,0.0205470438135886,1.0,1.0
m4_yearly/a/short,Falcon-2.0,3.300174696674619,0.1178589733779834,56.0,68.0
restaurant/d/short,Falcon-2.0,0.6794686911636255,0.2549337345097036,41.0,35.0
saugeen/d/short,Falcon-2.0,2.436249173478506,0.3185736944136239,3.0,11.0
saugeen/m/short,Falcon-2.0,0.7511351859318063,0.3176134777842792,80.0,90.0
saugeen/w/short,Falcon-2.0,1.2280146250239106,0.4150764702708565,73.0,90.0
solar/10t/short,Falcon-2.0,0.821104208944601,0.4582580952328747,30.0,51.0
solar/10t/medium,Falcon-2.0,0.7060723763752991,0.3040917711938842,5.0,31.0
solar/10t/long,Falcon-2.0,0.7236396430916311,0.3065466747658118,7.0,45.0
solar/d/short,Falcon-2.0,0.9605133486416528,0.2660877729272736,19.0,7.0
solar/h/short,Falcon-2.0,0.8290341009104254,0.3161371896100546,46.0,51.0
solar/h/medium,Falcon-2.0,0.870824679387818,0.3333473352844508,65.0,69.0
solar/h/long,Falcon-2.0,0.8175847485049229,0.3057391898679216,29.0,47.0
solar/w/short,Falcon-2.0,1.1277696734347058,0.1588476528003873,64.0,66.0
temperature_rain/d/short,Falcon-2.0,1.2975805810478416,0.541868809697396,3.0,24.0
us_births/d/short,Falcon-2.0,0.381296486121603,0.0226765243137981,67.0,79.0
us_births/m/short,Falcon-2.0,0.7080632283115954,0.0182183963252477,77.0,100.0
us_births/w/short,Falcon-2.0,0.8061659150271421,0.0104195609918122,2.0,13.0
bitbrains_fast_storage/5t/long,Falcon-Agent,0.8179214180466294,0.6212326323143874,6.0,16.0
bitbrains_fast_storage/5t/medium,Falcon-Agent,0.9163343907131576,0.5889954701054845,7.0,15.0
bitbrains_fast_storage/5t/short,Falcon-Agent,0.6382343450948941,0.3520540425960445,19.0,17.0
bitbrains_fast_storage/h/short,Falcon-Agent,0.9388908355453248,0.5483062081669459,18.0,8.0
bitbrains_rnd/5t/long,Falcon-Agent,3.247677580781208,0.6456553408429372,14.0,64.0
bitbrains_rnd/5t/medium,Falcon-Agent,4.321044503708415,0.7416236910049806,13.0,103.0
bitbrains_rnd/5t/short,Falcon-Agent,1.579341036266037,0.3916837536745889,18.0,36.0
bitbrains_rnd/h/short,Falcon-Agent,5.723854200958403,0.6415382366500032,7.0,62.0
bizitobs_application/10s/long,Falcon-Agent,3.0857611623868366,0.0514456482709343,28.0,36.0
bizitobs_application/10s/medium,Falcon-Agent,2.1164096516176,0.0325132551236762,25.0,36.0
bizitobs_application/10s/short,Falcon-Agent,1.0269437851236622,0.0096480417941243,32.0,30.0
bizitobs_l2c/5t/long,Falcon-Agent,0.660184414194852,0.277352215945274,68.0,51.0
bizitobs_l2c/5t/medium,Falcon-Agent,0.5033204087285441,0.206381551513748,34.0,28.0
bizitobs_l2c/5t/short,Falcon-Agent,0.2023430711977379,0.0530664289417691,5.0,5.0
bizitobs_l2c/h/long,Falcon-Agent,0.5357613459115129,0.2471102431426723,6.0,5.0
bizitobs_l2c/h/medium,Falcon-Agent,0.4507078572812344,0.2149002385310322,5.0,5.0
bizitobs_l2c/h/short,Falcon-Agent,0.3882646794083589,0.1703332293570392,4.0,5.0
bizitobs_service/10s/long,Falcon-Agent,1.300443305843919,0.0527524121533459,33.0,62.0
bizitobs_service/10s/medium,Falcon-Agent,0.9622867988956804,0.0193712987911717,16.0,21.0
bizitobs_service/10s/short,Falcon-Agent,0.6871112643831122,0.0097440014207467,18.0,3.0
car_parts/m/short,Falcon-Agent,0.8712101470669266,1.081771262597024,71.0,93.0
covid_deaths/d/short,Falcon-Agent,31.278605014639005,0.0251734756365014,25.0,7.0
electricity/15t/long,Falcon-Agent,0.843562038119624,0.0703356069941079,16.0,9.0
electricity/15t/medium,Falcon-Agent,0.7961740426866758,0.070355611901296,18.0,16.0
electricity/15t/short,Falcon-Agent,0.9266159354550536,0.0786514100043619,32.0,28.0
electricity/d/short,Falcon-Agent,1.31611344426267,0.0526647547125558,4.0,5.0
electricity/h/long,Falcon-Agent,1.1575155608824956,0.0849015473564486,35.0,41.0
electricity/h/medium,Falcon-Agent,1.0362687265665886,0.0734203557543997,24.0,38.0
electricity/h/short,Falcon-Agent,0.9538980170004262,0.0674896517712313,66.0,61.0
electricity/w/short,Falcon-Agent,1.4438034529741928,0.0502391564793368,42.0,53.0
ett1/15t/long,Falcon-Agent,0.9605420871808236,0.2194722890082761,4.0,5.0
ett1/15t/medium,Falcon-Agent,0.95290990377248,0.221740574267797,6.0,6.0
ett1/15t/short,Falcon-Agent,0.6503878393096387,0.1504525960839408,4.0,8.0
ett1/d/short,Falcon-Agent,1.6172277288081631,0.2680871632344311,18.0,15.0
ett1/h/long,Falcon-Agent,1.3321694528147623,0.2582356576332062,17.0,18.0
ett1/h/medium,Falcon-Agent,1.250371142612418,0.2522705983816201,36.0,36.0
ett1/h/short,Falcon-Agent,0.7952249256800206,0.1718038705644359,24.0,25.0
ett1/w/short,Falcon-Agent,1.5177149654503286,0.2476862960106564,35.0,14.0
ett2/15t/long,Falcon-Agent,0.8633838973501484,0.0895471451205874,18.0,20.0
ett2/15t/medium,Falcon-Agent,0.8476314299833699,0.0873747437218869,18.0,29.0
ett2/15t/short,Falcon-Agent,0.6897991355890424,0.0599245045881723,4.0,5.0
ett2/d/short,Falcon-Agent,1.1529375164562417,0.0825782761131514,4.0,5.0
ett2/h/long,Falcon-Agent,1.0283060196724487,0.1029546221666238,50.0,39.0
ett2/h/medium,Falcon-Agent,1.042280596946387,0.1050254782349016,67.0,54.0
ett2/h/short,Falcon-Agent,0.7289120773465892,0.0636818146629389,40.0,37.0
ett2/w/short,Falcon-Agent,0.7759306964903109,0.0825834207669626,34.0,20.0
hierarchical_sales/d/short,Falcon-Agent,0.7330120108871061,0.5619417255134971,4.0,5.0
hierarchical_sales/w/short,Falcon-Agent,0.713381801508802,0.3416383636086061,25.0,32.0
hospital/m/short,Falcon-Agent,0.7250743662932062,0.0470139606848701,2.0,4.0
jena_weather/10t/long,Falcon-Agent,0.5790448944935924,0.0451115986954554,3.0,2.0
jena_weather/10t/medium,Falcon-Agent,0.515113494755457,0.0432788149039635,3.0,3.0
jena_weather/10t/short,Falcon-Agent,0.2354988655918322,0.0246730817455047,2.0,3.0
jena_weather/d/short,Falcon-Agent,1.0980497360273118,0.0463618848355136,70.0,54.0
jena_weather/h/long,Falcon-Agent,1.0057018327549383,0.0558912473260464,61.0,44.0
jena_weather/h/medium,Falcon-Agent,0.7902035489073286,0.0491339306257215,60.0,27.0
jena_weather/h/short,Falcon-Agent,0.5138687017094825,0.0403172619038967,20.0,17.0
kdd_cup_2018/d/short,Falcon-Agent,1.0946372239395523,0.333191245534111,5.0,4.0
kdd_cup_2018/h/long,Falcon-Agent,0.962062134928124,0.4200253185348147,24.0,26.0
kdd_cup_2018/h/medium,Falcon-Agent,0.9748719763731412,0.3947396577330584,22.0,22.0
kdd_cup_2018/h/short,Falcon-Agent,0.8630780299520194,0.3470522052961181,19.0,19.0
loop_seattle/5t/long,Falcon-Agent,0.8070064193502975,0.0706880506886845,35.0,31.0
loop_seattle/5t/medium,Falcon-Agent,0.7377413498079975,0.0647055456337798,33.0,31.0
loop_seattle/5t/short,Falcon-Agent,0.5223996314967098,0.0443313891451806,8.0,7.0
loop_seattle/d/short,Falcon-Agent,0.8436212722707813,0.0403441424290366,8.0,9.0
loop_seattle/h/long,Falcon-Agent,0.8243585801969493,0.0557077494762412,18.0,15.0
loop_seattle/h/medium,Falcon-Agent,0.8243417451807099,0.0564606613191014,17.0,16.0
loop_seattle/h/short,Falcon-Agent,0.7598147231054081,0.0527347823791663,19.0,18.0
m4_daily/d/short,Falcon-Agent,2.89732501389675,0.0193930152942542,2.0,1.0
m4_hourly/h/short,Falcon-Agent,0.6070095710786816,0.0176081651047099,2.0,4.0
m4_monthly/m/short,Falcon-Agent,0.8747333748366779,0.0869629418635094,3.0,4.0
m4_quarterly/q/short,Falcon-Agent,1.1164469758811484,0.0711294714769231,10.0,6.0
m4_weekly/w/short,Falcon-Agent,1.5482462590668964,0.0292020359498543,2.0,2.0
m4_yearly/a/short,Falcon-Agent,3.1463681245181867,0.1103725239928907,35.0,28.0
m_dense/d/short,Falcon-Agent,0.6033709643552692,0.0567582347830598,8.0,7.0
m_dense/h/long,Falcon-Agent,0.6792374004389287,0.1142036431963542,36.0,46.0
m_dense/h/medium,Falcon-Agent,0.6712527206820544,0.1117123070991828,18.0,18.0
m_dense/h/short,Falcon-Agent,0.7372820427223895,0.1238773204345814,9.0,20.0
restaurant/d/short,Falcon-Agent,0.6761008118599535,0.2533286796607619,16.0,13.0
saugeen/d/short,Falcon-Agent,2.670950327690635,0.316508590955963,15.0,9.0
saugeen/m/short,Falcon-Agent,0.7150826351366883,0.2805313233286741,24.0,12.0
saugeen/w/short,Falcon-Agent,1.16562246018227,0.3457325004346194,24.0,19.0
solar/10t/long,Falcon-Agent,0.721566026501348,0.2712194239591468,6.0,5.0
solar/10t/medium,Falcon-Agent,0.7612152550398927,0.2873825804653102,9.0,6.0
solar/10t/short,Falcon-Agent,0.7886485287954231,0.3909981080163236,22.0,21.0
solar/d/short,Falcon-Agent,0.9568949070528804,0.2712423181077328,13.0,21.0
solar/h/long,Falcon-Agent,0.842179081687098,0.2885225712156969,38.0,33.0
solar/h/medium,Falcon-Agent,0.8432789395763437,0.2986200498958681,51.0,36.0
solar/h/short,Falcon-Agent,0.8540667593871323,0.3018892054243067,61.0,42.0
solar/w/short,Falcon-Agent,1.0974512711446651,0.1489814939173135,52.0,50.0
sz_taxi/15t/long,Falcon-Agent,0.5043753886421936,0.1970271037692623,16.0,27.0
sz_taxi/15t/medium,Falcon-Agent,0.532615521456606,0.2012496487133254,10.0,30.0
sz_taxi/15t/short,Falcon-Agent,0.5391702085071561,0.1985107003126348,10.0,11.0
sz_taxi/h/short,Falcon-Agent,0.5528589542781799,0.1329703506389396,3.0,4.0
temperature_rain/d/short,Falcon-Agent,1.310917065181881,0.5384865164516961,20.0,16.0
us_births/d/short,Falcon-Agent,0.3144740487131742,0.0157775709429051,19.0,13.0
us_births/m/short,Falcon-Agent,0.6486434232718467,0.0131777652053475,51.0,45.0
us_births/w/short,Falcon-Agent,0.8352064378730617,0.0097765087043113,6.0,3.0
loop_seattle/5t/short,Falcon-X,0.6123303143170724,0.0520718163701592,96.0,87.0
loop_seattle/5t/medium,Falcon-X,0.7505629814087333,0.0665717042582612,35.0,38.0
loop_seattle/5t/long,Falcon-X,0.8190195001509841,0.0742744050624935,40.0,49.0
loop_seattle/d/short,Falcon-X,1.0001806020700112,0.0484642202759904,115.0,107.0
loop_seattle/h/short,Falcon-X,0.8978158618126129,0.0649832264574135,88.0,83.0
loop_seattle/h/medium,Falcon-X,0.9449652171395648,0.0676325108802225,79.0,72.0
loop_seattle/h/long,Falcon-X,0.8936120663364576,0.0640842453245177,66.0,68.0
m_dense/d/short,Falcon-X,0.6689223519488037,0.0616030791036851,50.0,37.0
m_dense/h/short,Falcon-X,0.7423955984822854,0.1246807065078885,13.0,25.0
m_dense/h/medium,Falcon-X,0.6405197735993573,0.1082955297464251,6.0,6.0
m_dense/h/long,Falcon-X,0.6763143261829961,0.1141604354444259,28.0,45.0
sz_taxi/15t/short,Falcon-X,0.5516009977678779,0.202646324218355,86.0,68.0
sz_taxi/15t/medium,Falcon-X,0.5397916743092211,0.2020711892711812,68.0,45.0
sz_taxi/15t/long,Falcon-X,0.5076961718165262,0.2054080582541363,44.0,73.0
sz_taxi/h/short,Falcon-X,0.5628053601418768,0.1359843500810027,57.0,59.0
bitbrains_fast_storage/5t/short,Falcon-X,0.7124779934982572,0.4279701568466008,67.0,79.0
bitbrains_fast_storage/5t/medium,Falcon-X,0.997200549771872,0.6964919706198306,65.0,79.0
bitbrains_fast_storage/5t/long,Falcon-X,0.9155093267545216,0.8518078926610001,64.0,98.0
bitbrains_fast_storage/h/short,Falcon-X,1.078706856320332,0.6637538848583205,70.0,67.0
bitbrains_rnd/5t/short,Falcon-X,1.7062688662630865,0.431837545345154,75.0,73.0
bitbrains_rnd/5t/medium,Falcon-X,4.410857191779045,0.6001409045536832,63.0,25.0
bitbrains_rnd/5t/long,Falcon-X,3.3259183351822452,0.5205806058023799,57.0,1.0
bitbrains_rnd/h/short,Falcon-X,5.92731428841054,0.6223155239245809,95.0,50.0
bizitobs_application/10s/short,Falcon-X,1.588179322605317,0.0212380004999755,88.0,91.0
bizitobs_application/10s/medium,Falcon-X,2.293671729138328,0.0389970794698749,44.0,65.0
bizitobs_application/10s/long,Falcon-X,3.0582512912481334,0.0551354755174441,25.0,76.0
bizitobs_l2c/5t/short,Falcon-X,0.4045296966981949,0.117901125871807,120.0,122.0
bizitobs_l2c/5t/medium,Falcon-X,0.4326248318578731,0.2003492008565266,6.0,24.0
bizitobs_l2c/5t/long,Falcon-X,0.430538878167172,0.2165556411334464,9.0,20.0
bizitobs_l2c/h/short,Falcon-X,0.3786569345365888,0.1744118359768163,3.0,10.0
bizitobs_l2c/h/medium,Falcon-X,0.3131227887783709,0.1601009097818364,2.0,2.0
bizitobs_l2c/h/long,Falcon-X,0.3294509303041628,0.1612289570539683,3.0,3.0
bizitobs_service/10s/short,Falcon-X,0.8956939848008836,0.0158660806163456,81.0,87.0
bizitobs_service/10s/medium,Falcon-X,1.0905694334715277,0.0250537278224631,63.0,56.0
bizitobs_service/10s/long,Falcon-X,1.3590998751629442,0.0560659064187128,60.0,86.0
car_parts/m/short,Falcon-X,0.8615558793840288,1.0015281827996727,67.0,64.0
covid_deaths/d/short,Falcon-X,41.36347236218507,0.0482966424407007,96.0,87.0
electricity/15t/short,Falcon-X,1.0206810460935685,0.086142434796128,63.0,60.0
electricity/15t/medium,Falcon-X,0.8367054625025093,0.0742283708346055,54.0,46.0
electricity/15t/long,Falcon-X,0.8878387341249695,0.0747071351420073,56.0,50.0
electricity/d/short,Falcon-X,1.4355661973779483,0.0552788215762259,70.0,52.0
electricity/h/short,Falcon-X,0.8337085019025628,0.0608894536756844,5.0,7.0
electricity/h/medium,Falcon-X,0.9315714985192256,0.0645463069491126,4.0,3.0
electricity/h/long,Falcon-X,0.9997615942740622,0.072495250442584,3.0,3.0
electricity/w/short,Falcon-X,1.3907939519795067,0.0461282731801678,14.0,11.0
ett1/15t/short,Falcon-X,0.785279337427774,0.1815129396569065,102.0,95.0
ett1/15t/medium,Falcon-X,1.026278647513923,0.2505343766916935,71.0,75.0
ett1/15t/long,Falcon-X,1.0291887331696254,0.2542772765311609,68.0,77.0
ett1/d/short,Falcon-X,1.3020291713187262,0.2787278837744072,4.0,59.0
ett1/h/short,Falcon-X,0.7641429155099133,0.1606879572925821,8.0,4.0
ett1/h/medium,Falcon-X,0.9672283548219646,0.2088916527853663,2.0,2.0
ett1/h/long,Falcon-X,1.0553169245538088,0.2320356873136637,2.0,2.0
ett1/w/short,Falcon-X,1.15435252535958,0.2521866172961874,1.0,26.0
ett2/15t/short,Falcon-X,0.7900419124987144,0.0730928183601378,90.0,96.0
ett2/15t/medium,Falcon-X,0.887434201111225,0.0905500767901323,66.0,63.0
ett2/15t/long,Falcon-X,0.9006796908101804,0.093987920459057,66.0,68.0
ett2/d/short,Falcon-X,1.2930727135405886,0.0807345398750672,51.0,4.0
ett2/h/short,Falcon-X,0.7616814810613635,0.0663710982897181,90.0,82.0
ett2/h/medium,Falcon-X,0.8819407185645259,0.0841700413143961,3.0,3.0
ett2/h/long,Falcon-X,0.908114431851436,0.0869490762243429,2.0,3.0
ett2/w/short,Falcon-X,1.1233719022691069,0.1038412289079839,106.0,89.0
hierarchical_sales/d/short,Falcon-X,0.7487570843077629,0.578899127405434,77.0,64.0
hierarchical_sales/w/short,Falcon-X,0.7370291602717199,0.3590318438445476,80.0,87.0
hospital/m/short,Falcon-X,0.8127622014480563,0.0573892529689271,104.0,97.0
jena_weather/10t/short,Falcon-X,0.323921343771159,0.0295754825968642,92.0,66.0
jena_weather/10t/medium,Falcon-X,0.6228285339823666,0.04906656111494,77.0,56.0
jena_weather/10t/long,Falcon-X,0.6489233085019688,0.0521287768663038,66.0,75.0
jena_weather/d/short,Falcon-X,0.8438702702500822,0.0417727727282809,2.0,3.0
jena_weather/h/short,Falcon-X,0.5356017500530382,0.0434393461062625,72.0,69.0
jena_weather/h/medium,Falcon-X,0.6822554260097865,0.0490059570273561,1.0,26.0
jena_weather/h/long,Falcon-X,0.6808207712174779,0.0495900404074951,1.0,1.0
kdd_cup_2018/d/short,Falcon-X,1.208020986725553,0.3807331676614575,87.0,75.0
kdd_cup_2018/h/short,Falcon-X,0.9850493957790156,0.4074271911831211,95.0,94.0
kdd_cup_2018/h/medium,Falcon-X,1.1134156337401937,0.4720539262030686,109.0,103.0
kdd_cup_2018/h/long,Falcon-X,1.0445772159604378,0.4826882095935906,90.0,94.0
m4_daily/d/short,Falcon-X,3.864641409400556,0.0257448785378159,112.0,104.0
m4_hourly/h/short,Falcon-X,1.073205277373937,0.0266353268387316,97.0,84.0
m4_monthly/m/short,Falcon-X,1.0492003656029047,0.1027350312969127,102.0,95.0
m4_quarterly/q/short,Falcon-X,1.3446610835892947,0.083386870561917,103.0,97.0
m4_weekly/w/short,Falcon-X,3.107740879672161,0.0467265783929935,117.0,98.0
m4_yearly/a/short,Falcon-X,3.3751476890135863,0.1215182836329273,74.0,80.0
restaurant/d/short,Falcon-X,0.6832898692524431,0.2574390956015138,49.0,50.0
saugeen/d/short,Falcon-X,2.8369681797162345,0.3723507948901396,46.0,78.0
saugeen/m/short,Falcon-X,0.6793834011382023,0.3007156724406477,5.0,69.0
saugeen/w/short,Falcon-X,1.320821366342649,0.4358330102445599,94.0,98.0
solar/10t/short,Falcon-X,1.0611925488667997,0.5569051579667849,81.0,81.0
solar/10t/medium,Falcon-X,0.9159611867476716,0.3727402924146876,86.0,84.0
solar/10t/long,Falcon-X,0.8999915684808218,0.3578666271974324,85.0,82.0
solar/d/short,Falcon-X,0.9114506198575196,0.2610725647819047,5.0,6.0
solar/h/short,Falcon-X,0.4187361728582885,0.1557754592275595,5.0,4.0
solar/h/medium,Falcon-X,0.4210151747033239,0.1544811296336584,4.0,4.0
solar/h/long,Falcon-X,0.4356842616853264,0.1553857313332696,4.0,4.0
solar/w/short,Falcon-X,1.1833110254695378,0.1599102173693529,76.0,67.0
temperature_rain/d/short,Falcon-X,1.333843819363176,0.5452123766711368,47.0,37.0
us_births/d/short,Falcon-X,0.3261073624733319,0.0166571900564301,36.0,38.0
us_births/m/short,Falcon-X,0.6069202477903395,0.0122372191364323,33.0,25.0
us_births/w/short,Falcon-X,1.0953161643504912,0.0131762038433133,68.0,73.0
loop_seattle/5t/short,FastCastrage,0.54726079698134,0.0463561985297961,43.0,38.0
loop_seattle/5t/medium,FastCastrage,0.7167614661639417,0.0631756656364582,17.0,16.0
loop_seattle/5t/long,FastCastrage,0.794770173985753,0.0703366793147947,31.0,29.0
loop_seattle/d/short,FastCastrage,0.8657988645416135,0.0417951511534184,28.0,34.0
loop_seattle/h/short,FastCastrage,0.7108936281733236,0.0485180996374926,8.0,7.0
loop_seattle/h/medium,FastCastrage,0.8441321730834369,0.0579875451188823,22.0,21.0
loop_seattle/h/long,FastCastrage,0.829554187911207,0.0561893961812836,20.0,17.0
m_dense/d/short,FastCastrage,0.6278074925526909,0.0604774765822844,24.0,28.0
m_dense/h/short,FastCastrage,0.7476359346059814,0.1221802346840569,17.0,12.0
m_dense/h/medium,FastCastrage,0.6800037750053671,0.1124685202588241,35.0,33.0
m_dense/h/long,FastCastrage,0.6790437973117749,0.1131276073840147,35.0,37.0
sz_taxi/15t/short,FastCastrage,0.5389394909573454,0.1983873406434814,8.0,6.0
sz_taxi/15t/medium,FastCastrage,0.5334246653257207,0.2007619965176433,22.0,22.0
sz_taxi/15t/long,FastCastrage,0.5053486082558106,0.1963937236337567,22.0,20.0
sz_taxi/h/short,FastCastrage,0.5596342335951101,0.1346502797678575,28.0,26.0
bitbrains_fast_storage/5t/short,FastCastrage,0.6164004669103343,0.3480279296331218,6.0,10.0
bitbrains_fast_storage/5t/medium,FastCastrage,0.9355163478111876,0.6116539767786436,23.0,32.0
bitbrains_fast_storage/5t/long,FastCastrage,0.8468309708512165,0.6925432594115273,20.0,49.0
bitbrains_fast_storage/h/short,FastCastrage,0.9818806132304432,0.6675016816929562,32.0,70.0
bitbrains_rnd/5t/short,FastCastrage,1.5831986054227711,0.3789799954926141,22.0,22.0
bitbrains_rnd/5t/medium,FastCastrage,4.344804523767966,0.7014832592994561,25.0,93.0
bitbrains_rnd/5t/long,FastCastrage,3.268459648965034,0.6564031869447605,23.0,68.0
bitbrains_rnd/h/short,FastCastrage,5.797440007178452,0.6825295666992588,35.0,90.0
bizitobs_application/10s/short,FastCastrage,1.0247777704621108,0.0096823974137649,31.0,35.0
bizitobs_application/10s/medium,FastCastrage,2.2709312439114457,0.0360113923088512,40.0,49.0
bizitobs_application/10s/long,FastCastrage,3.1523568626960548,0.0528698441419107,38.0,51.0
bizitobs_l2c/5t/short,FastCastrage,0.205789259036265,0.054133503686632,9.0,11.0
bizitobs_l2c/5t/medium,FastCastrage,0.4689858166171101,0.1922864406529121,22.0,17.0
bizitobs_l2c/5t/long,FastCastrage,0.4859586015750577,0.2168269019704156,20.0,21.0
bizitobs_l2c/h/short,FastCastrage,0.4290939937281727,0.1817245652811233,33.0,25.0
bizitobs_l2c/h/medium,FastCastrage,0.4806102406102051,0.2274159882504632,21.0,20.0
bizitobs_l2c/h/long,FastCastrage,0.5460589801711027,0.2505700378233848,19.0,17.0
bizitobs_service/10s/short,FastCastrage,0.688496040713969,0.0098189677481288,21.0,7.0
bizitobs_service/10s/medium,FastCastrage,0.9771982610314348,0.0204596065033801,24.0,24.0
bizitobs_service/10s/long,FastCastrage,1.2795750004446198,0.0520279955136908,14.0,41.0
car_parts/m/short,FastCastrage,0.852619297216962,1.0318822925768258,57.0,80.0
covid_deaths/d/short,FastCastrage,32.10869940789115,0.0267558988222633,36.0,12.0
electricity/15t/short,FastCastrage,0.8492804160265266,0.0727877922485228,3.0,4.0
electricity/15t/medium,FastCastrage,0.7851520692271373,0.069614139256456,3.0,2.0
electricity/15t/long,FastCastrage,0.8345792893521801,0.0698287285532001,3.0,4.0
electricity/d/short,FastCastrage,1.387274576293109,0.0550202295874577,43.0,48.0
electricity/h/short,FastCastrage,0.8743901231946052,0.0641037858354283,18.0,32.0
electricity/h/medium,FastCastrage,1.040000410041244,0.0738022214957561,29.0,40.0
electricity/h/long,FastCastrage,1.1598381411975447,0.0855043964100155,36.0,46.0
electricity/w/short,FastCastrage,1.465790195093429,0.0493874207818756,49.0,45.0
ett1/15t/short,FastCastrage,0.6633211350260919,0.152996105186248,14.0,19.0
ett1/15t/medium,FastCastrage,0.9697622790222724,0.2254572765384751,23.0,21.0
ett1/15t/long,FastCastrage,0.974796838398017,0.2231849365004742,20.0,18.0
ett1/d/short,FastCastrage,1.6572989587550475,0.2710517129597525,41.0,23.0
ett1/h/short,FastCastrage,0.7923136401108253,0.1724815521539987,23.0,27.0
ett1/h/medium,FastCastrage,1.2352187991999315,0.2460657779404403,19.0,7.0
ett1/h/long,FastCastrage,1.3416826417978085,0.2567078369604891,29.0,9.0
ett1/w/short,FastCastrage,1.6207660136738222,0.2698127790621292,87.0,60.0
ett2/15t/short,FastCastrage,0.709353469214764,0.0612939654792292,17.0,15.0
ett2/15t/medium,FastCastrage,0.8537205378174374,0.0881294468981425,37.0,41.0
ett2/15t/long,FastCastrage,0.8581012832362982,0.0892134919043165,13.0,14.0
ett2/d/short,FastCastrage,1.2863136715063876,0.0917462622647262,44.0,39.0
ett2/h/short,FastCastrage,0.7188006054107315,0.062780486338101,15.0,17.0
ett2/h/medium,FastCastrage,1.0197300274587329,0.1031935074708797,37.0,39.0
ett2/h/long,FastCastrage,1.012331353322076,0.102893909055571,38.0,37.0
ett2/w/short,FastCastrage,0.7440438349787467,0.0804053014936122,11.0,10.0
hierarchical_sales/d/short,FastCastrage,0.7425044680463874,0.5700041869407575,32.0,27.0
hierarchical_sales/w/short,FastCastrage,0.7130314799077969,0.340091652709821,21.0,18.0
hospital/m/short,FastCastrage,0.746258280047238,0.0488653570749411,24.0,20.0
jena_weather/10t/short,FastCastrage,0.2582809636530717,0.026102161674344,17.0,11.0
jena_weather/10t/medium,FastCastrage,0.5700082266346301,0.0460859867325576,16.0,21.0
jena_weather/10t/long,FastCastrage,0.6184131302227553,0.0467855534040603,24.0,16.0
jena_weather/d/short,FastCastrage,1.0536893605349429,0.045343457585027,57.0,44.0
jena_weather/h/short,FastCastrage,0.513543111943954,0.0402346953829248,17.0,13.0
jena_weather/h/medium,FastCastrage,0.7723618356933357,0.0482684162469387,47.0,15.0
jena_weather/h/long,FastCastrage,0.9503628643995664,0.0546912729242434,44.0,38.0
kdd_cup_2018/d/short,FastCastrage,1.1820544415545176,0.3740537415594975,27.0,36.0
kdd_cup_2018/h/short,FastCastrage,0.7212102415263005,0.2967024443076729,12.0,13.0
kdd_cup_2018/h/medium,FastCastrage,0.9709881984002096,0.3956863815278997,21.0,24.0
kdd_cup_2018/h/long,FastCastrage,0.9480880874668176,0.4152345170048677,22.0,23.0
m4_daily/d/short,FastCastrage,3.1677525587879787,0.0206222965468367,19.0,9.0
m4_hourly/h/short,FastCastrage,0.6518938209299902,0.018412788706861,13.0,8.0
m4_monthly/m/short,FastCastrage,0.9102066268611854,0.0905644834126402,30.0,30.0
m4_quarterly/q/short,FastCastrage,1.1338825724472368,0.0718984551163286,20.0,13.0
m4_weekly/w/short,FastCastrage,1.8592638682444755,0.0352394028486696,14.0,19.0
m4_yearly/a/short,FastCastrage,3.2342437344561046,0.1124268068718809,44.0,37.0
restaurant/d/short,FastCastrage,0.678122317584521,0.2539329951094045,37.0,22.0
saugeen/d/short,FastCastrage,2.741652080556288,0.3235258182083089,30.0,14.0
saugeen/m/short,FastCastrage,0.7249042074325174,0.2858482842903813,41.0,25.0
saugeen/w/short,FastCastrage,1.2150253524628305,0.3553800423755103,64.0,50.0
solar/10t/short,FastCastrage,0.7957913491664615,0.3806775950684384,23.0,14.0
solar/10t/medium,FastCastrage,0.8105441402392419,0.294018289291006,39.0,18.0
solar/10t/long,FastCastrage,0.7786166114590873,0.2934427829511042,15.0,28.0
solar/d/short,FastCastrage,0.9660743545528224,0.272821478376188,37.0,37.0
solar/h/short,FastCastrage,0.4418462333095233,0.1658057662566589,11.0,9.0
solar/h/medium,FastCastrage,0.7189088249926215,0.2580164429159556,22.0,20.0
solar/h/long,FastCastrage,0.7347968507773059,0.2531580511448504,22.0,21.0
solar/w/short,FastCastrage,1.048051260404698,0.1415776965603936,39.0,32.0
temperature_rain/d/short,FastCastrage,1.3307053511821552,0.5447058610050921,41.0,34.0
us_births/d/short,FastCastrage,0.319279274747034,0.0159636133228581,29.0,18.0
us_births/m/short,FastCastrage,0.6776967560870849,0.0139384693835277,64.0,61.0
us_births/w/short,FastCastrage,0.8869808078158046,0.0103991942831078,13.0,11.0
loop_seattle/5t/short,FlowState-9.1M,0.5760316745958542,0.0499616075748213,81.0,77.0
loop_seattle/5t/medium,FlowState-9.1M,0.7734527843739306,0.0691044541953062,53.0,51.0
loop_seattle/5t/long,FlowState-9.1M,0.8250182708680949,0.0739625711636607,44.0,48.0
loop_seattle/d/short,FlowState-9.1M,0.8751111080929995,0.0419986768368839,44.0,38.0
loop_seattle/h/short,FlowState-9.1M,0.8578659174207104,0.0607177578638883,75.0,67.0
loop_seattle/h/medium,FlowState-9.1M,0.9802017879961532,0.0681540405653582,88.0,76.0
loop_seattle/h/long,FlowState-9.1M,0.9201987421572888,0.0631911510886692,80.0,66.0
m_dense/d/short,FlowState-9.1M,0.7324154243118424,0.0698465957717022,85.0,72.0
m_dense/h/short,FlowState-9.1M,0.794888521288021,0.1313047568761031,68.0,59.0
m_dense/h/medium,FlowState-9.1M,0.6918537392919458,0.1146259495754657,47.0,45.0
m_dense/h/long,FlowState-9.1M,0.7444252434529841,0.121174890213442,77.0,70.0
sz_taxi/15t/short,FlowState-9.1M,0.5514772960536524,0.2025536436469824,84.0,67.0
sz_taxi/15t/medium,FlowState-9.1M,0.5509006403082922,0.2077735852586928,88.0,76.0
sz_taxi/15t/long,FlowState-9.1M,0.5290821987226246,0.2069149376984811,89.0,74.0
sz_taxi/h/short,FlowState-9.1M,0.5756606690704787,0.1383277482230072,93.0,81.0
bitbrains_fast_storage/5t/short,FlowState-9.1M,1.0032515815823284,0.5113067369825212,113.0,108.0
bitbrains_fast_storage/5t/medium,FlowState-9.1M,1.260891455352925,0.7795465054578488,113.0,96.0
bitbrains_fast_storage/5t/long,FlowState-9.1M,1.0374589320494734,0.8255881443730684,99.0,96.0
bitbrains_fast_storage/h/short,FlowState-9.1M,1.104408431680801,0.6996132789973957,82.0,85.0
bitbrains_rnd/5t/short,FlowState-9.1M,1.9620477620454029,0.4632044380693893,105.0,93.0
bitbrains_rnd/5t/medium,FlowState-9.1M,4.581663134278986,0.7238091593893922,100.0,96.0
bitbrains_rnd/5t/long,FlowState-9.1M,3.5251046217605357,0.7270607240923831,99.0,90.0
bitbrains_rnd/h/short,FlowState-9.1M,5.926597311741625,0.664595981096118,94.0,80.0
bizitobs_application/10s/short,FlowState-9.1M,1.3377137863983315,0.0135583680989914,74.0,74.0
bizitobs_application/10s/medium,FlowState-9.1M,2.5893138141163443,0.0420479228329655,79.0,83.0
bizitobs_application/10s/long,FlowState-9.1M,3.3411338993333333,0.0526771394415781,80.0,48.0
bizitobs_l2c/5t/short,FlowState-9.1M,0.3123175702313652,0.0845808560386694,113.0,106.0
bizitobs_l2c/5t/medium,FlowState-9.1M,0.5193918306430902,0.2138909951695262,41.0,33.0
bizitobs_l2c/5t/long,FlowState-9.1M,0.5177408840898012,0.2303326741020421,33.0,28.0
bizitobs_l2c/h/short,FlowState-9.1M,0.4498973653968915,0.1886214231576794,59.0,50.0
bizitobs_l2c/h/medium,FlowState-9.1M,0.4704569255569069,0.2210817991523582,9.0,8.0
bizitobs_l2c/h/long,FlowState-9.1M,0.5469474777475324,0.2475699455703406,20.0,7.0
bizitobs_service/10s/short,FlowState-9.1M,0.8059993822380633,0.0127153968223787,66.0,66.0
bizitobs_service/10s/medium,FlowState-9.1M,1.1440456397927965,0.0267493822651291,69.0,62.0
bizitobs_service/10s/long,FlowState-9.1M,1.3822690402599558,0.0535223974420455,72.0,70.0
car_parts/m/short,FlowState-9.1M,0.8944060493088195,1.0076518334176805,88.0,69.0
covid_deaths/d/short,FlowState-9.1M,34.60603694671917,0.0429937585387171,63.0,76.0
electricity/15t/short,FlowState-9.1M,1.0817436193639087,0.0926970673209571,86.0,80.0
electricity/15t/medium,FlowState-9.1M,0.8556548344188857,0.0756433296699141,67.0,51.0
electricity/15t/long,FlowState-9.1M,0.9053667166654248,0.0749509701869353,69.0,51.0
electricity/d/short,FlowState-9.1M,1.4344403736384097,0.0550441551037374,68.0,49.0
electricity/h/short,FlowState-9.1M,0.9351379841940162,0.0667723266358852,56.0,55.0
electricity/h/medium,FlowState-9.1M,1.092976787129436,0.0767881554318848,81.0,63.0
electricity/h/long,FlowState-9.1M,1.2110867967690446,0.0875299807893321,70.0,54.0
electricity/w/short,FlowState-9.1M,1.3635557497389068,0.0435537931419565,5.0,3.0
ett1/15t/short,FlowState-9.1M,0.6888563402341751,0.1617466807586172,60.0,62.0
ett1/15t/medium,FlowState-9.1M,0.9899225182222048,0.229325114152832,48.0,32.0
ett1/15t/long,FlowState-9.1M,1.0126223652403492,0.2298512894395186,53.0,35.0
ett1/d/short,FlowState-9.1M,1.6288935332388368,0.2799498278363056,24.0,65.0
ett1/h/short,FlowState-9.1M,0.8150353380790544,0.1762152118908626,48.0,44.0
ett1/h/medium,FlowState-9.1M,1.2267932617039403,0.2476742123198925,11.0,15.0
ett1/h/long,FlowState-9.1M,1.33916082947429,0.2699857075194963,27.0,49.0
ett1/w/short,FlowState-9.1M,1.4509044072930064,0.2450065235911059,16.0,12.0
ett2/15t/short,FlowState-9.1M,0.7547916193814699,0.065812683607647,70.0,65.0
ett2/15t/medium,FlowState-9.1M,0.8470324155409298,0.0872080271713718,16.0,24.0
ett2/15t/long,FlowState-9.1M,0.8656004641238805,0.0903115464224439,22.0,30.0
ett2/d/short,FlowState-9.1M,1.4635575132775187,0.1032553035696248,106.0,96.0
ett2/h/short,FlowState-9.1M,0.7215709730957005,0.0631822907791898,26.0,28.0
ett2/h/medium,FlowState-9.1M,1.0379484333384368,0.104314980502405,61.0,52.0
ett2/h/long,FlowState-9.1M,1.0965159499861146,0.111434694393267,87.0,75.0
ett2/w/short,FlowState-9.1M,0.9778324368044548,0.104069809972488,92.0,90.0
hierarchical_sales/d/short,FlowState-9.1M,0.7495294259800727,0.5828056079568731,82.0,83.0
hierarchical_sales/w/short,FlowState-9.1M,0.7124265352171969,0.3398582822825211,19.0,15.0
hospital/m/short,FlowState-9.1M,0.7584542558926894,0.0478925258940756,45.0,8.0
jena_weather/10t/short,FlowState-9.1M,0.2767616179581378,0.0287052208573715,49.0,62.0
jena_weather/10t/medium,FlowState-9.1M,0.6254029435471754,0.0494700150678813,78.0,61.0
jena_weather/10t/long,FlowState-9.1M,0.6608100770639971,0.0507002977630764,76.0,63.0
jena_weather/d/short,FlowState-9.1M,1.0485371388820024,0.0475475473861281,52.0,66.0
jena_weather/h/short,FlowState-9.1M,0.526016955075292,0.0419072690267179,62.0,52.0
jena_weather/h/medium,FlowState-9.1M,0.8571477516894351,0.0528815295823084,91.0,62.0
jena_weather/h/long,FlowState-9.1M,1.0851070705986812,0.0666639095248337,95.0,88.0
kdd_cup_2018/d/short,FlowState-9.1M,1.223272467425053,0.3812015815435914,105.0,79.0
kdd_cup_2018/h/short,FlowState-9.1M,0.9542261628597182,0.3817186229134154,78.0,68.0
kdd_cup_2018/h/medium,FlowState-9.1M,1.084683699202032,0.4368045266133778,99.0,79.0
kdd_cup_2018/h/long,FlowState-9.1M,1.0534284105933664,0.4574898704454568,101.0,78.0
m4_daily/d/short,FlowState-9.1M,3.5933811129151243,0.0243154595141136,107.0,97.0
m4_hourly/h/short,FlowState-9.1M,0.7308697355223807,0.0204907186003662,46.0,39.0
m4_monthly/m/short,FlowState-9.1M,0.9217787164197632,0.0925676042299985,47.0,47.0
m4_quarterly/q/short,FlowState-9.1M,1.153347290185332,0.075494762486233,41.0,55.0
m4_weekly/w/short,FlowState-9.1M,2.022636456714285,0.0366340884948829,51.0,40.0
m4_yearly/a/short,FlowState-9.1M,2.957246114331518,0.1069378729835909,6.0,13.0
restaurant/d/short,FlowState-9.1M,0.681671230570501,0.2559205236124014,47.0,42.0
saugeen/d/short,FlowState-9.1M,2.7363346763757384,0.3288654873310104,29.0,23.0
saugeen/m/short,FlowState-9.1M,0.7480760568691176,0.2956434724920371,75.0,57.0
saugeen/w/short,FlowState-9.1M,1.167129186427576,0.3565493789759373,25.0,52.0
solar/10t/short,FlowState-9.1M,1.0258561153573258,0.5199798844919239,77.0,70.0
solar/10t/medium,FlowState-9.1M,0.8992403786637814,0.3564008619432532,84.0,78.0
solar/10t/long,FlowState-9.1M,0.8511553963682477,0.337312845596747,71.0,70.0
solar/d/short,FlowState-9.1M,0.9914601541317252,0.277712421695133,80.0,58.0
solar/h/short,FlowState-9.1M,0.8724446953179906,0.3331443526320188,74.0,72.0
solar/h/medium,FlowState-9.1M,0.8764719755896929,0.3450184691760544,69.0,77.0
solar/h/long,FlowState-9.1M,0.942005746657252,0.3335355229807926,65.0,63.0
solar/w/short,FlowState-9.1M,0.838795166934673,0.1223576421603901,7.0,7.0
temperature_rain/d/short,FlowState-9.1M,1.3497787807137442,0.5497859033550305,63.0,47.0
us_births/d/short,FlowState-9.1M,0.4573647670456565,0.0236868412890482,90.0,87.0
us_births/m/short,FlowState-9.1M,0.6995303835548405,0.0149233463890018,74.0,74.0
us_births/w/short,FlowState-9.1M,1.0174865839349032,0.0118816308320566,52.0,48.0
loop_seattle/5t/short,FlowState-r1.1,0.5585164871955189,0.0483259059929943,63.0,61.0
loop_seattle/5t/medium,FlowState-r1.1,0.7340415633852784,0.0656451274424154,30.0,35.0
loop_seattle/5t/long,FlowState-r1.1,0.7847423188554609,0.0704726208983608,21.0,30.0
loop_seattle/d/short,FlowState-r1.1,0.8852385524728139,0.0439973035447309,66.0,78.0
loop_seattle/h/short,FlowState-r1.1,0.8354556467000297,0.0586078440041686,66.0,54.0
loop_seattle/h/medium,FlowState-r1.1,0.9338664808678644,0.0647237804638287,71.0,62.0
loop_seattle/h/long,FlowState-r1.1,0.881609157316706,0.0598261300450432,60.0,52.0
m_dense/d/short,FlowState-r1.1,0.7080525556385575,0.0674537060494949,74.0,65.0
m_dense/h/short,FlowState-r1.1,0.7908603854810199,0.1325424456470623,64.0,65.0
m_dense/h/medium,FlowState-r1.1,0.7013222843424145,0.116484184339851,59.0,55.0
m_dense/h/long,FlowState-r1.1,0.6990924490177047,0.1135687087096389,55.0,43.0
sz_taxi/15t/short,FlowState-r1.1,0.5464031171222989,0.2040597969683889,68.0,81.0
sz_taxi/15t/medium,FlowState-r1.1,0.5385217982835804,0.20562579105609,63.0,70.0
sz_taxi/15t/long,FlowState-r1.1,0.5158517998320638,0.200620836564499,77.0,58.0
sz_taxi/h/short,FlowState-r1.1,0.5801890213933354,0.1407726364243834,102.0,93.0
bitbrains_fast_storage/5t/short,FlowState-r1.1,0.7519912197587632,0.4061369341649599,77.0,57.0
bitbrains_fast_storage/5t/medium,FlowState-r1.1,1.045613905514075,0.6566134834043376,78.0,68.0
bitbrains_fast_storage/5t/long,FlowState-r1.1,0.9590761896289092,0.7406708163367473,79.0,75.0
bitbrains_fast_storage/h/short,FlowState-r1.1,1.0820700147909392,0.6996050717085824,72.0,84.0
bitbrains_rnd/5t/short,FlowState-r1.1,1.7681451504562586,0.422501174777909,89.0,64.0
bitbrains_rnd/5t/medium,FlowState-r1.1,4.475115798948466,0.6231177815796237,84.0,52.0
bitbrains_rnd/5t/long,FlowState-r1.1,3.4129345721695743,0.627068224219766,80.0,49.0
bitbrains_rnd/h/short,FlowState-r1.1,5.868490186601384,0.6419735300133448,75.0,64.0
bizitobs_application/10s/short,FlowState-r1.1,1.1823625169483314,0.0117556893833405,63.0,65.0
bizitobs_application/10s/medium,FlowState-r1.1,2.3676547555327216,0.0389513270259114,52.0,64.0
bizitobs_application/10s/long,FlowState-r1.1,3.216036669297102,0.0533361133002897,52.0,57.0
bizitobs_l2c/5t/short,FlowState-r1.1,0.276430121944435,0.0739651695885009,72.0,60.0
bizitobs_l2c/5t/medium,FlowState-r1.1,0.4470985778463834,0.1843088413891569,11.0,7.0
bizitobs_l2c/5t/long,FlowState-r1.1,0.4201120602023128,0.1855358510294933,3.0,3.0
bizitobs_l2c/h/short,FlowState-r1.1,0.4265055652409423,0.1803095237048081,29.0,22.0
bizitobs_l2c/h/medium,FlowState-r1.1,0.4569991438798539,0.2150753777570809,6.0,6.0
bizitobs_l2c/h/long,FlowState-r1.1,0.5384132586346023,0.2476359444838448,10.0,9.0
bizitobs_service/10s/short,FlowState-r1.1,0.7618789966532473,0.011750894008903,48.0,55.0
bizitobs_service/10s/medium,FlowState-r1.1,1.0852290148445844,0.0308909363565525,62.0,76.0
bizitobs_service/10s/long,FlowState-r1.1,1.344908114283321,0.0530009267095947,57.0,64.0
car_parts/m/short,FlowState-r1.1,0.8372151288965608,0.9378051838705076,40.0,18.0
covid_deaths/d/short,FlowState-r1.1,34.05063977408983,0.0334547915002071,57.0,51.0
electricity/15t/short,FlowState-r1.1,1.032094945860029,0.0890889196932202,68.0,65.0
electricity/15t/medium,FlowState-r1.1,0.8294280868833853,0.0743104292015404,50.0,47.0
electricity/15t/long,FlowState-r1.1,0.8798687887631998,0.0731759657660326,51.0,41.0
electricity/d/short,FlowState-r1.1,1.4243974716455194,0.0556143212472989,64.0,57.0
electricity/h/short,FlowState-r1.1,0.9619028196498476,0.0681427911952386,68.0,67.0
electricity/h/medium,FlowState-r1.1,1.0733431319975204,0.0756033463338115,65.0,52.0
electricity/h/long,FlowState-r1.1,1.1953276268295878,0.0878607065359335,65.0,59.0
electricity/w/short,FlowState-r1.1,1.3594268430357417,0.0463137827051284,4.0,13.0
ett1/15t/short,FlowState-r1.1,0.6766890014504159,0.1582779779451138,40.0,46.0
ett1/15t/medium,FlowState-r1.1,0.9899752461852758,0.2302149137699443,50.0,39.0
ett1/15t/long,FlowState-r1.1,1.0145398677902764,0.2284292710095576,60.0,32.0
ett1/d/short,FlowState-r1.1,1.581535388586393,0.2771837936830846,7.0,54.0
ett1/h/short,FlowState-r1.1,0.8244809076861775,0.181706814247171,62.0,66.0
ett1/h/medium,FlowState-r1.1,1.2648960406205094,0.2554363189256327,51.0,47.0
ett1/h/long,FlowState-r1.1,1.3670575458208438,0.2680549794137075,51.0,45.0
ett1/w/short,FlowState-r1.1,1.3643363010023326,0.2374214632178765,2.0,6.0
ett2/15t/short,FlowState-r1.1,0.725191432710606,0.0633555175822346,34.0,42.0
ett2/15t/medium,FlowState-r1.1,0.8735594682799485,0.0899161296351619,56.0,59.0
ett2/15t/long,FlowState-r1.1,0.8812962652946466,0.0911510780435855,48.0,43.0
ett2/d/short,FlowState-r1.1,1.4766893919320996,0.1032861973266887,107.0,97.0
ett2/h/short,FlowState-r1.1,0.7153557065546415,0.0633116045911922,11.0,29.0
ett2/h/medium,FlowState-r1.1,1.0343091666071846,0.1059805505287412,59.0,60.0
ett2/h/long,FlowState-r1.1,1.0936991912522709,0.1131776542076043,85.0,79.0
ett2/w/short,FlowState-r1.1,0.9147873844250944,0.0960914932191652,78.0,76.0
hierarchical_sales/d/short,FlowState-r1.1,0.7504326015202561,0.5901059020086894,88.0,96.0
hierarchical_sales/w/short,FlowState-r1.1,0.7051757021096121,0.3363650389267718,9.0,12.0
hospital/m/short,FlowState-r1.1,0.74437363544445,0.0466805436624338,21.0,2.0
jena_weather/10t/short,FlowState-r1.1,0.2775795614205036,0.0275492059436917,51.0,46.0
jena_weather/10t/medium,FlowState-r1.1,0.5859960273681665,0.0477119434586331,35.0,42.0
jena_weather/10t/long,FlowState-r1.1,0.6118957062764383,0.0475897787085499,11.0,29.0
jena_weather/d/short,FlowState-r1.1,0.9967967016292067,0.0449109656616528,18.0,34.0
jena_weather/h/short,FlowState-r1.1,0.5304386924037128,0.0414164558259215,68.0,42.0
jena_weather/h/medium,FlowState-r1.1,0.8112445925213712,0.0520738948009475,70.0,56.0
jena_weather/h/long,FlowState-r1.1,0.9666116556197653,0.0575702979215896,52.0,52.0
kdd_cup_2018/d/short,FlowState-r1.1,1.1813600086741345,0.3825638291872041,25.0,83.0
kdd_cup_2018/h/short,FlowState-r1.1,0.9512020153841012,0.3864503960565396,73.0,74.0
kdd_cup_2018/h/medium,FlowState-r1.1,1.0545740815810614,0.4316257814843089,80.0,71.0
kdd_cup_2018/h/long,FlowState-r1.1,1.0347222292234943,0.4572102373747373,79.0,77.0
m4_daily/d/short,FlowState-r1.1,3.522997039075566,0.0230194839474434,101.0,82.0
m4_hourly/h/short,FlowState-r1.1,0.7341721209547745,0.0237160327518417,48.0,67.0
m4_monthly/m/short,FlowState-r1.1,0.9231846831529944,0.0940825346010079,48.0,65.0
m4_quarterly/q/short,FlowState-r1.1,1.1422491640328631,0.0761010775288063,31.0,61.0
m4_weekly/w/short,FlowState-r1.1,1.9963062730080456,0.0362739521771988,43.0,31.0
m4_yearly/a/short,FlowState-r1.1,2.990569895741503,0.1099911817052977,18.0,24.0
restaurant/d/short,FlowState-r1.1,0.6861334271843667,0.2598849281296545,54.0,61.0
saugeen/d/short,FlowState-r1.1,2.5295908414038117,0.3064200182621023,4.0,4.0
saugeen/m/short,FlowState-r1.1,0.7158703691414229,0.2870473343991321,28.0,30.0
saugeen/w/short,FlowState-r1.1,1.1463315835290424,0.3461251604009651,14.0,20.0
solar/10t/short,FlowState-r1.1,0.9287901085571952,0.4759049305194654,59.0,55.0
solar/10t/medium,FlowState-r1.1,0.8213368024611923,0.3320914339213908,46.0,58.0
solar/10t/long,FlowState-r1.1,0.8125172596409251,0.3225571079912444,55.0,59.0
solar/d/short,FlowState-r1.1,1.0057995392307877,0.274394898495606,92.0,44.0
solar/h/short,FlowState-r1.1,0.8514343790179513,0.3308139131661982,57.0,67.0
solar/h/medium,FlowState-r1.1,0.8316482945272915,0.3167292657671744,43.0,51.0
solar/h/long,FlowState-r1.1,0.8894328764507248,0.3094097699773962,52.0,49.0
solar/w/short,FlowState-r1.1,0.9852421878138512,0.1389312777271614,23.0,26.0
temperature_rain/d/short,FlowState-r1.1,1.3366877239330506,0.5541995268610795,50.0,64.0
us_births/d/short,FlowState-r1.1,0.4335410757565915,0.0227217439356481,81.0,80.0
us_births/m/short,FlowState-r1.1,0.6884564844064888,0.0152313633111428,70.0,77.0
us_births/w/short,FlowState-r1.1,0.9581356887388214,0.0116764824200306,38.0,43.0
loop_seattle/5t/long,ForecastMate,0.5650399350659511,0.0500094042229498,4.0,5.0
loop_seattle/5t/medium,ForecastMate,0.4497994536934602,0.0384724435736285,3.0,3.0
loop_seattle/5t/short,ForecastMate,0.488000902844932,0.0415487928513611,6.0,5.0
loop_seattle/d/short,ForecastMate,0.8668488026702639,0.0418569134311393,31.0,36.0
loop_seattle/h/long,ForecastMate,0.7676770523752289,0.0515351433121127,6.0,5.0
loop_seattle/h/medium,ForecastMate,0.7385436367665511,0.049626030532579,6.0,6.0
loop_seattle/h/short,ForecastMate,0.6895793115161079,0.0466636311847471,6.0,4.0
m_dense/d/short,ForecastMate,0.6150854802440544,0.0578214712563664,15.0,13.0
m_dense/h/long,ForecastMate,0.6824050246094079,0.1133079814813853,39.0,42.0
m_dense/h/medium,ForecastMate,0.7256923727109014,0.1226144385180394,72.0,76.0
m_dense/h/short,ForecastMate,0.7817140042933339,0.128340564216378,55.0,51.0
sz_taxi/15t/long,ForecastMate,0.5539275057673886,0.2134386394198409,104.0,82.0
sz_taxi/15t/medium,ForecastMate,0.5337761505127873,0.2012908987333697,28.0,32.0
sz_taxi/15t/short,ForecastMate,0.5422024156008826,0.1996177182133313,34.0,34.0
sz_taxi/h/short,ForecastMate,0.5605347968095556,0.1349537309543439,41.0,35.0
bitbrains_fast_storage/5t/long,ForecastMate,0.8179849395086406,0.5895239165979449,7.0,8.0
bitbrains_fast_storage/5t/medium,ForecastMate,0.9172611395919646,0.5758776013037037,10.0,9.0
bitbrains_fast_storage/5t/short,ForecastMate,0.6384115295880004,0.3387900845434674,21.0,3.0
bitbrains_fast_storage/h/short,ForecastMate,1.0676747135779916,0.6684146211531575,64.0,72.0
bitbrains_rnd/5t/long,ForecastMate,3.239655863356165,0.5363952123427256,5.0,3.0
bitbrains_rnd/5t/medium,ForecastMate,4.394094220904638,0.6253308368127498,54.0,53.0
bitbrains_rnd/5t/short,ForecastMate,1.5771948926189472,0.3693291424494387,14.0,7.0
bitbrains_rnd/h/short,ForecastMate,5.868490185232852,0.6419735171313339,74.0,63.0
bizitobs_application/10s/long,ForecastMate,3.316937372918972,0.0553104428372141,73.0,80.0
bizitobs_application/10s/medium,ForecastMate,2.491444192230356,0.0405602348735985,73.0,74.0
bizitobs_application/10s/short,ForecastMate,1.11780702892126,0.0114190816741408,59.0,56.0
bizitobs_l2c/5t/long,ForecastMate,0.4201120805070705,0.1855358443774892,5.0,2.0
bizitobs_l2c/5t/medium,ForecastMate,0.447098570303529,0.1843088391546272,10.0,6.0
bizitobs_l2c/5t/short,ForecastMate,0.2665168895241863,0.0691403925069168,53.0,39.0
bizitobs_l2c/h/long,ForecastMate,0.5384132593498233,0.2476359526890986,11.0,10.0
bizitobs_l2c/h/medium,ForecastMate,0.4569991549351437,0.2150753843109254,7.0,7.0
bizitobs_l2c/h/short,ForecastMate,0.4260634175789759,0.1846467614776084,24.0,37.0
bizitobs_service/10s/long,ForecastMate,1.296400270160737,0.0525285847315504,27.0,58.0
bizitobs_service/10s/medium,ForecastMate,1.0596018166372645,0.0253518718976429,54.0,57.0
bizitobs_service/10s/short,ForecastMate,0.7141197807702986,0.0102662507163983,30.0,32.0
car_parts/m/short,ForecastMate,0.8353912164589953,0.9524517947465088,30.0,30.0
covid_deaths/d/short,ForecastMate,32.395134015248324,0.0356169743825245,39.0,60.0
electricity/15t/long,ForecastMate,0.8554107884837884,0.071673045602198,26.0,27.0
electricity/15t/medium,ForecastMate,0.8041393065180453,0.0714217569925732,26.0,22.0
electricity/15t/short,ForecastMate,0.9223486147478196,0.0783787032737244,27.0,22.0
electricity/d/short,ForecastMate,1.414859760926703,0.0580690900615137,56.0,78.0
electricity/h/long,ForecastMate,1.1925033109540075,0.0877503400270407,56.0,55.0
electricity/h/medium,ForecastMate,1.0733431370286777,0.0756033472813555,66.0,53.0
electricity/h/short,ForecastMate,0.9779271250227124,0.0679304897766721,73.0,62.0
electricity/w/short,ForecastMate,1.6191878663326638,0.0560885060585885,85.0,76.0
ett1/15t/long,ForecastMate,0.975509466428047,0.2232388764289078,26.0,19.0
ett1/15t/medium,ForecastMate,0.9618852587581552,0.2242293181258839,14.0,17.0
ett1/15t/short,ForecastMate,0.6869282234710591,0.1652939847715502,56.0,70.0
ett1/d/short,ForecastMate,1.581535399870705,0.2771837853276849,8.0,53.0
ett1/h/long,ForecastMate,1.3773630692955083,0.2594999288722156,60.0,21.0
ett1/h/medium,ForecastMate,1.21882790925915,0.2446430712084645,6.0,6.0
ett1/h/short,ForecastMate,0.824097111980102,0.1759949882750069,60.0,40.0
ett1/w/short,ForecastMate,1.6461227732076875,0.2859638789087464,92.0,86.0
ett2/15t/long,ForecastMate,0.8763700128307002,0.0907475141551701,42.0,39.0
ett2/15t/medium,ForecastMate,0.868472305098638,0.0891935222259768,53.0,49.0
ett2/15t/short,ForecastMate,0.7261654241499441,0.0621924525171924,37.0,30.0
ett2/d/short,ForecastMate,1.280335077578746,0.0903385808735272,41.0,19.0
ett2/h/long,ForecastMate,1.034342451316271,0.1038084821138775,53.0,44.0
ett2/h/medium,ForecastMate,1.0200596751884068,0.1032065951509987,38.0,40.0
ett2/h/short,ForecastMate,0.7362620339270495,0.0642445218919972,60.0,47.0
ett2/w/short,ForecastMate,0.7715579421575838,0.0896346953514594,31.0,60.0
hierarchical_sales/d/short,ForecastMate,0.7486554075343684,0.5793288427842479,75.0,69.0
hierarchical_sales/w/short,ForecastMate,0.7093434387257062,0.3407268811539126,12.0,24.0
hospital/m/short,ForecastMate,0.7525293576126982,0.0494550452806084,36.0,25.0
jena_weather/10t/long,ForecastMate,0.6344351524269174,0.047174674037973,40.0,20.0
jena_weather/10t/medium,ForecastMate,0.5695350288199136,0.0459507711093164,14.0,17.0
jena_weather/10t/short,ForecastMate,0.2491081142243244,0.0252313401021529,8.0,4.0
jena_weather/d/short,ForecastMate,0.9967966512755672,0.044910968654465,17.0,35.0
jena_weather/h/long,ForecastMate,0.8937080384416715,0.0520321238433429,23.0,11.0
jena_weather/h/medium,ForecastMate,0.7170848927164004,0.0495312170793646,4.0,31.0
jena_weather/h/short,ForecastMate,0.5079935301786679,0.0401981077866012,2.0,9.0
kdd_cup_2018/d/short,ForecastMate,1.1977513920902327,0.3665565445436672,70.0,12.0
kdd_cup_2018/h/long,ForecastMate,1.0469089028101,0.4453330265524091,92.0,49.0
kdd_cup_2018/h/medium,ForecastMate,1.0401058215670114,0.4172199103173624,51.0,36.0
kdd_cup_2018/h/short,ForecastMate,0.8659846516072804,0.3549474899609197,21.0,24.0
m4_daily/d/short,ForecastMate,3.1800099890786,0.0207559816892529,24.0,13.0
m4_hourly/h/short,ForecastMate,0.7442804107866752,0.0303151825634886,55.0,96.0
m4_monthly/m/short,ForecastMate,0.9671323407212208,0.0948414507456012,76.0,69.0
m4_quarterly/q/short,ForecastMate,1.1422491705203697,0.0761010779632059,32.0,62.0
m4_weekly/w/short,ForecastMate,1.863837669343111,0.0365835099181612,17.0,38.0
m4_yearly/a/short,ForecastMate,2.990569905276899,0.1099911821657334,19.0,25.0
restaurant/d/short,ForecastMate,0.6776595385325721,0.2543246084399274,30.0,29.0
saugeen/d/short,ForecastMate,2.5295909619015373,0.3064200195692432,5.0,5.0
saugeen/m/short,ForecastMate,0.7158703405313008,0.2870473590091588,27.0,31.0
saugeen/w/short,ForecastMate,1.1463316143586122,0.3461251641873147,15.0,21.0
solar/10t/long,ForecastMate,0.7941238948736801,0.2900662056010794,32.0,19.0
solar/10t/medium,ForecastMate,0.7899656099442067,0.2902240400508014,15.0,7.0
solar/10t/short,ForecastMate,0.7784342915058164,0.3859580467283565,20.0,16.0
solar/d/short,ForecastMate,0.9610008139745196,0.2666072078465039,21.0,10.0
solar/h/long,ForecastMate,0.4730550608426946,0.1689575173108704,9.0,8.0
solar/h/medium,ForecastMate,0.4496843815750734,0.1643772067632201,7.0,7.0
solar/h/short,ForecastMate,0.4141606434507502,0.1544266363759504,4.0,3.0
solar/w/short,ForecastMate,1.0123458885846974,0.1387024331977287,32.0,25.0
temperature_rain/d/short,ForecastMate,1.3043262919128729,0.5278321257236234,8.0,6.0
us_births/d/short,ForecastMate,0.326572545240575,0.0165164235431401,38.0,33.0
us_births/m/short,ForecastMate,0.6884563280868506,0.0152313610643306,69.0,76.0
us_births/w/short,ForecastMate,0.9581353083510634,0.0116764839771715,37.0,44.0
loop_seattle/5t/short,Granite-FlowState-r1.1,0.5714188054170729,0.0494651332627493,80.0,73.0
loop_seattle/5t/medium,Granite-FlowState-r1.1,0.7355908458932993,0.0660436353758213,31.0,36.0
loop_seattle/5t/long,Granite-FlowState-r1.1,0.7851269596650206,0.0708743377157714,22.0,33.0
loop_seattle/d/short,Granite-FlowState-r1.1,0.8805285351780197,0.0433403759837729,57.0,69.0
loop_seattle/h/short,Granite-FlowState-r1.1,0.8353130070728667,0.0591284488902387,65.0,60.0
loop_seattle/h/medium,Granite-FlowState-r1.1,0.9164186983330672,0.0643069935408418,60.0,58.0
loop_seattle/h/long,Granite-FlowState-r1.1,0.8704855349849465,0.0597443937531761,49.0,50.0
m_dense/d/short,Granite-FlowState-r1.1,0.6780280804854826,0.0649036351398757,58.0,53.0
m_dense/h/short,Granite-FlowState-r1.1,0.786622690912705,0.132584061189239,61.0,66.0
m_dense/h/medium,Granite-FlowState-r1.1,0.6961297413615561,0.1151173926079383,51.0,46.0
m_dense/h/long,Granite-FlowState-r1.1,0.699150208087103,0.1132062591978625,56.0,38.0
sz_taxi/15t/short,Granite-FlowState-r1.1,0.5487755720731621,0.2044651690091268,75.0,83.0
sz_taxi/15t/medium,Granite-FlowState-r1.1,0.5425405698390648,0.2073763274291691,75.0,75.0
sz_taxi/15t/long,Granite-FlowState-r1.1,0.5207498415541186,0.2033367834149199,82.0,70.0
sz_taxi/h/short,Granite-FlowState-r1.1,0.5741635514335869,0.1398694383426523,91.0,88.0
bitbrains_fast_storage/5t/short,Granite-FlowState-r1.1,0.7460947559842351,0.4097394675298346,75.0,60.0
bitbrains_fast_storage/5t/medium,Granite-FlowState-r1.1,1.0401858161035211,0.6986505286923888,76.0,80.0
bitbrains_fast_storage/5t/long,Granite-FlowState-r1.1,0.9603073993104954,0.782488449870848,81.0,86.0
bitbrains_fast_storage/h/short,Granite-FlowState-r1.1,1.0869194034844711,0.71977635355069,74.0,91.0
bitbrains_rnd/5t/short,Granite-FlowState-r1.1,1.7638507722292056,0.4377197229911648,88.0,79.0
bitbrains_rnd/5t/medium,Granite-FlowState-r1.1,4.464451525691743,0.6362422697013934,81.0,62.0
bitbrains_rnd/5t/long,Granite-FlowState-r1.1,3.407751177916408,0.633359061321069,79.0,55.0
bitbrains_rnd/h/short,Granite-FlowState-r1.1,5.868019925284047,0.6403773136699781,73.0,61.0
bizitobs_application/10s/short,Granite-FlowState-r1.1,1.0945138008656972,0.0110399461001687,52.0,55.0
bizitobs_application/10s/medium,Granite-FlowState-r1.1,2.457095499052917,0.0403745995518341,62.0,72.0
bizitobs_application/10s/long,Granite-FlowState-r1.1,3.2620142809770902,0.0526541577282353,61.0,47.0
bizitobs_l2c/5t/short,Granite-FlowState-r1.1,0.2695258510184301,0.0741549509850841,59.0,62.0
bizitobs_l2c/5t/medium,Granite-FlowState-r1.1,0.4387651439909097,0.1849182910027832,7.0,8.0
bizitobs_l2c/5t/long,Granite-FlowState-r1.1,0.4379864282822144,0.1960735923909682,10.0,9.0
bizitobs_l2c/h/short,Granite-FlowState-r1.1,0.4433349303328908,0.1897231893499972,52.0,52.0
bizitobs_l2c/h/medium,Granite-FlowState-r1.1,0.4701872051778158,0.2250786507696761,8.0,12.0
bizitobs_l2c/h/long,Granite-FlowState-r1.1,0.5363875361879832,0.2518555741131467,7.0,22.0
bizitobs_service/10s/short,Granite-FlowState-r1.1,0.7633172189610371,0.0117792189334014,49.0,57.0
bizitobs_service/10s/medium,Granite-FlowState-r1.1,1.112505594471713,0.03297085681352,67.0,80.0
bizitobs_service/10s/long,Granite-FlowState-r1.1,1.34026243075258,0.0531637312361218,55.0,68.0
car_parts/m/short,Granite-FlowState-r1.1,0.8515586780548303,0.9398160803710928,56.0,19.0
covid_deaths/d/short,Granite-FlowState-r1.1,35.86894481209891,0.0351386630023893,71.0,56.0
electricity/15t/short,Granite-FlowState-r1.1,1.018241379395906,0.0879004866180473,62.0,61.0
electricity/15t/medium,Granite-FlowState-r1.1,0.8243936458064528,0.0729588649777341,47.0,41.0
electricity/15t/long,Granite-FlowState-r1.1,0.8717266114253,0.0725493722294965,44.0,37.0
electricity/d/short,Granite-FlowState-r1.1,1.417458035095331,0.0557582073157488,60.0,59.0
electricity/h/short,Granite-FlowState-r1.1,0.9460497151690752,0.0674233074478399,58.0,60.0
electricity/h/medium,Granite-FlowState-r1.1,1.0782392203396434,0.0763968962276965,70.0,62.0
electricity/h/long,Granite-FlowState-r1.1,1.2119279435299404,0.0884182122974517,71.0,61.0
electricity/w/short,Granite-FlowState-r1.1,1.3812113732597766,0.0458255605047542,11.0,7.0
ett1/15t/short,Granite-FlowState-r1.1,0.6802917207627877,0.1567541764212187,50.0,37.0
ett1/15t/medium,Granite-FlowState-r1.1,1.0032300671345475,0.2361714006070424,57.0,55.0
ett1/15t/long,Granite-FlowState-r1.1,1.0242953807403656,0.2388050481580943,67.0,60.0
ett1/d/short,Granite-FlowState-r1.1,1.5470503094593109,0.268597089231379,5.0,17.0
ett1/h/short,Granite-FlowState-r1.1,0.8149935271966231,0.1786453143938567,47.0,55.0
ett1/h/medium,Granite-FlowState-r1.1,1.2239744855247616,0.249008847940679,10.0,18.0
ett1/h/long,Granite-FlowState-r1.1,1.345518954092143,0.2666175637172497,33.0,42.0
ett1/w/short,Granite-FlowState-r1.1,1.478741481365925,0.2587682415508756,21.0,41.0
ett2/15t/short,Granite-FlowState-r1.1,0.7384027233646114,0.0643676299265993,50.0,53.0
ett2/15t/medium,Granite-FlowState-r1.1,0.8868956733739541,0.0920725889363623,64.0,72.0
ett2/15t/long,Granite-FlowState-r1.1,0.9050912457629584,0.0943523584810855,68.0,71.0
ett2/d/short,Granite-FlowState-r1.1,1.3897593474455543,0.1030254293205653,86.0,95.0
ett2/h/short,Granite-FlowState-r1.1,0.7207248261847619,0.0642749356386234,25.0,50.0
ett2/h/medium,Granite-FlowState-r1.1,1.0412887069439127,0.1062382852729768,66.0,61.0
ett2/h/long,Granite-FlowState-r1.1,1.097435592836727,0.1127666478525031,88.0,77.0
ett2/w/short,Granite-FlowState-r1.1,0.9695904656565124,0.1065270279285997,89.0,95.0
hierarchical_sales/d/short,Granite-FlowState-r1.1,0.7465963613500913,0.5827202312601111,63.0,82.0
hierarchical_sales/w/short,Granite-FlowState-r1.1,0.7041560075862549,0.334560405392833,8.0,10.0
hospital/m/short,Granite-FlowState-r1.1,0.7402010891489667,0.0470230959977663,10.0,5.0
jena_weather/10t/short,Granite-FlowState-r1.1,0.2771594747713172,0.0272987455296884,50.0,39.0
jena_weather/10t/medium,Granite-FlowState-r1.1,0.59664313258057,0.0476691938250907,45.0,41.0
jena_weather/10t/long,Granite-FlowState-r1.1,0.6030176689845642,0.0476599831379125,6.0,33.0
jena_weather/d/short,Granite-FlowState-r1.1,0.9939123424562556,0.0455836460927111,15.0,49.0
jena_weather/h/short,Granite-FlowState-r1.1,0.5196861226091521,0.0411983108858937,35.0,40.0
jena_weather/h/medium,Granite-FlowState-r1.1,0.7842942648496598,0.0508341753944632,52.0,47.0
jena_weather/h/long,Granite-FlowState-r1.1,0.9848209886039994,0.0688051434909152,57.0,93.0
kdd_cup_2018/d/short,Granite-FlowState-r1.1,1.1951445046864824,0.3868580914260898,60.0,91.0
kdd_cup_2018/h/short,Granite-FlowState-r1.1,0.9372166722022238,0.3812229277186003,55.0,67.0
kdd_cup_2018/h/medium,Granite-FlowState-r1.1,1.0530793374274845,0.4283076640916907,76.0,68.0
kdd_cup_2018/h/long,Granite-FlowState-r1.1,1.0311357462105597,0.4533249005609384,74.0,70.0
m4_daily/d/short,Granite-FlowState-r1.1,3.4131109315753108,0.0229009318022254,91.0,78.0
m4_hourly/h/short,Granite-FlowState-r1.1,0.713990207508164,0.021355581556836,39.0,48.0
m4_monthly/m/short,Granite-FlowState-r1.1,0.916699987111396,0.0931532832288947,40.0,54.0
m4_quarterly/q/short,Granite-FlowState-r1.1,1.142081618542412,0.0746445926558643,30.0,48.0
m4_weekly/w/short,Granite-FlowState-r1.1,2.003717481484363,0.0364723787808129,46.0,35.0
m4_yearly/a/short,Granite-FlowState-r1.1,2.984024894070045,0.1074389783657708,15.0,18.0
restaurant/d/short,Granite-FlowState-r1.1,0.677381609597049,0.2561261610293061,24.0,44.0
saugeen/d/short,Granite-FlowState-r1.1,2.617649999084457,0.3145255954917624,9.0,7.0
saugeen/m/short,Granite-FlowState-r1.1,0.7111608211623143,0.2828681612335398,17.0,17.0
saugeen/w/short,Granite-FlowState-r1.1,1.126597692510595,0.3435656589218223,11.0,16.0
solar/10t/short,Granite-FlowState-r1.1,0.9589325577874788,0.4935898798135239,67.0,66.0
solar/10t/medium,Granite-FlowState-r1.1,0.8232591275892576,0.3314387984075189,49.0,56.0
solar/10t/long,Granite-FlowState-r1.1,0.8242874371025948,0.3226831328999706,59.0,60.0
solar/d/short,Granite-FlowState-r1.1,1.02409644292405,0.2780918687327324,107.0,61.0
solar/h/short,Granite-FlowState-r1.1,0.8659475080751678,0.3374567053281965,66.0,78.0
solar/h/medium,Granite-FlowState-r1.1,0.839777069545184,0.3270440102535173,46.0,59.0
solar/h/long,Granite-FlowState-r1.1,0.8878626267514227,0.3289004335366227,49.0,57.0
solar/w/short,Granite-FlowState-r1.1,0.927460577256568,0.1333145763617965,12.0,16.0
temperature_rain/d/short,Granite-FlowState-r1.1,1.333805731412502,0.5539753872752878,46.0,62.0
us_births/d/short,Granite-FlowState-r1.1,0.4175609173313895,0.0216944048895594,77.0,73.0
us_births/m/short,Granite-FlowState-r1.1,0.667696291168976,0.0149200158943449,61.0,73.0
us_births/w/short,Granite-FlowState-r1.1,0.965676950192078,0.0119442853004349,39.0,51.0
bitbrains_fast_storage/5t/long,Granite-PatchTST-FM-r1,0.8835260186384448,0.655179639612732,45.0,28.0
bitbrains_fast_storage/5t/medium,Granite-PatchTST-FM-r1,0.9833245733486772,0.5900655532810936,55.0,17.0
bitbrains_fast_storage/5t/short,Granite-PatchTST-FM-r1,0.7333684488586926,0.3768071796512747,72.0,32.0
bitbrains_fast_storage/h/short,Granite-PatchTST-FM-r1,1.1892983194717002,0.6342816013834021,101.0,44.0
bitbrains_rnd/5t/long,Granite-PatchTST-FM-r1,3.3229869039654143,0.6949354567739926,56.0,81.0
bitbrains_rnd/5t/medium,Granite-PatchTST-FM-r1,4.386970607331847,0.6387112853902226,47.0,66.0
bitbrains_rnd/5t/short,Granite-PatchTST-FM-r1,1.6628450304097355,0.3947585807419383,66.0,38.0
bitbrains_rnd/h/short,Granite-PatchTST-FM-r1,5.783279698051841,0.5866811869518448,26.0,14.0
bizitobs_application/10s/long,Granite-PatchTST-FM-r1,2.8141896501849737,0.0385763341730791,6.0,4.0
bizitobs_application/10s/medium,Granite-PatchTST-FM-r1,2.1815994191328287,0.031389051072567,34.0,27.0
bizitobs_application/10s/short,Granite-PatchTST-FM-r1,1.0330746183122967,0.0104364307084782,35.0,49.0
bizitobs_l2c/5t/long,Granite-PatchTST-FM-r1,0.8020580458368616,0.3395052383335766,73.0,71.0
bizitobs_l2c/5t/medium,Granite-PatchTST-FM-r1,0.6397992289605405,0.2570901289892507,72.0,67.0
bizitobs_l2c/5t/short,Granite-PatchTST-FM-r1,0.27508879758439,0.0744579968392201,66.0,65.0
bizitobs_l2c/h/long,Granite-PatchTST-FM-r1,0.5604280735871783,0.2640906197769966,42.0,48.0
bizitobs_l2c/h/medium,Granite-PatchTST-FM-r1,0.5133178873831814,0.2490579016445379,73.0,64.0
bizitobs_l2c/h/short,Granite-PatchTST-FM-r1,0.4926453726385679,0.206441463964781,78.0,70.0
bizitobs_service/10s/long,Granite-PatchTST-FM-r1,1.2479301866344925,0.0449459898779979,9.0,1.0
bizitobs_service/10s/medium,Granite-PatchTST-FM-r1,1.0288784916062734,0.0238714811508857,45.0,48.0
bizitobs_service/10s/short,Granite-PatchTST-FM-r1,0.7309067102604315,0.0112838944570345,43.0,47.0
car_parts/m/short,Granite-PatchTST-FM-r1,1.876759252700665,1.4383714554290363,127.0,119.0
covid_deaths/d/short,Granite-PatchTST-FM-r1,32.37175180743203,0.035977096966817,38.0,61.0
electricity/15t/long,Granite-PatchTST-FM-r1,0.8857615710620902,0.0744486372424997,55.0,48.0
electricity/15t/medium,Granite-PatchTST-FM-r1,0.8397576402370122,0.0758314699271581,55.0,53.0
electricity/15t/short,Granite-PatchTST-FM-r1,1.031365868917758,0.0883694283128147,67.0,62.0
electricity/d/short,Granite-PatchTST-FM-r1,1.4504649323007712,0.0578184976187207,78.0,75.0
electricity/h/long,Granite-PatchTST-FM-r1,1.1191279175005069,0.0765718702153733,13.0,8.0
electricity/h/medium,Granite-PatchTST-FM-r1,1.0436214104333954,0.0732556555318954,34.0,35.0
electricity/h/short,Granite-PatchTST-FM-r1,0.9625130794110324,0.0696319143975002,69.0,73.0
electricity/w/short,Granite-PatchTST-FM-r1,1.5222598920330002,0.0484658611020912,60.0,36.0
ett1/15t/long,Granite-PatchTST-FM-r1,1.006992137595089,0.2338483399922018,50.0,48.0
ett1/15t/medium,Granite-PatchTST-FM-r1,1.011379228470316,0.2376469028180295,62.0,59.0
ett1/15t/short,Granite-PatchTST-FM-r1,0.6928476742686431,0.1603141513930065,68.0,57.0
ett1/d/short,Granite-PatchTST-FM-r1,1.771473723433422,0.2989924023511341,99.0,94.0
ett1/h/long,Granite-PatchTST-FM-r1,1.4602118968603444,0.2850414625166165,102.0,74.0
ett1/h/medium,Granite-PatchTST-FM-r1,1.3000336751521957,0.2633321682206374,76.0,65.0
ett1/h/short,Granite-PatchTST-FM-r1,0.8088845147551476,0.175970671403293,41.0,39.0
ett1/w/short,Granite-PatchTST-FM-r1,1.6094378042651256,0.2775505333337409,80.0,74.0
ett2/15t/long,Granite-PatchTST-FM-r1,0.9149746233727708,0.0942035780099884,75.0,70.0
ett2/15t/medium,Granite-PatchTST-FM-r1,0.8910729126134934,0.0910012727531562,72.0,66.0
ett2/15t/short,Granite-PatchTST-FM-r1,0.7569587196472788,0.0656665645916505,72.0,63.0
ett2/d/short,Granite-PatchTST-FM-r1,1.2782534440565,0.0916184272663594,37.0,36.0
ett2/h/long,Granite-PatchTST-FM-r1,1.0044719456946245,0.099605908353893,24.0,17.0
ett2/h/medium,Granite-PatchTST-FM-r1,1.011140085970306,0.0980075242732892,23.0,9.0
ett2/h/short,Granite-PatchTST-FM-r1,0.7264983531366029,0.0633594006618307,38.0,31.0
ett2/w/short,Granite-PatchTST-FM-r1,0.8794649853792829,0.0953089766835159,73.0,75.0
hierarchical_sales/d/short,Granite-PatchTST-FM-r1,0.7465589063341885,0.5767988927247731,61.0,54.0
hierarchical_sales/w/short,Granite-PatchTST-FM-r1,0.716464917024617,0.3448925913569617,39.0,48.0
hospital/m/short,Granite-PatchTST-FM-r1,0.7853037073861423,0.054355253573628,89.0,80.0
jena_weather/10t/long,Granite-PatchTST-FM-r1,0.6462098947259111,0.0478569403430338,57.0,36.0
jena_weather/10t/medium,Granite-PatchTST-FM-r1,0.5892837527888096,0.0462648760803059,39.0,23.0
jena_weather/10t/short,Granite-PatchTST-FM-r1,0.2712864170138168,0.0279210283569779,43.0,49.0
jena_weather/d/short,Granite-PatchTST-FM-r1,1.0025985781193825,0.0437195469754961,22.0,10.0
jena_weather/h/long,Granite-PatchTST-FM-r1,0.8023925089669193,0.0534239495978675,5.0,32.0
jena_weather/h/medium,Granite-PatchTST-FM-r1,0.7489722241679198,0.0514484064325006,17.0,52.0
jena_weather/h/short,Granite-PatchTST-FM-r1,0.5281775733213819,0.0442949163885226,66.0,82.0
kdd_cup_2018/d/short,Granite-PatchTST-FM-r1,1.219652621900834,0.3834325323845116,99.0,85.0
kdd_cup_2018/h/long,Granite-PatchTST-FM-r1,1.0282468225130277,0.4540966480665742,69.0,72.0
kdd_cup_2018/h/medium,Granite-PatchTST-FM-r1,1.0665688206070971,0.4393298934540979,86.0,82.0
kdd_cup_2018/h/short,Granite-PatchTST-FM-r1,0.983285549637286,0.399999886337238,93.0,90.0
loop_seattle/5t/long,Granite-PatchTST-FM-r1,0.8022168999660725,0.0709189343106704,32.0,34.0
loop_seattle/5t/medium,Granite-PatchTST-FM-r1,0.7275648604052184,0.0642675026877392,28.0,28.0
loop_seattle/5t/short,Granite-PatchTST-FM-r1,0.5477137602628981,0.0466317799457261,46.0,41.0
loop_seattle/d/short,Granite-PatchTST-FM-r1,0.8956912405885,0.043546172925751,79.0,70.0
loop_seattle/h/long,Granite-PatchTST-FM-r1,0.8604183672586829,0.0594283292632749,40.0,46.0
loop_seattle/h/medium,Granite-PatchTST-FM-r1,0.9002909927970342,0.0632289393260712,44.0,51.0
loop_seattle/h/short,Granite-PatchTST-FM-r1,0.8258860275542205,0.059099117726745,60.0,59.0
m4_daily/d/short,Granite-PatchTST-FM-r1,3.55504867658056,0.0234880981584463,105.0,88.0
m4_hourly/h/short,Granite-PatchTST-FM-r1,0.7911516008135205,0.0216869100282989,67.0,49.0
m4_monthly/m/short,Granite-PatchTST-FM-r1,0.9639420830184806,0.0957939918331232,72.0,72.0
m4_quarterly/q/short,Granite-PatchTST-FM-r1,1.235394265770242,0.0779403247793273,87.0,69.0
m4_weekly/w/short,Granite-PatchTST-FM-r1,2.2735426889552466,0.0387267391704431,80.0,61.0
m4_yearly/a/short,Granite-PatchTST-FM-r1,3.702731309836588,0.1331695944410218,102.0,95.0
m_dense/d/short,Granite-PatchTST-FM-r1,0.7382724151655814,0.0698565038911385,87.0,73.0
m_dense/h/long,Granite-PatchTST-FM-r1,0.669455681517288,0.1086196927712813,23.0,8.0
m_dense/h/medium,Granite-PatchTST-FM-r1,0.6852608590683718,0.1132291751140868,42.0,39.0
m_dense/h/short,Granite-PatchTST-FM-r1,0.7674994255689626,0.126600031956907,42.0,40.0
restaurant/d/short,Granite-PatchTST-FM-r1,0.6943383268515723,0.2601468648242149,74.0,64.0
saugeen/d/short,Granite-PatchTST-FM-r1,2.803325002314382,0.3379694422037989,41.0,40.0
saugeen/m/short,Granite-PatchTST-FM-r1,0.7424166042821579,0.2902350531050835,71.0,44.0
saugeen/w/short,Granite-PatchTST-FM-r1,1.2199679167455302,0.3632914876656488,68.0,60.0
solar/10t/long,Granite-PatchTST-FM-r1,0.832195511905498,0.309792802434517,63.0,49.0
solar/10t/medium,Granite-PatchTST-FM-r1,0.8325209066064043,0.3146876876629736,54.0,44.0
solar/10t/short,Granite-PatchTST-FM-r1,0.8610847881848431,0.4211803096158544,45.0,35.0
solar/d/short,Granite-PatchTST-FM-r1,0.9718716298362916,0.2784684130004737,52.0,64.0
solar/h/long,Granite-PatchTST-FM-r1,0.9654119230054088,0.3296668706544726,77.0,58.0
solar/h/medium,Granite-PatchTST-FM-r1,0.9245115134098392,0.3348069787042533,86.0,71.0
solar/h/short,Granite-PatchTST-FM-r1,0.8978146520724268,0.3303841984807735,92.0,66.0
solar/w/short,Granite-PatchTST-FM-r1,0.9580460489375064,0.1288945492032944,16.0,13.0
sz_taxi/15t/long,Granite-PatchTST-FM-r1,0.5108963369452572,0.1992509775624279,61.0,51.0
sz_taxi/15t/medium,Granite-PatchTST-FM-r1,0.5380977411322828,0.2024654849225995,62.0,50.0
sz_taxi/15t/short,Granite-PatchTST-FM-r1,0.5459788141024169,0.2010207021840949,63.0,56.0
sz_taxi/h/short,Granite-PatchTST-FM-r1,0.5607464946524433,0.1350240181340797,44.0,38.0
temperature_rain/d/short,Granite-PatchTST-FM-r1,1.3453495715114678,0.5506902560782463,54.0,49.0
us_births/d/short,Granite-PatchTST-FM-r1,0.3601118582031157,0.0186499266635611,57.0,55.0
us_births/m/short,Granite-PatchTST-FM-r1,0.6302631921523932,0.013520194376792,45.0,51.0
us_births/w/short,Granite-PatchTST-FM-r1,1.104328212121284,0.012921748206645,72.0,66.0
bitbrains_fast_storage/5t/long,Granite-PatchTST-FM-r2,0.8660269566190761,0.6729419532800617,27.0,41.0
bitbrains_fast_storage/5t/medium,Granite-PatchTST-FM-r2,0.9507911137851772,0.6276890840005269,30.0,46.0
bitbrains_fast_storage/5t/short,Granite-PatchTST-FM-r2,0.6532385632300939,0.381308769806537,30.0,40.0
bitbrains_fast_storage/h/short,Granite-PatchTST-FM-r2,0.9671802293545888,0.7085856219209618,25.0,89.0
bitbrains_rnd/5t/long,Granite-PatchTST-FM-r2,3.257669131647283,0.6157735417996588,18.0,37.0
bitbrains_rnd/5t/medium,Granite-PatchTST-FM-r2,4.342619065550226,0.6691242131179532,22.0,83.0
bitbrains_rnd/5t/short,Granite-PatchTST-FM-r2,1.6062055843542442,0.3814510132724508,29.0,25.0
bitbrains_rnd/h/short,Granite-PatchTST-FM-r2,5.825665361978082,0.6560141512774299,57.0,76.0
bizitobs_application/10s/long,Granite-PatchTST-FM-r2,2.8738868547531617,0.0437163334726974,9.0,8.0
bizitobs_application/10s/medium,Granite-PatchTST-FM-r2,2.0400946876824406,0.0280864562869813,18.0,17.0
bizitobs_application/10s/short,Granite-PatchTST-FM-r2,0.91422406749162,0.0095702297269432,6.0,23.0
bizitobs_l2c/5t/long,Granite-PatchTST-FM-r2,0.6612925358289834,0.2833265972452429,69.0,55.0
bizitobs_l2c/5t/medium,Granite-PatchTST-FM-r2,0.5317064710711766,0.2108526435917132,47.0,30.0
bizitobs_l2c/5t/short,Granite-PatchTST-FM-r2,0.2485115210429885,0.067477389844548,34.0,33.0
bizitobs_l2c/h/long,Granite-PatchTST-FM-r2,0.532667382009074,0.2437675295071923,5.0,4.0
bizitobs_l2c/h/medium,Granite-PatchTST-FM-r2,0.4797883054634883,0.225222704866328,20.0,14.0
bizitobs_l2c/h/short,Granite-PatchTST-FM-r2,0.4473193128387268,0.1905442612901121,55.0,53.0
bizitobs_service/10s/long,Granite-PatchTST-FM-r2,1.2101684908034998,0.0477289987846205,3.0,4.0
bizitobs_service/10s/medium,Granite-PatchTST-FM-r2,0.9234924971374158,0.0162670257897558,2.0,3.0
bizitobs_service/10s/short,Granite-PatchTST-FM-r2,0.6651107218781328,0.0102937650020036,1.0,34.0
car_parts/m/short,Granite-PatchTST-FM-r2,0.8495039307860252,1.0287420163580334,54.0,74.0
covid_deaths/d/short,Granite-PatchTST-FM-r2,34.974960777913054,0.0299726425054281,67.0,32.0
electricity/15t/long,Granite-PatchTST-FM-r2,0.8458144478409991,0.070777583033459,19.0,18.0
electricity/15t/medium,Granite-PatchTST-FM-r2,0.7973565941200736,0.0710518686605549,19.0,20.0
electricity/15t/short,Granite-PatchTST-FM-r2,0.9770480821794224,0.082468613200047,53.0,47.0
electricity/d/short,Granite-PatchTST-FM-r2,1.3348260938611505,0.0516508918548814,5.0,3.0
electricity/h/long,Granite-PatchTST-FM-r2,1.1248529149405335,0.0803777116500616,16.0,22.0
electricity/h/medium,Granite-PatchTST-FM-r2,1.0256239523191375,0.0723200432326005,14.0,21.0
electricity/h/short,Granite-PatchTST-FM-r2,0.9803445063760872,0.0669259200865448,76.0,57.0
electricity/w/short,Granite-PatchTST-FM-r2,1.366381023042209,0.0450227131799697,7.0,5.0
ett1/15t/long,Granite-PatchTST-FM-r2,0.9956131683519128,0.2331940102702904,39.0,45.0
ett1/15t/medium,Granite-PatchTST-FM-r2,0.9967472920102606,0.2356864818697298,54.0,53.0
ett1/15t/short,Granite-PatchTST-FM-r2,0.6520659864345126,0.150830147814631,5.0,9.0
ett1/d/short,Granite-PatchTST-FM-r2,1.7849103316124206,0.2996133652888063,103.0,96.0
ett1/h/long,Granite-PatchTST-FM-r2,1.350841992698637,0.271576380975272,36.0,52.0
ett1/h/medium,Granite-PatchTST-FM-r2,1.2616605101564635,0.2588834956041063,47.0,60.0
ett1/h/short,Granite-PatchTST-FM-r2,0.8186703009223519,0.1766542262862617,56.0,46.0
ett1/w/short,Granite-PatchTST-FM-r2,1.6843839282683497,0.278186205664619,103.0,77.0
ett2/15t/long,Granite-PatchTST-FM-r2,0.8706812249323167,0.089315131420214,31.0,17.0
ett2/15t/medium,Granite-PatchTST-FM-r2,0.8524126266864972,0.0869274126914769,33.0,17.0
ett2/15t/short,Granite-PatchTST-FM-r2,0.706753205094519,0.0616775305836975,13.0,20.0
ett2/d/short,Granite-PatchTST-FM-r2,1.3435060165441817,0.094675434223561,78.0,72.0
ett2/h/long,Granite-PatchTST-FM-r2,0.98693317390666,0.0984686001082554,10.0,10.0
ett2/h/medium,Granite-PatchTST-FM-r2,0.987584751395841,0.0974416786179911,9.0,8.0
ett2/h/short,Granite-PatchTST-FM-r2,0.7292783832714682,0.0634160356621913,43.0,35.0
ett2/w/short,Granite-PatchTST-FM-r2,0.8805491610930963,0.0928535292809887,74.0,68.0
hierarchical_sales/d/short,Granite-PatchTST-FM-r2,0.7495396215941267,0.5790807162591952,83.0,66.0
hierarchical_sales/w/short,Granite-PatchTST-FM-r2,0.7169591483998329,0.3510769300120508,40.0,69.0
hospital/m/short,Granite-PatchTST-FM-r2,0.7816924656489376,0.0531682353763811,85.0,69.0
jena_weather/10t/long,Granite-PatchTST-FM-r2,0.6709365812974647,0.0474018651955144,88.0,26.0
jena_weather/10t/medium,Granite-PatchTST-FM-r2,0.6025257447101185,0.046867371378745,53.0,31.0
jena_weather/10t/short,Granite-PatchTST-FM-r2,0.2598738590535517,0.0268041007860465,19.0,25.0
jena_weather/d/short,Granite-PatchTST-FM-r2,0.9935522175362042,0.0432270227985429,13.0,6.0
jena_weather/h/long,Granite-PatchTST-FM-r2,0.8242364746827902,0.0510979186390305,9.0,6.0
jena_weather/h/medium,Granite-PatchTST-FM-r2,0.7264360297291107,0.0476266015204807,6.0,9.0
jena_weather/h/short,Granite-PatchTST-FM-r2,0.5223060228127638,0.040561039608362,47.0,22.0
kdd_cup_2018/d/short,Granite-PatchTST-FM-r2,1.1970126976864643,0.3732781362554535,67.0,31.0
kdd_cup_2018/h/long,Granite-PatchTST-FM-r2,1.0142655360218067,0.4402998487804285,48.0,42.0
kdd_cup_2018/h/medium,Granite-PatchTST-FM-r2,1.0390309903700217,0.4180611177112106,49.0,41.0
kdd_cup_2018/h/short,Granite-PatchTST-FM-r2,0.9388740514526452,0.377435001824449,58.0,54.0
loop_seattle/5t/long,Granite-PatchTST-FM-r2,0.7690150391437779,0.0679369385119854,14.0,12.0
loop_seattle/5t/medium,Granite-PatchTST-FM-r2,0.7048302287488559,0.0620620915360761,11.0,12.0
loop_seattle/5t/short,Granite-PatchTST-FM-r2,0.5379112140993955,0.0458218413908472,21.0,23.0
loop_seattle/d/short,Granite-PatchTST-FM-r2,0.879147186048667,0.0425122538734195,51.0,53.0
loop_seattle/h/long,Granite-PatchTST-FM-r2,0.8618469073834757,0.0589814651219912,41.0,36.0
loop_seattle/h/medium,Granite-PatchTST-FM-r2,0.8922477095130112,0.0624681598258086,40.0,42.0
loop_seattle/h/short,Granite-PatchTST-FM-r2,0.8171291702637883,0.0577312220561044,48.0,49.0
m4_daily/d/short,Granite-PatchTST-FM-r2,3.2964500456225188,0.0220268353758288,65.0,61.0
m4_hourly/h/short,Granite-PatchTST-FM-r2,0.6971708885090199,0.0195434086469255,34.0,23.0
m4_monthly/m/short,Granite-PatchTST-FM-r2,0.974914155848324,0.0973795784720668,82.0,80.0
m4_quarterly/q/short,Granite-PatchTST-FM-r2,1.1883333864814525,0.0757660505969249,64.0,58.0
m4_weekly/w/short,Granite-PatchTST-FM-r2,2.08104689259192,0.0364821393087323,65.0,36.0
m4_yearly/a/short,Granite-PatchTST-FM-r2,3.4990580988303663,0.1228699604611409,85.0,85.0
m_dense/d/short,Granite-PatchTST-FM-r2,0.5991144948484245,0.0553987285482634,7.0,5.0
m_dense/h/long,Granite-PatchTST-FM-r2,0.6629830187518215,0.1084383748957106,14.0,7.0
m_dense/h/medium,Granite-PatchTST-FM-r2,0.675742937262987,0.1124614270110824,25.0,32.0
m_dense/h/short,Granite-PatchTST-FM-r2,0.7662476950573333,0.1267731217485762,38.0,41.0
restaurant/d/short,Granite-PatchTST-FM-r2,0.6809871887838086,0.2550451660518068,45.0,36.0
saugeen/d/short,Granite-PatchTST-FM-r2,2.6531536538814846,0.3174595621655192,13.0,10.0
saugeen/m/short,Granite-PatchTST-FM-r2,0.7338100896717343,0.2845480158196384,62.0,23.0
saugeen/w/short,Granite-PatchTST-FM-r2,1.149946762544431,0.3400447657780788,18.0,12.0
solar/10t/long,Granite-PatchTST-FM-r2,0.8048452736807927,0.2957378693359558,45.0,31.0
solar/10t/medium,Granite-PatchTST-FM-r2,0.794740430910314,0.3004752086463124,25.0,30.0
solar/10t/short,Granite-PatchTST-FM-r2,0.8453418566893308,0.4174015935458472,38.0,32.0
solar/d/short,Granite-PatchTST-FM-r2,0.9694090429482384,0.2703296529765311,45.0,18.0
solar/h/long,Granite-PatchTST-FM-r2,0.8658457741866963,0.2938017200601819,41.0,37.0
solar/h/medium,Granite-PatchTST-FM-r2,0.849843009827258,0.301648843982768,56.0,41.0
solar/h/short,Granite-PatchTST-FM-r2,0.8693970886307478,0.3069883587496033,71.0,48.0
solar/w/short,Granite-PatchTST-FM-r2,1.2027585016191165,0.1672674782551877,80.0,79.0
sz_taxi/15t/long,Granite-PatchTST-FM-r2,0.5127327288185541,0.2016083123365276,68.0,65.0
sz_taxi/15t/medium,Granite-PatchTST-FM-r2,0.5397730737916422,0.203437937704369,67.0,62.0
sz_taxi/15t/short,Granite-PatchTST-FM-r2,0.5438590498624594,0.1999727523928448,48.0,39.0
sz_taxi/h/short,Granite-PatchTST-FM-r2,0.5591250359606305,0.1352341846133996,24.0,41.0
temperature_rain/d/short,Granite-PatchTST-FM-r2,1.3497553453475044,0.551813355564681,62.0,55.0
us_births/d/short,Granite-PatchTST-FM-r2,0.3159120585029021,0.0163089162081169,23.0,28.0
us_births/m/short,Granite-PatchTST-FM-r2,0.4324868784497941,0.0098311679887484,6.0,8.0
us_births/w/short,Granite-PatchTST-FM-r2,1.0647885217223585,0.0124080914411724,60.0,57.0
loop_seattle/5t/long,HistRoute-CV,0.835361429,0.073588404,47.0,45.0
loop_seattle/5t/medium,HistRoute-CV,0.767870819,0.067556303,50.0,47.0
loop_seattle/5t/short,HistRoute-CV,0.535075001,0.045431726,14.0,14.0
loop_seattle/d/short,HistRoute-CV,0.873849574,0.042099305,38.0,44.0
loop_seattle/h/long,HistRoute-CV,0.848697407,0.057871011,33.0,33.0
loop_seattle/h/medium,HistRoute-CV,0.8842841,0.061293463,36.0,37.0
loop_seattle/h/short,HistRoute-CV,0.803934889,0.056357645,36.0,34.0
m_dense/d/short,HistRoute-CV,0.641532532,0.062376852,35.0,41.0
m_dense/h/long,HistRoute-CV,0.675731801,0.110566144,27.0,23.0
m_dense/h/medium,HistRoute-CV,0.681160741,0.112470359,38.0,34.0
m_dense/h/short,HistRoute-CV,0.762278376,0.125010608,32.0,29.0
sz_taxi/15t/long,HistRoute-CV,0.504426245,0.196717313,17.0,25.0
sz_taxi/15t/medium,HistRoute-CV,0.533266714,0.200785741,21.0,23.0
sz_taxi/15t/short,HistRoute-CV,0.53994794,0.198684929,18.0,16.0
sz_taxi/h/short,HistRoute-CV,0.559094319,0.134456762,23.0,23.0
bitbrains_fast_storage/5t/long,HistRoute-CV,0.828176754,0.624910598,16.0,18.0
bitbrains_fast_storage/5t/medium,HistRoute-CV,0.923240211,0.584265548,17.0,13.0
bitbrains_fast_storage/5t/short,HistRoute-CV,0.625519964,0.35985841,14.0,20.0
bitbrains_fast_storage/h/short,HistRoute-CV,0.965118962,0.656694306,24.0,60.0
bitbrains_rnd/5t/long,HistRoute-CV,3.254863101,0.564919813,17.0,9.0
bitbrains_rnd/5t/medium,HistRoute-CV,4.324489016,0.607297251,15.0,34.0
bitbrains_rnd/5t/short,HistRoute-CV,1.585877345,0.372631646,23.0,13.0
bitbrains_rnd/h/short,HistRoute-CV,5.781546888,0.655255404,24.0,75.0
bizitobs_application/10s/long,HistRoute-CV,3.299276559,0.054970189,71.0,75.0
bizitobs_application/10s/medium,HistRoute-CV,2.432298296,0.040207281,59.0,70.0
bizitobs_application/10s/short,HistRoute-CV,1.096031706,0.010543697,55.0,50.0
bizitobs_l2c/5t/long,HistRoute-CV,0.644382159,0.282887395,63.0,54.0
bizitobs_l2c/5t/medium,HistRoute-CV,0.525053207,0.217159952,44.0,39.0
bizitobs_l2c/5t/short,HistRoute-CV,0.222707625,0.058415976,20.0,18.0
bizitobs_l2c/h/long,HistRoute-CV,0.570147986,0.272377307,54.0,57.0
bizitobs_l2c/h/medium,HistRoute-CV,0.487611206,0.236308844,38.0,51.0
bizitobs_l2c/h/short,HistRoute-CV,0.449517063,0.191209037,58.0,54.0
bizitobs_service/10s/long,HistRoute-CV,1.292816431,0.053018416,25.0,65.0
bizitobs_service/10s/medium,HistRoute-CV,1.026555399,0.024300701,44.0,54.0
bizitobs_service/10s/short,HistRoute-CV,0.724893403,0.010672756,38.0,41.0
car_parts/m/short,HistRoute-CV,0.844700751,2.272551047,50.0,125.0
covid_deaths/d/short,HistRoute-CV,31.42988201,0.026225631,27.0,11.0
electricity/15t/long,HistRoute-CV,0.847452218,0.071730377,20.0,28.0
electricity/15t/medium,HistRoute-CV,0.799200439,0.071674645,21.0,26.0
electricity/15t/short,HistRoute-CV,0.893018042,0.076906725,19.0,14.0
electricity/d/short,HistRoute-CV,1.368855751,0.053322317,26.0,20.0
electricity/h/long,HistRoute-CV,1.122087319,0.084682144,14.0,40.0
electricity/h/medium,HistRoute-CV,0.997852091,0.071277113,8.0,10.0
electricity/h/short,HistRoute-CV,0.887092654,0.062608922,29.0,15.0
electricity/w/short,HistRoute-CV,1.451278808,0.049682707,46.0,48.0
ett1/15t/long,HistRoute-CV,0.979546169,0.22713328,32.0,29.0
ett1/15t/medium,HistRoute-CV,0.972410167,0.2286491,27.0,30.0
ett1/15t/short,HistRoute-CV,0.670546453,0.156786263,27.0,38.0
ett1/d/short,HistRoute-CV,1.677127514,0.272676897,56.0,29.0
ett1/h/long,HistRoute-CV,1.3344334,0.257337232,22.0,12.0
ett1/h/medium,HistRoute-CV,1.250560845,0.250514717,37.0,25.0
ett1/h/short,HistRoute-CV,0.799055874,0.172277896,30.0,26.0
ett1/w/short,HistRoute-CV,1.529798332,0.251788674,41.0,24.0
ett2/15t/long,HistRoute-CV,0.875205561,0.090564553,40.0,35.0
ett2/15t/medium,HistRoute-CV,0.865355965,0.089236968,49.0,50.0
ett2/15t/short,HistRoute-CV,0.716346118,0.062309397,27.0,31.0
ett2/d/short,HistRoute-CV,1.274587448,0.090878068,34.0,29.0
ett2/h/long,HistRoute-CV,1.022972597,0.103380802,47.0,41.0
ett2/h/medium,HistRoute-CV,1.027441935,0.103269954,47.0,42.0
ett2/h/short,HistRoute-CV,0.718506016,0.063110965,14.0,26.0
ett2/w/short,HistRoute-CV,0.764895543,0.082425566,23.0,18.0
hierarchical_sales/d/short,HistRoute-CV,0.740530807,0.570827365,25.0,34.0
hierarchical_sales/w/short,HistRoute-CV,0.719670829,0.344308696,50.0,46.0
hospital/m/short,HistRoute-CV,0.748692765,0.049810492,27.0,31.0
jena_weather/10t/long,HistRoute-CV,0.62674034,0.048236315,32.0,39.0
jena_weather/10t/medium,HistRoute-CV,0.578038269,0.047020981,29.0,33.0
jena_weather/10t/short,HistRoute-CV,0.261352173,0.026266499,26.0,14.0
jena_weather/d/short,HistRoute-CV,1.011901757,0.043982314,27.0,11.0
jena_weather/h/long,HistRoute-CV,0.976448029,0.054069248,53.0,36.0
jena_weather/h/medium,HistRoute-CV,0.787719273,0.049174949,58.0,28.0
jena_weather/h/short,HistRoute-CV,0.519226502,0.040235056,34.0,14.0
kdd_cup_2018/d/short,HistRoute-CV,1.199543564,0.377103913,77.0,60.0
kdd_cup_2018/h/long,HistRoute-CV,0.91720448,0.409804999,19.0,21.0
kdd_cup_2018/h/medium,HistRoute-CV,0.956083752,0.395505582,20.0,23.0
kdd_cup_2018/h/short,HistRoute-CV,0.866373276,0.351789073,22.0,21.0
m4_daily/d/short,HistRoute-CV,3.160919651,0.02075222,15.0,11.0
m4_hourly/h/short,HistRoute-CV,0.668806429,0.01945089,21.0,20.0
m4_monthly/m/short,HistRoute-CV,0.902517649,0.090417682,17.0,28.0
m4_quarterly/q/short,HistRoute-CV,1.132254118,0.072148928,17.0,17.0
m4_weekly/w/short,HistRoute-CV,1.848863766,0.035024289,4.0,13.0
m4_yearly/a/short,HistRoute-CV,3.057421699,0.107126166,27.0,17.0
restaurant/d/short,HistRoute-CV,0.676800459,0.254028177,18.0,23.0
saugeen/d/short,HistRoute-CV,2.746784694,0.328315851,31.0,19.0
saugeen/m/short,HistRoute-CV,0.725921917,0.286201616,46.0,27.0
saugeen/w/short,HistRoute-CV,1.171643914,0.346385134,31.0,23.0
solar/10t/long,HistRoute-CV,0.787543872,0.294098397,22.0,30.0
solar/10t/medium,HistRoute-CV,0.770969831,0.295827349,12.0,24.0
solar/10t/short,HistRoute-CV,0.713539714,0.362511654,13.0,11.0
solar/d/short,HistRoute-CV,0.967221754,0.277824364,40.0,59.0
solar/h/long,HistRoute-CV,0.804940281,0.278402612,26.0,23.0
solar/h/medium,HistRoute-CV,0.784007704,0.282106715,35.0,25.0
solar/h/short,HistRoute-CV,0.778526551,0.282235818,34.0,34.0
solar/w/short,HistRoute-CV,1.083529359,0.146052192,48.0,44.0
temperature_rain/d/short,HistRoute-CV,1.311444683,0.53950731,21.0,20.0
us_births/d/short,HistRoute-CV,0.320088969,0.016561064,31.0,35.0
us_births/m/short,HistRoute-CV,0.679619519,0.013848141,65.0,57.0
us_births/w/short,HistRoute-CV,0.904170569,0.01059475,21.0,22.0
bitbrains_fast_storage/5t/short,Kairos_10m,0.831729591,0.458352563,97.0,91.0
bitbrains_fast_storage/5t/medium,Kairos_10m,1.060140721,0.877951505,84.0,111.0
bitbrains_fast_storage/5t/long,Kairos_10m,0.979887879,1.036897936,88.0,119.0
bitbrains_fast_storage/h/short,Kairos_10m,1.114115335,0.655800091,87.0,59.0
bitbrains_rnd/5t/short,Kairos_10m,1.76123324,0.441768547,87.0,82.0
bitbrains_rnd/5t/medium,Kairos_10m,4.495163697,0.691730142,87.0,90.0
bitbrains_rnd/5t/long,Kairos_10m,3.430676412,0.825368471,86.0,107.0
bitbrains_rnd/h/short,Kairos_10m,5.842787788,0.649874582,64.0,69.0
bizitobs_application/10s/short,Kairos_10m,1.580968231,0.013137639,87.0,72.0
bizitobs_application/10s/medium,Kairos_10m,2.673845178,0.039055802,85.0,66.0
bizitobs_application/10s/long,Kairos_10m,3.579093613,0.053402801,88.0,60.0
bizitobs_l2c/5t/short,Kairos_10m,0.274390343,0.078075822,65.0,85.0
bizitobs_l2c/5t/medium,Kairos_10m,0.73033687,0.366499537,80.0,97.0
bizitobs_l2c/5t/long,Kairos_10m,1.073609237,0.609135909,88.0,106.0
bizitobs_l2c/h/short,Kairos_10m,0.484780387,0.215633997,72.0,76.0
bizitobs_l2c/h/medium,Kairos_10m,0.491334673,0.255884742,46.0,70.0
bizitobs_l2c/h/long,Kairos_10m,0.56686766,0.291799819,51.0,74.0
bizitobs_service/10s/short,Kairos_10m,0.884871298,0.014147005,79.0,78.0
bizitobs_service/10s/medium,Kairos_10m,1.24555563,0.03392636,81.0,83.0
bizitobs_service/10s/long,Kairos_10m,1.535978278,0.055512398,87.0,80.0
car_parts/m/short,Kairos_10m,0.971052955,1.069803943,103.0,89.0
covid_deaths/d/short,Kairos_10m,41.03518789,0.093316017,94.0,112.0
electricity/15t/short,Kairos_10m,1.098731204,0.100072249,89.0,95.0
electricity/15t/medium,Kairos_10m,0.932210714,0.095450165,90.0,106.0
electricity/15t/long,Kairos_10m,0.979369127,0.094121759,91.0,101.0
electricity/h/short,Kairos_10m,1.022751611,0.07415508,90.0,88.0
electricity/h/medium,Kairos_10m,1.150560967,0.088152411,93.0,100.0
electricity/h/long,Kairos_10m,1.290051537,0.105567037,93.0,102.0
electricity/d/short,Kairos_10m,1.449482229,0.05695268,75.0,70.0
electricity/w/short,Kairos_10m,1.412593911,0.046852236,25.0,18.0
ett1/15t/short,Kairos_10m,0.720062519,0.179693587,88.0,92.0
ett1/15t/medium,Kairos_10m,1.011907023,0.268566617,63.0,88.0
ett1/15t/long,Kairos_10m,1.031722205,0.271595474,69.0,92.0
ett1/h/short,Kairos_10m,0.85338299,0.198732952,94.0,101.0
ett1/h/medium,Kairos_10m,1.289394967,0.287811738,69.0,94.0
ett1/h/long,Kairos_10m,1.323733772,0.299351126,13.0,87.0
ett1/d/short,Kairos_10m,1.732398179,0.283327069,89.0,74.0
ett1/w/short,Kairos_10m,1.388739924,0.269048117,4.0,59.0
ett2/15t/short,Kairos_10m,0.757097444,0.069264253,73.0,85.0
ett2/15t/medium,Kairos_10m,0.89320208,0.102010919,73.0,90.0
ett2/15t/long,Kairos_10m,0.899702535,0.104163117,64.0,90.0
ett2/h/short,Kairos_10m,0.737790623,0.065633211,65.0,75.0
ett2/h/medium,Kairos_10m,1.034360918,0.114305765,60.0,91.0
ett2/h/long,Kairos_10m,1.001303315,0.113164663,21.0,78.0
ett2/d/short,Kairos_10m,1.340607581,0.09688143,75.0,82.0
ett2/w/short,Kairos_10m,0.953398771,0.091534065,88.0,65.0
hierarchical_sales/d/short,Kairos_10m,0.753311602,0.596698377,96.0,100.0
hierarchical_sales/w/short,Kairos_10m,0.741136701,0.365377768,85.0,96.0
hospital/m/short,Kairos_10m,0.778758211,0.058375885,78.0,102.0
jena_weather/10t/short,Kairos_10m,0.287055399,0.028034228,66.0,53.0
jena_weather/10t/medium,Kairos_10m,0.646882761,0.056651488,89.0,88.0
jena_weather/10t/long,Kairos_10m,0.674084581,0.056184652,90.0,85.0
jena_weather/h/short,Kairos_10m,0.522555661,0.044053348,50.0,81.0
jena_weather/h/medium,Kairos_10m,0.784102826,0.059242461,51.0,89.0
jena_weather/h/long,Kairos_10m,1.010064577,0.06460137,68.0,82.0
jena_weather/d/short,Kairos_10m,1.151357989,0.050933146,87.0,83.0
kdd_cup_2018/h/short,Kairos_10m,0.934864612,0.385794681,51.0,73.0
kdd_cup_2018/h/medium,Kairos_10m,1.042052773,0.47633815,56.0,105.0
kdd_cup_2018/h/long,Kairos_10m,1.017889098,0.529071639,54.0,106.0
kdd_cup_2018/d/short,Kairos_10m,1.18084037,0.38959781,23.0,97.0
loop_seattle/5t/short,Kairos_10m,0.559802009,0.049453158,66.0,72.0
loop_seattle/5t/medium,Kairos_10m,0.817428835,0.079090824,73.0,83.0
loop_seattle/5t/long,Kairos_10m,0.877834318,0.086300006,70.0,83.0
loop_seattle/h/short,Kairos_10m,0.856369599,0.0626711,74.0,74.0
loop_seattle/h/medium,Kairos_10m,0.993321252,0.074308162,90.0,95.0
loop_seattle/h/long,Kairos_10m,0.960032499,0.07228013,88.0,93.0
loop_seattle/d/short,Kairos_10m,0.88573819,0.046094922,67.0,99.0
m4_daily/d/short,Kairos_10m,3.368832711,0.023419576,85.0,87.0
m4_hourly/h/short,Kairos_10m,1.181314413,0.024118603,102.0,70.0
m4_monthly/m/short,Kairos_10m,0.969122306,0.097795424,77.0,81.0
m4_quarterly/q/short,Kairos_10m,1.192798692,0.080001916,69.0,83.0
m4_weekly/w/short,Kairos_10m,2.674855413,0.043742066,106.0,88.0
m4_yearly/a/short,Kairos_10m,2.985468989,0.110006829,16.0,27.0
m_dense/h/short,Kairos_10m,0.854007898,0.146597968,93.0,93.0
m_dense/h/medium,Kairos_10m,0.832516702,0.143687786,98.0,102.0
m_dense/h/long,Kairos_10m,0.863176632,0.150249557,99.0,102.0
m_dense/d/short,Kairos_10m,0.695106111,0.067145752,69.0,64.0
restaurant/d/short,Kairos_10m,0.69355123,0.269470384,72.0,85.0
saugeen/d/short,Kairos_10m,3.11030755,0.377373245,93.0,82.0
saugeen/w/short,Kairos_10m,1.22722935,0.378713428,71.0,74.0
saugeen/m/short,Kairos_10m,0.706306814,0.307696213,13.0,82.0
solar/10t/short,Kairos_10m,1.080078207,0.632086323,82.0,95.0
solar/10t/medium,Kairos_10m,0.767035677,0.353206899,10.0,76.0
solar/10t/long,Kairos_10m,0.810446929,0.363499862,53.0,84.0
solar/h/short,Kairos_10m,0.880963217,0.369250237,82.0,100.0
solar/h/medium,Kairos_10m,0.862083883,0.357972002,59.0,87.0
solar/h/long,Kairos_10m,0.913622403,0.365656595,57.0,85.0
solar/d/short,Kairos_10m,0.988675235,0.298755026,74.0,97.0
solar/w/short,Kairos_10m,1.14966831,0.161385581,69.0,70.0
sz_taxi/15t/short,Kairos_10m,0.552011102,0.208897079,87.0,94.0
sz_taxi/15t/medium,Kairos_10m,0.551494367,0.231693625,89.0,103.0
sz_taxi/15t/long,Kairos_10m,0.52302319,0.230494889,84.0,98.0
sz_taxi/h/short,Kairos_10m,0.57004514,0.141010543,80.0,95.0
temperature_rain/d/short,Kairos_10m,1.414163307,0.583723713,96.0,92.0
us_births/d/short,Kairos_10m,0.439924569,0.023432893,85.0,86.0
us_births/w/short,Kairos_10m,1.228312098,0.014700383,86.0,89.0
us_births/m/short,Kairos_10m,0.659422984,0.013579064,56.0,53.0
bitbrains_fast_storage/5t/short,Kairos_23m,0.808000842,0.441013666,92.0,85.0
bitbrains_fast_storage/5t/medium,Kairos_23m,1.081494928,0.86709214,92.0,109.0
bitbrains_fast_storage/5t/long,Kairos_23m,0.976229155,0.992588002,86.0,116.0
bitbrains_fast_storage/h/short,Kairos_23m,1.109313467,0.741144631,84.0,96.0
bitbrains_rnd/5t/short,Kairos_23m,1.752172492,0.462226594,84.0,92.0
bitbrains_rnd/5t/medium,Kairos_23m,4.491108758,0.83501316,86.0,113.0
bitbrains_rnd/5t/long,Kairos_23m,3.418166699,0.779093528,84.0,100.0
bitbrains_rnd/h/short,Kairos_23m,5.918637469,0.65899633,93.0,77.0
bizitobs_application/10s/short,Kairos_23m,1.284805938,0.011657033,73.0,63.0
bizitobs_application/10s/medium,Kairos_23m,2.519400122,0.039821635,75.0,67.0
bizitobs_application/10s/long,Kairos_23m,3.036164922,0.051865761,22.0,43.0
bizitobs_l2c/5t/short,Kairos_23m,0.283967715,0.080466497,89.0,97.0
bizitobs_l2c/5t/medium,Kairos_23m,0.75172113,0.362121991,83.0,91.0
bizitobs_l2c/5t/long,Kairos_23m,1.11161244,0.627991555,91.0,108.0
bizitobs_l2c/h/short,Kairos_23m,0.480441452,0.216424908,70.0,77.0
bizitobs_l2c/h/medium,Kairos_23m,0.49038535,0.253086961,45.0,68.0
bizitobs_l2c/h/long,Kairos_23m,0.555519392,0.285876414,35.0,70.0
bizitobs_service/10s/short,Kairos_23m,0.83937801,0.013379555,73.0,72.0
bizitobs_service/10s/medium,Kairos_23m,1.195938998,0.034242579,78.0,84.0
bizitobs_service/10s/long,Kairos_23m,1.387789888,0.052709078,76.0,61.0
car_parts/m/short,Kairos_23m,0.984477066,1.067456747,104.0,88.0
covid_deaths/d/short,Kairos_23m,41.01133791,0.092407369,93.0,111.0
electricity/15t/short,Kairos_23m,1.114015098,0.100976263,91.0,96.0
electricity/15t/medium,Kairos_23m,0.906346837,0.095116077,86.0,102.0
electricity/15t/long,Kairos_23m,0.952142182,0.091762582,85.0,99.0
electricity/h/short,Kairos_23m,0.993847504,0.071976246,81.0,81.0
electricity/h/medium,Kairos_23m,1.138975944,0.086806012,91.0,93.0
electricity/h/long,Kairos_23m,1.287702513,0.104681863,92.0,97.0
electricity/d/short,Kairos_23m,1.449698347,0.057508934,76.0,73.0
electricity/w/short,Kairos_23m,1.417538512,0.048222479,28.0,34.0
ett1/15t/short,Kairos_23m,0.710783211,0.177053945,81.0,89.0
ett1/15t/medium,Kairos_23m,1.014918936,0.26927411,66.0,89.0
ett1/15t/long,Kairos_23m,1.010603201,0.265214963,52.0,90.0
ett1/h/short,Kairos_23m,0.852810101,0.197163041,93.0,99.0
ett1/h/medium,Kairos_23m,1.316249527,0.289715033,85.0,96.0
ett1/h/long,Kairos_23m,1.335753115,0.299249152,23.0,86.0
ett1/d/short,Kairos_23m,1.63771442,0.27365841,27.0,36.0
ett1/w/short,Kairos_23m,1.425272753,0.253953737,5.0,32.0
ett2/15t/short,Kairos_23m,0.798972716,0.074564323,94.0,99.0
ett2/15t/medium,Kairos_23m,0.909482641,0.104911461,79.0,94.0
ett2/15t/long,Kairos_23m,0.907549653,0.105881471,72.0,94.0
ett2/h/short,Kairos_23m,0.746650059,0.067473941,80.0,89.0
ett2/h/medium,Kairos_23m,1.007837385,0.110914282,18.0,85.0
ett2/h/long,Kairos_23m,1.008696567,0.114217777,34.0,82.0
ett2/d/short,Kairos_23m,1.299417389,0.092540734,53.0,50.0
ett2/w/short,Kairos_23m,0.974422298,0.090797113,91.0,62.0
hierarchical_sales/d/short,Kairos_23m,0.752799204,0.593441178,95.0,99.0
hierarchical_sales/w/short,Kairos_23m,0.739019721,0.365047483,84.0,95.0
hospital/m/short,Kairos_23m,0.778595956,0.056159187,77.0,89.0
jena_weather/10t/short,Kairos_23m,0.287800469,0.028078195,68.0,55.0
jena_weather/10t/medium,Kairos_23m,0.631514464,0.054855219,83.0,84.0
jena_weather/10t/long,Kairos_23m,0.657502959,0.055633265,73.0,82.0
jena_weather/h/short,Kairos_23m,0.529682405,0.043463064,67.0,70.0
jena_weather/h/medium,Kairos_23m,0.838833883,0.060483964,83.0,94.0
jena_weather/h/long,Kairos_23m,1.067859211,0.065411956,91.0,85.0
jena_weather/d/short,Kairos_23m,1.192655032,0.05127791,89.0,85.0
kdd_cup_2018/h/short,Kairos_23m,0.946478975,0.387048407,67.0,76.0
kdd_cup_2018/h/medium,Kairos_23m,1.037104069,0.480136893,48.0,106.0
kdd_cup_2018/h/long,Kairos_23m,1.022176443,0.528577145,62.0,105.0
kdd_cup_2018/d/short,Kairos_23m,1.183348289,0.389363814,29.0,96.0
loop_seattle/5t/short,Kairos_23m,0.565187368,0.049906874,71.0,76.0
loop_seattle/5t/medium,Kairos_23m,0.809479209,0.078314894,71.0,79.0
loop_seattle/5t/long,Kairos_23m,0.877176524,0.086398042,69.0,84.0
loop_seattle/h/short,Kairos_23m,0.863428695,0.063286668,76.0,76.0
loop_seattle/h/medium,Kairos_23m,0.978355234,0.073006138,86.0,94.0
loop_seattle/h/long,Kairos_23m,0.944957048,0.070962569,85.0,91.0
loop_seattle/d/short,Kairos_23m,0.879414473,0.045369863,53.0,92.0
m4_daily/d/short,Kairos_23m,3.315577651,0.022857668,75.0,77.0
m4_hourly/h/short,Kairos_23m,1.052534835,0.024380711,95.0,71.0
m4_monthly/m/short,Kairos_23m,0.971246858,0.097844071,79.0,82.0
m4_quarterly/q/short,Kairos_23m,1.191176832,0.079967133,67.0,81.0
m4_weekly/w/short,Kairos_23m,2.476020196,0.042922655,95.0,84.0
m4_yearly/a/short,Kairos_23m,2.983811947,0.109863485,14.0,23.0
m_dense/h/short,Kairos_23m,0.848947814,0.145967115,90.0,92.0
m_dense/h/medium,Kairos_23m,0.80189121,0.138948911,95.0,98.0
m_dense/h/long,Kairos_23m,0.839948397,0.145812086,96.0,98.0
m_dense/d/short,Kairos_23m,0.67853632,0.066168307,60.0,59.0
restaurant/d/short,Kairos_23m,0.696364645,0.269602297,76.0,87.0
saugeen/d/short,Kairos_23m,3.055252873,0.376255288,89.0,80.0
saugeen/w/short,Kairos_23m,1.240646422,0.386462357,79.0,80.0
saugeen/m/short,Kairos_23m,0.698269366,0.300805173,9.0,70.0
solar/10t/short,Kairos_23m,1.184199488,0.702745494,105.0,105.0
solar/10t/medium,Kairos_23m,0.752775746,0.348417012,8.0,72.0
solar/10t/long,Kairos_23m,0.806333465,0.362447306,47.0,83.0
solar/h/short,Kairos_23m,0.868485586,0.364527023,69.0,97.0
solar/h/medium,Kairos_23m,0.841780452,0.348079802,48.0,80.0
solar/h/long,Kairos_23m,0.917516877,0.36584082,58.0,86.0
solar/d/short,Kairos_23m,0.992591175,0.303081549,82.0,101.0
solar/w/short,Kairos_23m,1.050541519,0.145785997,40.0,41.0
sz_taxi/15t/short,Kairos_23m,0.555987108,0.210691447,93.0,98.0
sz_taxi/15t/medium,Kairos_23m,0.557001753,0.235704128,93.0,106.0
sz_taxi/15t/long,Kairos_23m,0.530414765,0.234653979,91.0,99.0
sz_taxi/h/short,Kairos_23m,0.570611393,0.141253212,84.0,96.0
temperature_rain/d/short,Kairos_23m,1.405348839,0.581370193,88.0,90.0
us_births/d/short,Kairos_23m,0.436686197,0.023262481,84.0,85.0
us_births/w/short,Kairos_23m,1.241663925,0.014988401,91.0,91.0
us_births/m/short,Kairos_23m,0.836776873,0.019080748,104.0,103.0
bitbrains_fast_storage/5t/short,Kairos_50m,0.777266114,0.474591749,85.0,101.0
bitbrains_fast_storage/5t/medium,Kairos_50m,1.053425503,0.940152242,81.0,118.0
bitbrains_fast_storage/5t/long,Kairos_50m,0.971915712,1.133669183,84.0,122.0
bitbrains_fast_storage/h/short,Kairos_50m,1.086932016,0.820407234,75.0,106.0
bitbrains_rnd/5t/short,Kairos_50m,1.717693392,0.457716991,77.0,90.0
bitbrains_rnd/5t/medium,Kairos_50m,4.456124703,0.727873337,78.0,99.0
bitbrains_rnd/5t/long,Kairos_50m,3.38159377,0.784425776,73.0,103.0
bitbrains_rnd/h/short,Kairos_50m,5.741018387,0.650610652,9.0,72.0
bizitobs_application/10s/short,Kairos_50m,1.540312786,0.011454249,84.0,58.0
bizitobs_application/10s/medium,Kairos_50m,2.274304038,0.035262935,42.0,45.0
bizitobs_application/10s/long,Kairos_50m,2.907980515,0.048136903,10.0,21.0
bizitobs_l2c/5t/short,Kairos_50m,0.274380122,0.077865696,64.0,83.0
bizitobs_l2c/5t/medium,Kairos_50m,0.826131405,0.409104329,96.0,107.0
bizitobs_l2c/5t/long,Kairos_50m,1.224763161,0.688543969,105.0,115.0
bizitobs_l2c/h/short,Kairos_50m,0.480059553,0.20851936,69.0,71.0
bizitobs_l2c/h/medium,Kairos_50m,0.474470152,0.238645077,13.0,55.0
bizitobs_l2c/h/long,Kairos_50m,0.556074308,0.277948554,37.0,61.0
bizitobs_service/10s/short,Kairos_50m,0.909076806,0.012906506,82.0,68.0
bizitobs_service/10s/medium,Kairos_50m,1.108338697,0.029779048,66.0,72.0
bizitobs_service/10s/long,Kairos_50m,1.405237841,0.052381197,79.0,50.0
car_parts/m/short,Kairos_50m,0.999470277,1.085418217,106.0,94.0
covid_deaths/d/short,Kairos_50m,42.00239176,0.096761458,97.0,114.0
electricity/15t/short,Kairos_50m,1.067538813,0.097225397,81.0,88.0
electricity/15t/medium,Kairos_50m,0.883097662,0.087194536,79.0,94.0
electricity/15t/long,Kairos_50m,0.936887595,0.088594224,80.0,96.0
electricity/h/short,Kairos_50m,0.949474205,0.06915336,63.0,71.0
electricity/h/medium,Kairos_50m,1.097297265,0.08292229,83.0,82.0
electricity/h/long,Kairos_50m,1.248374157,0.101266118,84.0,88.0
electricity/d/short,Kairos_50m,1.43649799,0.056563829,71.0,67.0
electricity/w/short,Kairos_50m,1.42843091,0.049238666,36.0,44.0
ett1/15t/short,Kairos_50m,0.719104212,0.178675105,87.0,91.0
ett1/15t/medium,Kairos_50m,1.022493869,0.273001623,69.0,93.0
ett1/15t/long,Kairos_50m,1.012680489,0.264197838,54.0,89.0
ett1/h/short,Kairos_50m,0.837936409,0.193503729,78.0,90.0
ett1/h/medium,Kairos_50m,1.275834324,0.27976782,64.0,83.0
ett1/h/long,Kairos_50m,1.281688514,0.290574828,4.0,79.0
ett1/d/short,Kairos_50m,1.785173239,0.289489663,104.0,88.0
ett1/w/short,Kairos_50m,1.485292829,0.298061675,22.0,97.0
ett2/15t/short,Kairos_50m,0.768928799,0.06998294,80.0,88.0
ett2/15t/medium,Kairos_50m,0.929703183,0.107114016,89.0,97.0
ett2/15t/long,Kairos_50m,0.931296981,0.108143276,82.0,95.0
ett2/h/short,Kairos_50m,0.7502733,0.068441677,84.0,92.0
ett2/h/medium,Kairos_50m,1.045914985,0.11629653,72.0,94.0
ett2/h/long,Kairos_50m,1.022710757,0.114722352,46.0,84.0
ett2/d/short,Kairos_50m,1.340029417,0.093753119,72.0,67.0
ett2/w/short,Kairos_50m,1.164997698,0.107803016,112.0,98.0
hierarchical_sales/d/short,Kairos_50m,0.744619214,0.587669947,44.0,90.0
hierarchical_sales/w/short,Kairos_50m,0.729670587,0.356151975,70.0,80.0
hospital/m/short,Kairos_50m,0.773676409,0.054445767,71.0,81.0
jena_weather/10t/short,Kairos_50m,0.284913144,0.02655814,63.0,18.0
jena_weather/10t/medium,Kairos_50m,0.627679752,0.054970218,81.0,85.0
jena_weather/10t/long,Kairos_50m,0.645286124,0.056167538,56.0,84.0
jena_weather/h/short,Kairos_50m,0.560436148,0.044385481,94.0,83.0
jena_weather/h/medium,Kairos_50m,0.857690675,0.061741582,92.0,97.0
jena_weather/h/long,Kairos_50m,1.035467669,0.061903489,76.0,78.0
jena_weather/d/short,Kairos_50m,1.122478737,0.050842244,79.0,82.0
kdd_cup_2018/h/short,Kairos_50m,0.936497383,0.387665232,53.0,77.0
kdd_cup_2018/h/medium,Kairos_50m,1.042339793,0.473833851,57.0,104.0
kdd_cup_2018/h/long,Kairos_50m,1.020022283,0.52287054,58.0,103.0
kdd_cup_2018/d/short,Kairos_50m,1.176038485,0.385130423,17.0,88.0
loop_seattle/5t/short,Kairos_50m,0.54921742,0.048348954,50.0,64.0
loop_seattle/5t/medium,Kairos_50m,0.811052493,0.078503912,72.0,80.0
loop_seattle/5t/long,Kairos_50m,0.873930664,0.085987464,67.0,81.0
loop_seattle/h/short,Kairos_50m,0.830537226,0.060876962,63.0,69.0
loop_seattle/h/medium,Kairos_50m,0.9380787,0.06989731,75.0,86.0
loop_seattle/h/long,Kairos_50m,0.90673465,0.068042935,77.0,82.0
loop_seattle/d/short,Kairos_50m,0.873032537,0.044789456,37.0,87.0
m4_daily/d/short,Kairos_50m,3.30995315,0.023009329,70.0,81.0
m4_hourly/h/short,Kairos_50m,1.019491024,0.022277235,91.0,53.0
m4_monthly/m/short,Kairos_50m,0.973541534,0.098244516,81.0,85.0
m4_quarterly/q/short,Kairos_50m,1.206708185,0.081090363,72.0,88.0
m4_weekly/w/short,Kairos_50m,2.431395293,0.044314932,94.0,90.0
m4_yearly/a/short,Kairos_50m,3.044331239,0.11400675,25.0,44.0
m_dense/h/short,Kairos_50m,0.837500594,0.14469597,87.0,89.0
m_dense/h/medium,Kairos_50m,0.771879837,0.134242315,93.0,92.0
m_dense/h/long,Kairos_50m,0.802050862,0.139522713,91.0,93.0
m_dense/d/short,Kairos_50m,0.671495166,0.064397125,52.0,50.0
restaurant/d/short,Kairos_50m,0.692931762,0.269871618,68.0,88.0
saugeen/d/short,Kairos_50m,2.781401227,0.332404681,36.0,30.0
saugeen/w/short,Kairos_50m,1.209895312,0.375871821,62.0,69.0
saugeen/m/short,Kairos_50m,0.702779869,0.306651125,12.0,80.0
solar/10t/short,Kairos_50m,1.11778936,0.648568364,96.0,100.0
solar/10t/medium,Kairos_50m,0.74922253,0.341880425,7.0,67.0
solar/10t/long,Kairos_50m,0.781561492,0.346967491,17.0,74.0
solar/h/short,Kairos_50m,0.844024776,0.348278462,56.0,91.0
solar/h/medium,Kairos_50m,0.852412238,0.348896747,57.0,81.0
solar/h/long,Kairos_50m,0.912655434,0.364192226,56.0,84.0
solar/d/short,Kairos_50m,0.995196489,0.30062322,83.0,98.0
solar/w/short,Kairos_50m,1.013478148,0.144666621,33.0,40.0
sz_taxi/15t/short,Kairos_50m,0.550346844,0.208488519,80.0,90.0
sz_taxi/15t/medium,Kairos_50m,0.546180246,0.22627041,83.0,97.0
sz_taxi/15t/long,Kairos_50m,0.519517046,0.226165568,81.0,95.0
sz_taxi/h/short,Kairos_50m,0.567262774,0.140658008,72.0,92.0
temperature_rain/d/short,Kairos_50m,1.381027354,0.575360018,83.0,86.0
us_births/d/short,Kairos_50m,0.401353423,0.021406951,75.0,71.0
us_births/w/short,Kairos_50m,1.194214344,0.014462162,82.0,83.0
us_births/m/short,Kairos_50m,0.756184961,0.016539774,87.0,89.0
bitbrains_fast_storage/5t/long,LS-Agent,0.8603110564828469,0.6890139974591692,24.0,46.0
bitbrains_fast_storage/5t/medium,LS-Agent,0.9253888651363296,0.6129913607603669,19.0,33.0
bitbrains_fast_storage/5t/short,LS-Agent,0.6132535387532211,0.3498899165010743,4.0,12.0
bitbrains_fast_storage/h/short,LS-Agent,0.9851514459573376,0.6424921132338733,33.0,51.0
bitbrains_rnd/5t/long,LS-Agent,3.270447965093801,0.6239613234009009,25.0,43.0
bitbrains_rnd/5t/medium,LS-Agent,4.329574227647126,0.6315239808997499,18.0,59.0
bitbrains_rnd/5t/short,LS-Agent,1.5729822871835444,0.3703670700253367,10.0,10.0
bitbrains_rnd/h/short,LS-Agent,5.783915379536049,0.6229009232934204,27.0,53.0
bizitobs_application/10s/long,LS-Agent,3.1011581381389868,0.0502910239538342,30.0,28.0
bizitobs_application/10s/medium,LS-Agent,2.257646437453527,0.034995727451858,39.0,43.0
bizitobs_application/10s/short,LS-Agent,0.9873614702129042,0.0096062542573531,18.0,25.0
bizitobs_l2c/5t/long,LS-Agent,0.4208917426995313,0.1858439079002455,6.0,5.0
bizitobs_l2c/5t/medium,LS-Agent,0.4468260571383269,0.184156492445978,9.0,5.0
bizitobs_l2c/5t/short,LS-Agent,0.2022068563885345,0.0534874565344546,4.0,8.0
bizitobs_l2c/h/long,LS-Agent,0.5500563761469538,0.2525634921135263,27.0,23.0
bizitobs_l2c/h/medium,LS-Agent,0.5049966293789051,0.2401109100782616,63.0,56.0
bizitobs_l2c/h/short,LS-Agent,0.4078845075808299,0.1725656791289994,10.0,6.0
bizitobs_service/10s/long,LS-Agent,1.2738309981109517,0.050655009031713,13.0,16.0
bizitobs_service/10s/medium,LS-Agent,0.973113617115478,0.0202747941678273,22.0,23.0
bizitobs_service/10s/short,LS-Agent,0.6847117568951306,0.0100778428660964,17.0,19.0
car_parts/m/short,LS-Agent,0.8279382921727588,0.9270841521886972,20.0,8.0
covid_deaths/d/short,LS-Agent,29.61038205044786,0.0252272476736643,12.0,8.0
electricity/15t/long,LS-Agent,0.8422626511597023,0.070296510814374,13.0,8.0
electricity/15t/medium,LS-Agent,0.7915869312922478,0.0703209220952097,12.0,14.0
electricity/15t/short,LS-Agent,0.9367558608159032,0.0782724744241057,40.0,21.0
electricity/d/short,LS-Agent,1.3752613382787593,0.0541287077823848,33.0,36.0
electricity/h/long,LS-Agent,1.1319826282460623,0.0792235968287892,21.0,16.0
electricity/h/medium,LS-Agent,1.0272765159259465,0.0708781242725574,16.0,6.0
electricity/h/short,LS-Agent,0.9322898829650196,0.0654201365420972,55.0,45.0
electricity/w/short,LS-Agent,1.4212109229186658,0.0487702913320353,32.0,41.0
ett1/15t/long,LS-Agent,0.96312381279418,0.2185089851681539,7.0,4.0
ett1/15t/medium,LS-Agent,0.962522993918306,0.2232893292941316,16.0,14.0
ett1/15t/short,LS-Agent,0.6661898151504121,0.1557636664218557,20.0,30.0
ett1/d/short,LS-Agent,1.6575738491995815,0.2736293781951349,42.0,35.0
ett1/h/long,LS-Agent,1.3775881873038054,0.2617489868464578,61.0,27.0
ett1/h/medium,LS-Agent,1.220959826048368,0.2467974181876452,8.0,9.0
ett1/h/short,LS-Agent,0.7884899580746818,0.1706888826359081,14.0,19.0
ett1/w/short,LS-Agent,1.562505847861195,0.2726507182504715,58.0,67.0
ett2/15t/long,LS-Agent,0.8609134688330573,0.0889101769584519,15.0,9.0
ett2/15t/medium,LS-Agent,0.844241058969054,0.0867792045053491,13.0,13.0
ett2/15t/short,LS-Agent,0.704837317401606,0.0611054275196489,10.0,14.0
ett2/d/short,LS-Agent,1.2866335577093546,0.091925621485008,45.0,41.0
ett2/h/long,LS-Agent,0.9863337130527872,0.0987508441186879,9.0,13.0
ett2/h/medium,LS-Agent,1.0018450174395812,0.1011851543574738,13.0,22.0
ett2/h/short,LS-Agent,0.718398760569781,0.0626304524772551,13.0,12.0
ett2/w/short,LS-Agent,0.8334132762734304,0.086641179203656,62.0,45.0
hierarchical_sales/d/short,LS-Agent,0.7397024873651289,0.5696389702315354,15.0,24.0
hierarchical_sales/w/short,LS-Agent,0.6974483339124989,0.3261031349656462,4.0,5.0
hospital/m/short,LS-Agent,0.7369085355364,0.0474163573002603,5.0,7.0
jena_weather/10t/long,LS-Agent,0.6080866482724735,0.0458163551734095,10.0,4.0
jena_weather/10t/medium,LS-Agent,0.5757598847040989,0.0462770775384647,27.0,24.0
jena_weather/10t/short,LS-Agent,0.2576355189781658,0.028065775515264,16.0,54.0
jena_weather/d/short,LS-Agent,1.0410168063281946,0.0447487045709449,46.0,30.0
jena_weather/h/long,LS-Agent,0.8963241679357514,0.0523687150234767,26.0,17.0
jena_weather/h/medium,LS-Agent,0.7287829360461032,0.0486371128391604,7.0,20.0
jena_weather/h/short,LS-Agent,0.5102414890145719,0.0400772913809724,5.0,5.0
kdd_cup_2018/d/short,LS-Agent,1.1872929686990523,0.3761106711005144,37.0,56.0
kdd_cup_2018/h/long,LS-Agent,1.023010673602933,0.4404836912313945,64.0,44.0
kdd_cup_2018/h/medium,LS-Agent,1.035989409326116,0.4185997139436583,46.0,42.0
kdd_cup_2018/h/short,LS-Agent,0.9196630064456326,0.3679460384725734,35.0,32.0
loop_seattle/5t/long,LS-Agent,0.7820837337908076,0.0691121282150365,18.0,18.0
loop_seattle/5t/medium,LS-Agent,0.7168322159200757,0.0631823807552929,18.0,17.0
loop_seattle/5t/short,LS-Agent,0.5379984684599254,0.0456357922718243,22.0,15.0
loop_seattle/d/short,LS-Agent,0.860034189660436,0.0413104032103973,17.0,21.0
loop_seattle/h/long,LS-Agent,0.7896994154413045,0.0527865773967883,9.0,10.0
loop_seattle/h/medium,LS-Agent,0.8027488811575485,0.053188696984626,14.0,10.0
loop_seattle/h/short,LS-Agent,0.7518178502116998,0.0508974101457817,18.0,16.0
m4_daily/d/short,LS-Agent,3.2821112930762166,0.0215051528574059,62.0,49.0
m4_hourly/h/short,LS-Agent,0.6406277019837496,0.0204449337863573,5.0,38.0
m4_monthly/m/short,LS-Agent,0.8900936273142781,0.0886138980274086,5.0,8.0
m4_quarterly/q/short,LS-Agent,1.112738802410472,0.0710589913602574,5.0,5.0
m4_weekly/w/short,LS-Agent,1.865377377591444,0.0349329339165267,19.0,10.0
m4_yearly/a/short,LS-Agent,2.952769481118072,0.1054265547289905,5.0,8.0
m_dense/d/short,LS-Agent,0.61455802219705,0.0589339050096849,12.0,20.0
m_dense/h/long,LS-Agent,0.6590285878807735,0.1093393009415736,7.0,14.0
m_dense/h/medium,LS-Agent,0.6700292492280365,0.1117915061463231,15.0,19.0
m_dense/h/short,LS-Agent,0.7374398524982186,0.1241083067715754,10.0,22.0
restaurant/d/short,LS-Agent,0.6739711849763292,0.2523387546215485,8.0,8.0
saugeen/d/short,LS-Agent,2.7984950465877843,0.3339179435064253,40.0,35.0
saugeen/m/short,LS-Agent,0.6997066520064621,0.2759196491205748,10.0,9.0
saugeen/w/short,LS-Agent,1.0460699982538983,0.3029667751443918,6.0,6.0
solar/10t/long,LS-Agent,0.7858367102177497,0.2901079452291178,21.0,20.0
solar/10t/medium,LS-Agent,0.7926660219113224,0.2952445886863991,21.0,22.0
solar/10t/short,LS-Agent,0.8412567424218061,0.4186354107507996,37.0,33.0
solar/d/short,LS-Agent,0.9693505896896136,0.2745995197496007,44.0,46.0
solar/h/long,LS-Agent,0.474749905091956,0.1711779779037054,11.0,11.0
solar/h/medium,LS-Agent,0.4536738977096268,0.1667239838737975,9.0,10.0
solar/h/short,LS-Agent,0.4196344732107973,0.1574312691179848,6.0,8.0
solar/w/short,LS-Agent,1.0146145061695768,0.1390003162778504,34.0,28.0
sz_taxi/15t/long,LS-Agent,0.5038501266126394,0.1953075911534318,12.0,13.0
sz_taxi/15t/medium,LS-Agent,0.5321054295510506,0.1999617193947907,7.0,8.0
sz_taxi/15t/short,LS-Agent,0.5383764686495038,0.1983965683009494,2.0,7.0
sz_taxi/h/short,LS-Agent,0.5571254730383484,0.1340390307722211,8.0,9.0
temperature_rain/d/short,LS-Agent,1.32072382785697,0.5420213192333502,27.0,25.0
us_births/d/short,LS-Agent,0.3101773446912547,0.0155637409204826,13.0,10.0
us_births/m/short,LS-Agent,0.6301450497561956,0.0130801234044164,44.0,44.0
us_births/w/short,LS-Agent,0.8552553975813026,0.0101146565147476,8.0,7.0
bitbrains_fast_storage/5t/long,LS-MoE,0.8259948419607899,0.6478041750999607,14.0,25.0
bitbrains_fast_storage/5t/medium,LS-MoE,0.9170276145826584,0.6173907033362273,8.0,36.0
bitbrains_fast_storage/5t/short,LS-MoE,0.6037989281529795,0.3487187212899824,2.0,11.0
bitbrains_fast_storage/h/short,LS-MoE,0.9483097669843946,0.6438041646851036,22.0,53.0
bitbrains_rnd/5t/long,LS-MoE,3.244582283109864,0.6211868643501002,12.0,42.0
bitbrains_rnd/5t/medium,LS-MoE,4.314496666763872,0.6460077593137432,9.0,69.0
bitbrains_rnd/5t/short,LS-MoE,1.5710678592948046,0.3726615219705259,8.0,14.0
bitbrains_rnd/h/short,LS-MoE,5.775957793712425,0.6480180677769581,20.0,67.0
bizitobs_application/10s/long,LS-MoE,3.173559364634136,0.0518658353074658,42.0,44.0
bizitobs_application/10s/medium,LS-MoE,2.3424105956119714,0.0351746802963003,47.0,44.0
bizitobs_application/10s/short,LS-MoE,1.038221761976496,0.0095735209449911,38.0,24.0
bizitobs_l2c/5t/long,LS-MoE,0.4578156574035252,0.2025027596654323,14.0,10.0
bizitobs_l2c/5t/medium,LS-MoE,0.4388646113560877,0.1821919602606134,8.0,4.0
bizitobs_l2c/5t/short,LS-MoE,0.2062250515557447,0.0538280534848828,10.0,10.0
bizitobs_l2c/h/long,LS-MoE,0.5510932345672781,0.2541462754649292,28.0,28.0
bizitobs_l2c/h/medium,LS-MoE,0.4837802799006076,0.2292110763716878,27.0,23.0
bizitobs_l2c/h/short,LS-MoE,0.408561697575885,0.1730292262724394,11.0,8.0
bizitobs_service/10s/long,LS-MoE,1.2732779882998204,0.050670270771378,12.0,17.0
bizitobs_service/10s/medium,LS-MoE,0.9690905936985134,0.0206405671257626,19.0,26.0
bizitobs_service/10s/short,LS-MoE,0.6772618588089991,0.0097403371993664,8.0,2.0
car_parts/m/short,LS-MoE,0.8335879042691584,0.9244029095204688,23.0,5.0
covid_deaths/d/short,LS-MoE,29.60570922572153,0.0245179487116709,11.0,4.0
electricity/15t/long,LS-MoE,0.8379095263043069,0.070120966159606,6.0,7.0
electricity/15t/medium,LS-MoE,0.7897207967369816,0.0700278261020897,7.0,6.0
electricity/15t/short,LS-MoE,0.9452893944257692,0.0799021522945631,45.0,32.0
electricity/d/short,LS-MoE,1.3734162306143558,0.0546472232670694,29.0,45.0
electricity/h/long,LS-MoE,1.1165456287174191,0.0787883442793691,11.0,13.0
electricity/h/medium,LS-MoE,1.0238151084556786,0.0709704713281305,12.0,7.0
electricity/h/short,LS-MoE,0.9568096446904368,0.066316257368953,67.0,52.0
electricity/w/short,LS-MoE,1.3735638585692878,0.0500650129922879,8.0,51.0
ett1/15t/long,LS-MoE,0.9705134173534944,0.2211129373274363,16.0,10.0
ett1/15t/medium,LS-MoE,0.9634300094254752,0.223072773599856,17.0,10.0
ett1/15t/short,LS-MoE,0.6623808515646842,0.1549404879093391,12.0,29.0
ett1/d/short,LS-MoE,1.6266592080541036,0.2684496603762829,21.0,16.0
ett1/h/long,LS-MoE,1.3765102195903614,0.260615760694782,58.0,23.0
ett1/h/medium,LS-MoE,1.2333123737539793,0.2475148247120994,16.0,14.0
ett1/h/short,LS-MoE,0.7803439431877177,0.1680447260112595,9.0,9.0
ett1/w/short,LS-MoE,1.5700242552983985,0.2678571293479954,60.0,58.0
ett2/15t/long,LS-MoE,0.8648157689040512,0.0898751940941229,19.0,25.0
ett2/15t/medium,LS-MoE,0.8508535143120262,0.0873430308472779,28.0,27.0
ett2/15t/short,LS-MoE,0.6986806822201796,0.060542110355638,7.0,10.0
ett2/d/short,LS-MoE,1.2930766552787594,0.0930848273612174,52.0,57.0
ett2/h/long,LS-MoE,0.9844989989832252,0.0989321359935626,8.0,14.0
ett2/h/medium,LS-MoE,1.003983734753897,0.1013460277332944,15.0,23.0
ett2/h/short,LS-MoE,0.7221470890625898,0.0627447737894013,30.0,16.0
ett2/w/short,LS-MoE,0.7074775147777517,0.0826558141417311,6.0,21.0
hierarchical_sales/d/short,LS-MoE,0.7388478178390269,0.5678283190213484,13.0,15.0
hierarchical_sales/w/short,LS-MoE,0.6864974365947096,0.3218483772497407,3.0,4.0
hospital/m/short,LS-MoE,0.7316588339744894,0.0473209655098822,3.0,6.0
jena_weather/10t/long,LS-MoE,0.6170488390549305,0.0461630067374506,21.0,7.0
jena_weather/10t/medium,LS-MoE,0.5724097373120891,0.0454897004093416,23.0,9.0
jena_weather/10t/short,LS-MoE,0.2480363910704184,0.0271717910580631,6.0,34.0
jena_weather/d/short,LS-MoE,1.0580020479785768,0.0453713673038487,58.0,46.0
jena_weather/h/long,LS-MoE,0.9107255518560698,0.053288436323216,28.0,28.0
jena_weather/h/medium,LS-MoE,0.7523211770111523,0.0483900049495962,20.0,16.0
jena_weather/h/short,LS-MoE,0.5049951204449202,0.0396590868620302,1.0,2.0
kdd_cup_2018/d/short,LS-MoE,1.194336848151084,0.3720304791145417,56.0,26.0
kdd_cup_2018/h/long,LS-MoE,1.0469020466964432,0.4485514517202494,91.0,58.0
kdd_cup_2018/h/medium,LS-MoE,1.0260547525812955,0.4145115304015935,32.0,31.0
kdd_cup_2018/h/short,LS-MoE,0.9179417826263924,0.3676331195980068,33.0,31.0
loop_seattle/5t/long,LS-MoE,0.7747100447026741,0.0684903679343582,16.0,15.0
loop_seattle/5t/medium,LS-MoE,0.7152286217331627,0.063045158141328,14.0,14.0
loop_seattle/5t/short,LS-MoE,0.5354586282048021,0.04541356450503,15.0,13.0
loop_seattle/d/short,LS-MoE,0.8630670726125741,0.0414842075981963,23.0,27.0
loop_seattle/h/long,LS-MoE,0.7739765874967529,0.0519716762291996,8.0,8.0
loop_seattle/h/medium,LS-MoE,0.7755472133424274,0.0519387859265934,10.0,9.0
loop_seattle/h/short,LS-MoE,0.7387132560792629,0.04988678531218,16.0,10.0
m4_daily/d/short,LS-MoE,3.2158534634815714,0.021103415350125,33.0,32.0
m4_hourly/h/short,LS-MoE,0.643482056386328,0.0187461300722377,9.0,12.0
m4_monthly/m/short,LS-MoE,0.8749530503599293,0.0871792505191923,4.0,5.0
m4_quarterly/q/short,LS-MoE,1.105628772224363,0.0708030790134418,3.0,3.0
m4_weekly/w/short,LS-MoE,1.8490161722356857,0.0350461195875336,5.0,15.0
m4_yearly/a/short,LS-MoE,3.000122412564698,0.1046567869533067,21.0,4.0
m_dense/d/short,LS-MoE,0.6137619759578022,0.058286001179747,11.0,15.0
m_dense/h/long,LS-MoE,0.6584562146711255,0.1097181024496406,6.0,18.0
m_dense/h/medium,LS-MoE,0.6650710053185473,0.1107191606429028,11.0,11.0
m_dense/h/short,LS-MoE,0.74766602317903,0.1243455986135893,18.0,24.0
restaurant/d/short,LS-MoE,0.6725500613085823,0.2518696770228379,6.0,5.0
saugeen/d/short,LS-MoE,2.842456596347937,0.3331085613825515,48.0,31.0
saugeen/m/short,LS-MoE,0.681263525974003,0.2722178737236805,6.0,7.0
saugeen/w/short,LS-MoE,1.0431341292359655,0.3011966996915167,5.0,5.0
solar/10t/long,LS-MoE,0.7825526043099106,0.2876465778516566,18.0,12.0
solar/10t/medium,LS-MoE,0.7921402413627382,0.2936398962946243,20.0,15.0
solar/10t/short,LS-MoE,0.8080416468708366,0.4048022775281226,25.0,25.0
solar/d/short,LS-MoE,0.9681815040129748,0.2738087501394834,43.0,41.0
solar/h/long,LS-MoE,0.4730232080763696,0.1690951037969036,8.0,9.0
solar/h/medium,LS-MoE,0.4491145463304501,0.1642358362813974,5.0,5.0
solar/h/short,LS-MoE,0.4201066814690872,0.1565303723133264,7.0,6.0
solar/w/short,LS-MoE,1.0080677487661167,0.1385843982187066,29.0,22.0
sz_taxi/15t/long,LS-MoE,0.5029435300985482,0.1947916162611873,6.0,9.0
sz_taxi/15t/medium,LS-MoE,0.5321535921334969,0.1999322543119467,8.0,7.0
sz_taxi/15t/short,LS-MoE,0.5386598522617273,0.1983872023046249,4.0,5.0
sz_taxi/h/short,LS-MoE,0.5575542838012075,0.1340863246152742,13.0,10.0
temperature_rain/d/short,LS-MoE,1.3019165453010313,0.5343486390965116,6.0,7.0
us_births/d/short,LS-MoE,0.3167562287555329,0.0160586988945713,25.0,22.0
us_births/m/short,LS-MoE,0.4118536415983214,0.0094401214699291,3.0,6.0
us_births/w/short,LS-MoE,0.8937515765862611,0.0103782098734382,17.0,9.0
m4_yearly/a/short,Lag-Llama,9.565383911132812,0.2814253866672516,128.0,128.0
m4_quarterly/q/short,Lag-Llama,5.967475414276123,0.2496903985738754,128.0,128.0
m4_monthly/m/short,Lag-Llama,3.1265225410461426,0.2110040932893753,126.0,128.0
m4_weekly/w/short,Lag-Llama,8.751137733459473,0.1026695966720581,128.0,128.0
m4_daily/d/short,Lag-Llama,9.615877151489258,0.0539488568902015,128.0,127.0
m4_hourly/h/short,Lag-Llama,3.5082485675811768,0.0618392415344715,123.0,123.0
electricity/15t/short,Lag-Llama,2.402144432067871,0.2475040107965469,124.0,127.0
electricity/h/short,Lag-Llama,1.0347744226455688,0.0764567926526069,91.0,94.0
electricity/d/short,Lag-Llama,2.2441742420196533,0.1019641831517219,127.0,122.0
electricity/w/short,Lag-Llama,4.0522966384887695,0.1967992931604385,127.0,128.0
solar/10t/short,Lag-Llama,1.4110499620437622,0.78187096118927,116.0,111.0
solar/h/short,Lag-Llama,1.0881956815719604,0.427801251411438,123.0,117.0
solar/d/short,Lag-Llama,1.7386420965194702,0.5095893144607544,127.0,123.0
solar/w/short,Lag-Llama,3.393258571624756,0.5304940342903137,128.0,126.0
hospital/m/short,Lag-Llama,1.419993877410889,0.1347786635160446,127.0,128.0
covid_deaths/d/short,Lag-Llama,116.31073760986328,0.3472515642642975,128.0,128.0
us_births/d/short,Lag-Llama,1.4185760021209717,0.0693384557962417,119.0,119.0
us_births/m/short,Lag-Llama,2.18820858001709,0.0485103353857994,129.0,128.0
us_births/w/short,Lag-Llama,2.0816760063171387,0.0270843487232923,126.0,126.0
saugeen/d/short,Lag-Llama,4.1777167320251465,0.5318207144737244,126.0,117.0
saugeen/m/short,Lag-Llama,0.7726868391036987,0.3157203793525696,103.0,85.0
saugeen/w/short,Lag-Llama,1.639029860496521,0.5420491099357605,119.0,116.0
temperature_rain/d/short,Lag-Llama,1.507002592086792,0.6556317806243896,111.0,107.0
kdd_cup_2018/h/short,Lag-Llama,1.0407562255859375,0.4422106444835663,110.0,102.0
kdd_cup_2018/d/short,Lag-Llama,1.383057951927185,0.4548488557338714,121.0,110.0
car_parts/m/short,Lag-Llama,0.8237143158912659,1.048752784729004,9.0,82.0
restaurant/d/short,Lag-Llama,1.1710306406021118,0.4820057451725006,127.0,124.0
hierarchical_sales/d/short,Lag-Llama,0.7882815003395081,0.6217664480209351,113.0,108.0
hierarchical_sales/w/short,Lag-Llama,0.928190529346466,0.460539162158966,121.0,116.0
loop_seattle/5t/short,Lag-Llama,0.8910098671913147,0.0825275257229805,123.0,121.0
loop_seattle/h/short,Lag-Llama,1.069818377494812,0.0775603950023651,114.0,112.0
loop_seattle/d/short,Lag-Llama,1.6061257123947144,0.0842483416199684,122.0,122.0
sz_taxi/15t/short,Lag-Llama,0.6100003719329834,0.2274109125137329,120.0,107.0
sz_taxi/h/short,Lag-Llama,0.7128909230232239,0.1751712411642074,124.0,114.0
m_dense/h/short,Lag-Llama,0.935418963432312,0.1594855785369873,109.0,106.0
m_dense/d/short,Lag-Llama,1.2868000268936155,0.1261958628892898,124.0,122.0
ett1/15t/short,Lag-Llama,1.5202248096466064,0.4143914878368377,125.0,129.0
ett1/h/short,Lag-Llama,0.9874780774116516,0.2180723249912262,121.0,106.0
ett1/d/short,Lag-Llama,1.9066636562347408,0.3092998266220093,120.0,103.0
ett1/w/short,Lag-Llama,2.2115485668182373,0.4573812782764435,126.0,127.0
ett2/15t/short,Lag-Llama,1.0268734693527222,0.0868482366204261,121.0,114.0
ett2/h/short,Lag-Llama,0.8619452714920044,0.0774684324860572,116.0,106.0
ett2/d/short,Lag-Llama,2.755840539932251,0.16875521838665,127.0,126.0
ett2/w/short,Lag-Llama,2.2196521759033203,0.243501678109169,124.0,124.0
jena_weather/10t/short,Lag-Llama,0.641983151435852,0.0554931946098804,122.0,113.0
jena_weather/h/short,Lag-Llama,0.6971921324729919,0.0502218306064605,119.0,105.0
jena_weather/d/short,Lag-Llama,2.1400671005249023,0.0954189449548721,126.0,123.0
bitbrains_fast_storage/5t/short,Lag-Llama,0.9768980741500854,0.6083253622055054,109.0,118.0
bitbrains_fast_storage/h/short,Lag-Llama,1.5289971828460691,0.7694836258888245,120.0,98.0
bitbrains_rnd/5t/short,Lag-Llama,2.048410654067993,0.6395964622497559,115.0,119.0
bitbrains_rnd/h/short,Lag-Llama,6.916857719421387,0.8321613073348999,126.0,114.0
bizitobs_application/10s/short,Lag-Llama,6.393925189971924,0.0702343210577964,126.0,127.0
bizitobs_service/10s/short,Lag-Llama,3.870929956436157,0.0807255879044532,128.0,129.0
bizitobs_l2c/5t/short,Lag-Llama,0.7704724669456482,0.1916632503271103,126.0,127.0
bizitobs_l2c/h/short,Lag-Llama,0.7223131656646729,0.3106788098812103,108.0,106.0
electricity/15t/medium,Lag-Llama,2.726264238357544,0.2719980180263519,126.0,126.0
electricity/h/medium,Lag-Llama,1.3101906776428225,0.0990907922387123,115.0,113.0
solar/10t/medium,Lag-Llama,2.60837721824646,1.1809173822402954,127.0,125.0
solar/h/medium,Lag-Llama,1.331592321395874,0.5090625286102295,123.0,119.0
kdd_cup_2018/h/medium,Lag-Llama,1.1534812450408936,0.4988628923892975,116.0,109.0
loop_seattle/5t/medium,Lag-Llama,1.3063509464263916,0.1285654455423355,118.0,119.0
loop_seattle/h/medium,Lag-Llama,1.160565733909607,0.0849015042185783,114.0,112.0
sz_taxi/15t/medium,Lag-Llama,0.5916507244110107,0.2249597758054733,115.0,96.0
m_dense/h/medium,Lag-Llama,0.9955756664276124,0.1753831654787063,115.0,115.0
ett1/15t/medium,Lag-Llama,1.7163450717926023,0.4491095840930938,126.0,124.0
ett1/h/medium,Lag-Llama,1.476418137550354,0.3045643270015716,116.0,103.0
ett2/15t/medium,Lag-Llama,1.150973558425903,0.1146153882145881,121.0,105.0
ett2/h/medium,Lag-Llama,1.2614977359771729,0.1296305060386657,114.0,110.0
jena_weather/10t/medium,Lag-Llama,0.7485834956169128,0.0798139944672584,116.0,118.0
jena_weather/h/medium,Lag-Llama,1.037570595741272,0.0728381797671318,120.0,112.0
bitbrains_fast_storage/5t/medium,Lag-Llama,1.232331156730652,0.9385850429534912,109.0,117.0
bitbrains_rnd/5t/medium,Lag-Llama,4.7428388595581055,0.7809394001960754,113.0,105.0
bizitobs_application/10s/medium,Lag-Llama,7.156142711639404,0.0767859071493148,114.0,113.0
bizitobs_service/10s/medium,Lag-Llama,4.173798561096191,0.0913501307368278,117.0,120.0
bizitobs_l2c/5t/medium,Lag-Llama,1.406332015991211,0.6211860775947571,128.0,128.0
bizitobs_l2c/h/medium,Lag-Llama,0.7796006202697754,0.3845742642879486,107.0,106.0
electricity/15t/long,Lag-Llama,2.871703624725342,0.2860655188560486,126.0,126.0
electricity/h/long,Lag-Llama,1.471965193748474,0.1177838593721389,116.0,111.0
solar/10t/long,Lag-Llama,2.8453385829925537,1.2605725526809692,128.0,125.0
solar/h/long,Lag-Llama,1.437756061553955,0.5241605639457703,121.0,117.0
kdd_cup_2018/h/long,Lag-Llama,1.120871901512146,0.5306061506271362,116.0,107.0
loop_seattle/5t/long,Lag-Llama,1.2903506755828855,0.1274696886539459,119.0,116.0
loop_seattle/h/long,Lag-Llama,1.2137266397476196,0.0883046016097068,118.0,116.0
sz_taxi/15t/long,Lag-Llama,0.5695778727531433,0.219907745718956,113.0,86.0
m_dense/h/long,Lag-Llama,1.067036271095276,0.1899313926696777,116.0,116.0
ett1/15t/long,Lag-Llama,1.7003272771835327,0.4425410330295563,124.0,122.0
ett1/h/long,Lag-Llama,1.581522822380066,0.3216345906257629,119.0,101.0
ett2/15t/long,Lag-Llama,1.1521804332733154,0.1176005080342292,120.0,105.0
ett2/h/long,Lag-Llama,1.3777650594711304,0.1442978829145431,119.0,116.0
jena_weather/10t/long,Lag-Llama,0.7451301217079163,0.0833243131637573,108.0,117.0
jena_weather/h/long,Lag-Llama,1.1243258714675903,0.0784495696425437,104.0,106.0
bitbrains_fast_storage/5t/long,Lag-Llama,1.0786962509155271,0.9994799494743348,104.0,117.0
bitbrains_rnd/5t/long,Lag-Llama,3.691957235336304,0.7810600996017456,108.0,102.0
bizitobs_application/10s/long,Lag-Llama,7.44248104095459,0.0782411992549896,113.0,110.0
bizitobs_service/10s/long,Lag-Llama,4.068155765533447,0.0958718881011009,119.0,118.0
bizitobs_l2c/5t/long,Lag-Llama,1.5998576879501345,0.8041598200798035,129.0,129.0
bizitobs_l2c/h/long,Lag-Llama,0.8789162635803223,0.4227137565612793,106.0,106.0
sz_taxi/15t/short,Lingjiang,0.5671442573738626,0.2088630352872326,103.0,93.0
sz_taxi/15t/medium,Lingjiang,0.5629482017337738,0.2288895305241191,103.0,101.0
sz_taxi/15t/long,Lingjiang,0.5266544729112937,0.2251724765761071,86.0,92.0
ett1/w/short,Lingjiang,1.4737426040551591,0.2491393251109127,20.0,18.0
jena_weather/h/short,Lingjiang,0.6138052619383408,0.0491952061416518,108.0,100.0
jena_weather/h/medium,Lingjiang,0.9872609969998994,0.059438166565082,118.0,90.0
jena_weather/h/long,Lingjiang,1.7036503568567325,0.0788971210232101,123.0,107.0
m_dense/h/short,Lingjiang,0.9664262184532758,0.1633194356392342,113.0,107.0
m_dense/h/medium,Lingjiang,0.8804006605805744,0.1473740929940739,104.0,104.0
m_dense/h/long,Lingjiang,0.9419306312193416,0.1569337916031663,106.0,104.0
solar/w/short,Lingjiang,1.2745701544246,0.1795946046722768,87.0,89.0
ett2/d/short,Lingjiang,1.409814638887418,0.1025495867914325,95.0,92.0
saugeen/m/short,Lingjiang,1.1000416552043355,0.4597692693518234,125.0,123.0
us_births/d/short,Lingjiang,1.8224119325817063,0.1009796270608415,126.0,124.0
saugeen/d/short,Lingjiang,3.4350743055523565,0.4395115743352106,119.0,113.0
bizitobs_application/10s/short,Lingjiang,6.286112010241561,0.0447744412223319,125.0,118.0
bizitobs_application/10s/medium,Lingjiang,14.387804728830616,0.1172460741319581,129.0,124.0
bizitobs_application/10s/long,Lingjiang,19.528228877502624,0.1353055871435034,128.0,125.0
us_births/w/short,Lingjiang,1.4719038040047356,0.0175316345590944,113.0,106.0
hierarchical_sales/w/short,Lingjiang,0.8532678474854984,0.4153432179143234,115.0,109.0
ett2/15t/short,Lingjiang,0.755450170575806,0.0646850115443972,71.0,55.0
ett2/15t/medium,Lingjiang,0.8102434393985944,0.0863454473480228,4.0,11.0
ett2/15t/long,Lingjiang,0.8189941522786657,0.0881299012630198,3.0,5.0
electricity/d/short,Lingjiang,1.825122512966233,0.0822931068653878,117.0,113.0
solar/10t/short,Lingjiang,0.462802415535418,0.2561423437975909,2.0,1.0
solar/10t/medium,Lingjiang,0.4762752678565837,0.1964290623413485,1.0,1.0
solar/10t/long,Lingjiang,0.4178728686754567,0.1667766345848657,2.0,2.0
bitbrains_rnd/5t/short,Lingjiang,4.896481511820496,0.4637727868272927,129.0,94.0
bitbrains_rnd/5t/medium,Lingjiang,12.308572831484428,0.6592322518507768,128.0,77.0
bitbrains_rnd/5t/long,Lingjiang,15.358232684244904,0.7395778802399846,128.0,92.0
m4_yearly/a/short,Lingjiang,3.486837575206686,0.1275370953666668,84.0,90.0
ett2/h/short,Lingjiang,0.7099558829055521,0.0606487759176248,6.0,6.0
ett2/h/medium,Lingjiang,0.907039326082194,0.0901261033759982,4.0,4.0
ett2/h/long,Lingjiang,0.9753604010915986,0.1031138734262374,6.0,40.0
sz_taxi/h/short,Lingjiang,0.5932086240553479,0.1464910385419677,109.0,103.0
m_dense/d/short,Lingjiang,1.2007316328104565,0.1145443997354918,121.0,117.0
solar/d/short,Lingjiang,1.001682357126927,0.2769877237352596,89.0,53.0
ett1/d/short,Lingjiang,1.6221098555549,0.2699848904414602,20.0,21.0
kdd_cup_2018/h/short,Lingjiang,0.984102320635578,0.3963290917402917,94.0,87.0
kdd_cup_2018/h/medium,Lingjiang,1.109839404078497,0.4618137387923433,105.0,98.0
kdd_cup_2018/h/long,Lingjiang,1.048484753597707,0.487122478211219,98.0,97.0
electricity/15t/short,Lingjiang,0.8784644069041138,0.0753108929131414,14.0,11.0
electricity/15t/medium,Lingjiang,0.8566204719397901,0.0780993753506047,70.0,62.0
electricity/15t/long,Lingjiang,0.9148428045415958,0.079627183404033,74.0,70.0
bizitobs_l2c/h/short,Lingjiang,0.6132358461152132,0.257965718627906,101.0,93.0
bizitobs_l2c/h/medium,Lingjiang,0.6772106649665172,0.3411844013367673,98.0,99.0
bizitobs_l2c/h/long,Lingjiang,0.6403397953288085,0.2997970122577858,88.0,79.0
covid_deaths/d/short,Lingjiang,46.97034764025341,0.0544928416923993,118.0,90.0
saugeen/w/short,Lingjiang,1.5823706309584329,0.4824969935136547,117.0,111.0
bizitobs_l2c/5t/short,Lingjiang,0.3469033280871791,0.0927261100940134,119.0,113.0
bizitobs_l2c/5t/medium,Lingjiang,0.7769746660786438,0.3659418717029092,85.0,95.0
bizitobs_l2c/5t/long,Lingjiang,1.006255620896709,0.5294317796593851,84.0,88.0
bitbrains_fast_storage/h/short,Lingjiang,10.80186083434526,0.8207449978427294,129.0,107.0
temperature_rain/d/short,Lingjiang,1.7758821742923057,0.6562921590914577,119.0,109.0
car_parts/m/short,Lingjiang,1.168552289296536,1.266973909072893,118.0,114.0
ett2/w/short,Lingjiang,0.8382627374642126,0.1100580003560443,63.0,102.0
electricity/w/short,Lingjiang,2.05324014036354,0.1028292775747762,113.0,118.0
m4_hourly/h/short,Lingjiang,3.5781276609341783,0.1413205451839355,125.0,128.0
solar/h/short,Lingjiang,0.6708210896810207,0.2630590271714113,20.0,24.0
solar/h/medium,Lingjiang,0.6676443209120652,0.2503951025798989,19.0,19.0
solar/h/long,Lingjiang,0.920938465459664,0.3489278469036276,60.0,74.0
kdd_cup_2018/d/short,Lingjiang,1.1497899485946192,0.3796386481450549,7.0,71.0
jena_weather/d/short,Lingjiang,1.4728260202685992,0.0565119611702454,112.0,101.0
bitbrains_rnd/h/short,Lingjiang,13.35019690042479,0.7650499489657955,129.0,108.0
hierarchical_sales/d/short,Lingjiang,0.863367504569755,0.6946249814745438,120.0,110.0
jena_weather/10t/short,Lingjiang,0.3782504709022848,0.0377473275574136,114.0,97.0
jena_weather/10t/medium,Lingjiang,0.764288819186884,0.0552335523701795,120.0,86.0
jena_weather/10t/long,Lingjiang,0.9397411592430446,0.0585660910982925,123.0,88.0
us_births/m/short,Lingjiang,1.5482366052848595,0.0340705726299621,126.0,122.0
electricity/h/short,Lingjiang,0.9268181713686988,0.0659591862720956,51.0,49.0
electricity/h/medium,Lingjiang,1.09338040135783,0.0759866724604843,82.0,58.0
electricity/h/long,Lingjiang,1.2508563444428231,0.0896697503343107,85.0,66.0
m4_daily/d/short,Lingjiang,3.3390770455173326,0.0226962570232297,80.0,72.0
m4_monthly/m/short,Lingjiang,1.1226536765536763,0.1053528987382946,112.0,106.0
m4_weekly/w/short,Lingjiang,2.754998052518397,0.0506562887445856,109.0,109.0
restaurant/d/short,Lingjiang,0.8240286415384662,0.3216637238328598,118.0,110.0
loop_seattle/h/short,Lingjiang,1.0090175995760635,0.0735852104486995,105.0,106.0
loop_seattle/h/medium,Lingjiang,1.1136856506759665,0.0810532179936729,109.0,107.0
loop_seattle/h/long,Lingjiang,1.0755114882183647,0.0783418902600274,106.0,104.0
bizitobs_service/10s/short,Lingjiang,2.6223915545703065,0.0363984528762415,119.0,114.0
bizitobs_service/10s/medium,Lingjiang,5.9955915470430785,0.1066074662019089,127.0,125.0
bizitobs_service/10s/long,Lingjiang,6.784637070568266,0.1273800234970471,128.0,125.0
m4_quarterly/q/short,Lingjiang,1.317592379302041,0.0844454937841867,100.0,100.0
ett1/h/short,Lingjiang,0.7860549040833174,0.1695860905739259,10.0,11.0
ett1/h/medium,Lingjiang,1.1492538539997257,0.2472611055763941,3.0,11.0
ett1/h/long,Lingjiang,1.407624351485582,0.3014529425723179,77.0,89.0
ett1/15t/short,Lingjiang,0.7011456306428773,0.1647479569196979,74.0,67.0
ett1/15t/medium,Lingjiang,0.938675437736884,0.2299298580590507,4.0,37.0
ett1/15t/long,Lingjiang,0.9729193255919298,0.2385539141220456,18.0,58.0
bitbrains_fast_storage/5t/short,Lingjiang,2.444770665010118,0.5076265340917465,128.0,107.0
bitbrains_fast_storage/5t/medium,Lingjiang,5.6708881935007796,0.8260142958672874,127.0,104.0
bitbrains_fast_storage/5t/long,Lingjiang,7.11267701991123,0.9661501434349372,127.0,113.0
loop_seattle/d/short,Lingjiang,1.285936906558313,0.0616594783105686,119.0,119.0
loop_seattle/5t/short,Lingjiang,0.5980905252220723,0.0525814527508902,92.0,91.0
loop_seattle/5t/medium,Lingjiang,0.961385447576104,0.0888802652194965,90.0,90.0
loop_seattle/5t/long,Lingjiang,1.0222475428434077,0.0953626655616998,94.0,92.0
hospital/m/short,Lingjiang,0.8321956108572173,0.087455333681769,112.0,124.0
loop_seattle/5t/short,LongSeer-v1.0,0.5687626614343698,0.0488560533381454,78.0,67.0
loop_seattle/5t/medium,LongSeer-v1.0,0.7969993449931385,0.0707961238650187,61.0,60.0
loop_seattle/5t/long,LongSeer-v1.0,0.8916623353048918,0.0814438479762283,75.0,73.0
loop_seattle/d/short,LongSeer-v1.0,0.864970901763362,0.0420134959229747,27.0,40.0
loop_seattle/h/short,LongSeer-v1.0,0.78843415312391,0.0554377296373073,31.0,31.0
loop_seattle/h/medium,LongSeer-v1.0,0.8543206210287033,0.0591592923752413,27.0,30.0
loop_seattle/h/long,LongSeer-v1.0,0.8510943492871715,0.0603136427435159,35.0,56.0
m_dense/d/short,LongSeer-v1.0,0.6283250243481306,0.0594219495097343,25.0,21.0
m_dense/h/short,LongSeer-v1.0,0.7879919208198808,0.1296677230227089,62.0,57.0
m_dense/h/medium,LongSeer-v1.0,0.6907086542694718,0.1161598145693972,44.0,52.0
m_dense/h/long,LongSeer-v1.0,0.6891598376130174,0.1173393753869251,47.0,56.0
sz_taxi/15t/short,LongSeer-v1.0,0.5467604402347875,0.2017064331458809,71.0,62.0
sz_taxi/15t/medium,LongSeer-v1.0,0.5361790841993602,0.2018384724087805,49.0,38.0
sz_taxi/15t/long,LongSeer-v1.0,0.5085591288177516,0.2105502818165556,49.0,80.0
sz_taxi/h/short,LongSeer-v1.0,0.5597655569841422,0.1353149693253083,30.0,45.0
bitbrains_fast_storage/5t/short,LongSeer-v1.0,0.6733190171575073,0.3894354226155039,45.0,46.0
bitbrains_fast_storage/5t/medium,LongSeer-v1.0,0.9636380446946546,0.6661207395165849,41.0,72.0
bitbrains_fast_storage/5t/long,LongSeer-v1.0,0.8879072696257402,0.8761475254071986,48.0,101.0
bitbrains_fast_storage/h/short,LongSeer-v1.0,1.0225891613791231,0.6686107367124238,48.0,73.0
bitbrains_rnd/5t/short,LongSeer-v1.0,1.632282502197274,0.4375009111387193,44.0,78.0
bitbrains_rnd/5t/medium,LongSeer-v1.0,4.354417707735,0.5925082920391348,31.0,17.0
bitbrains_rnd/5t/long,LongSeer-v1.0,3.284983631166077,0.645007141806014,38.0,63.0
bitbrains_rnd/h/short,LongSeer-v1.0,5.839488109354878,0.6195705481378445,63.0,49.0
bizitobs_application/10s/short,LongSeer-v1.0,1.0949135427021237,0.0090822706089967,54.0,7.0
bizitobs_application/10s/medium,LongSeer-v1.0,1.8526373007223231,0.0254516306356522,12.0,12.0
bizitobs_application/10s/long,LongSeer-v1.0,3.2338613622599306,0.0528017287877541,57.0,50.0
bizitobs_l2c/5t/short,LongSeer-v1.0,0.2756826512331626,0.0732986484806682,68.0,57.0
bizitobs_l2c/5t/medium,LongSeer-v1.0,0.5179756021851551,0.2159583975873015,40.0,37.0
bizitobs_l2c/5t/long,LongSeer-v1.0,0.4894227338889627,0.2143380117257636,24.0,18.0
bizitobs_l2c/h/short,LongSeer-v1.0,0.4309511446411313,0.1837548805493375,38.0,32.0
bizitobs_l2c/h/medium,LongSeer-v1.0,0.4766557190582984,0.2253835576841291,16.0,15.0
bizitobs_l2c/h/long,LongSeer-v1.0,0.5602501865621412,0.271958441743359,41.0,56.0
bizitobs_service/10s/short,LongSeer-v1.0,0.796852433888931,0.011397359598317,63.0,48.0
bizitobs_service/10s/medium,LongSeer-v1.0,0.9754570600352084,0.0242128811149024,23.0,52.0
bizitobs_service/10s/long,LongSeer-v1.0,1.3325479154291813,0.0525215368371544,51.0,56.0
car_parts/m/short,LongSeer-v1.0,0.837717297915629,0.9556762484689176,42.0,35.0
covid_deaths/d/short,LongSeer-v1.0,31.81369727156605,0.0255376407775976,31.0,10.0
electricity/15t/short,LongSeer-v1.0,1.0281227612745885,0.0892284733705424,65.0,66.0
electricity/15t/medium,LongSeer-v1.0,0.8523834184113196,0.07620556163631,62.0,55.0
electricity/15t/long,LongSeer-v1.0,0.8938057477151716,0.0778506520653123,58.0,66.0
electricity/d/short,LongSeer-v1.0,1.447586849128998,0.0574415759095603,73.0,72.0
electricity/h/short,LongSeer-v1.0,0.9935590802729832,0.070150190514351,80.0,76.0
electricity/h/medium,LongSeer-v1.0,1.065497114165642,0.0741919819456532,53.0,46.0
electricity/h/long,LongSeer-v1.0,1.1865440641606388,0.0892301878654391,51.0,64.0
electricity/w/short,LongSeer-v1.0,1.5474103384595683,0.0546889329664956,66.0,68.0
ett1/15t/short,LongSeer-v1.0,0.6700005681558207,0.1526810835397528,26.0,15.0
ett1/15t/medium,LongSeer-v1.0,0.99374781426123,0.2333211077477075,52.0,51.0
ett1/15t/long,LongSeer-v1.0,0.9908475020704224,0.2388029968283139,36.0,59.0
ett1/d/short,LongSeer-v1.0,1.7248584379593006,0.2827358715202506,85.0,71.0
ett1/h/short,LongSeer-v1.0,0.8122495852668848,0.1790781575886868,44.0,57.0
ett1/h/medium,LongSeer-v1.0,1.2557348704290183,0.2517638838381094,44.0,30.0
ett1/h/long,LongSeer-v1.0,1.3543671229136296,0.2790944292301912,41.0,69.0
ett1/w/short,LongSeer-v1.0,1.7541511726637922,0.2864675413984665,115.0,87.0
ett2/15t/short,LongSeer-v1.0,0.7453295194429448,0.0637357330219082,57.0,46.0
ett2/15t/medium,LongSeer-v1.0,0.8666235137576583,0.0893159080544133,50.0,51.0
ett2/15t/long,LongSeer-v1.0,0.8744475392942791,0.0938959548728145,37.0,67.0
ett2/d/short,LongSeer-v1.0,1.3419951589554755,0.093577104220037,77.0,63.0
ett2/h/short,LongSeer-v1.0,0.7124075351871471,0.0627184163781491,7.0,14.0
ett2/h/medium,LongSeer-v1.0,1.0740978584460832,0.1087194906288483,90.0,75.0
ett2/h/long,LongSeer-v1.0,1.07962461710364,0.1146043391895355,81.0,83.0
ett2/w/short,LongSeer-v1.0,1.0080789436889268,0.0919905815295987,96.0,66.0
hierarchical_sales/d/short,LongSeer-v1.0,0.7477283688215581,0.5776925465032,69.0,57.0
hierarchical_sales/w/short,LongSeer-v1.0,0.7170310657158414,0.3402834663308039,42.0,20.0
hospital/m/short,LongSeer-v1.0,0.7823656642929027,0.0526599964760294,86.0,66.0
jena_weather/10t/short,LongSeer-v1.0,0.2779789063839592,0.0285233320627066,53.0,61.0
jena_weather/10t/medium,LongSeer-v1.0,0.6053491184632395,0.0489549003093815,56.0,55.0
jena_weather/10t/long,LongSeer-v1.0,0.6409036277181911,0.0516129969468584,51.0,70.0
jena_weather/d/short,LongSeer-v1.0,0.9842805307529764,0.0431420094818278,7.0,4.0
jena_weather/h/short,LongSeer-v1.0,0.5183177669695901,0.0415521673469004,33.0,44.0
jena_weather/h/medium,LongSeer-v1.0,0.7764688016648068,0.0506150078399583,48.0,45.0
jena_weather/h/long,LongSeer-v1.0,0.961749346128708,0.0579900316436015,49.0,54.0
kdd_cup_2018/d/short,LongSeer-v1.0,1.2016498110544829,0.3811402453194768,83.0,78.0
kdd_cup_2018/h/short,LongSeer-v1.0,0.959035373950117,0.385155770629251,84.0,71.0
kdd_cup_2018/h/medium,LongSeer-v1.0,1.0501003140227394,0.4236255328497897,68.0,55.0
kdd_cup_2018/h/long,LongSeer-v1.0,1.0095553125865635,0.4786726776044376,43.0,92.0
m4_daily/d/short,LongSeer-v1.0,3.4370123142584297,0.022404976875449,96.0,68.0
m4_hourly/h/short,LongSeer-v1.0,0.7267489549998469,0.0202567351664634,45.0,35.0
m4_monthly/m/short,LongSeer-v1.0,1.0009809659819169,0.0992055425242112,92.0,88.0
m4_quarterly/q/short,LongSeer-v1.0,1.2941127601245013,0.0802435416513179,97.0,84.0
m4_weekly/w/short,LongSeer-v1.0,2.515034717558766,0.041663156161577,99.0,79.0
m4_yearly/a/short,LongSeer-v1.0,3.884634063589753,0.1335508458467117,108.0,96.0
restaurant/d/short,LongSeer-v1.0,0.6806790265809167,0.2560124784032023,44.0,43.0
saugeen/d/short,LongSeer-v1.0,3.1057460720732943,0.4004722916105507,92.0,96.0
saugeen/m/short,LongSeer-v1.0,0.7365257597182728,0.3029235141100359,63.0,73.0
saugeen/w/short,LongSeer-v1.0,1.2051088698536043,0.356782979435141,59.0,53.0
solar/10t/short,LongSeer-v1.0,0.9669671699898876,0.4854808922102818,69.0,60.0
solar/10t/medium,LongSeer-v1.0,0.795819508832073,0.3191246456845602,26.0,48.0
solar/10t/long,LongSeer-v1.0,0.8186801626561234,0.3362380477917045,56.0,68.0
solar/d/short,LongSeer-v1.0,0.997413700838072,0.2903618889869105,86.0,90.0
solar/h/short,LongSeer-v1.0,0.8682874520522339,0.3318137182563407,68.0,69.0
solar/h/medium,LongSeer-v1.0,0.8820969212555924,0.3371120062095911,72.0,72.0
solar/h/long,LongSeer-v1.0,0.9915602965829142,0.3547745502631792,84.0,80.0
solar/w/short,LongSeer-v1.0,1.3171632182164317,0.1776122443479487,92.0,88.0
temperature_rain/d/short,LongSeer-v1.0,1.3328444644515622,0.551917873506917,44.0,56.0
us_births/d/short,LongSeer-v1.0,0.3592630466682799,0.0187245126161366,56.0,57.0
us_births/m/short,LongSeer-v1.0,0.8287930754311136,0.0172293903080617,103.0,97.0
us_births/w/short,LongSeer-v1.0,0.8850875900217537,0.0104652586586124,12.0,14.0
bitbrains_fast_storage/5t/long,Metamorph1.0-4.5M,0.9471446796583156,0.8731031558121145,75.0,100.0
bitbrains_fast_storage/5t/medium,Metamorph1.0-4.5M,1.0319248730486204,0.9084414265789802,75.0,116.0
bitbrains_fast_storage/5t/short,Metamorph1.0-4.5M,0.7734879523828617,0.5913511230996735,82.0,115.0
bitbrains_fast_storage/h/short,Metamorph1.0-4.5M,1.134388720013129,0.9105754543298672,90.0,116.0
bitbrains_rnd/5t/long,Metamorph1.0-4.5M,3.4048849578317646,0.8304833414318888,78.0,108.0
bitbrains_rnd/5t/medium,Metamorph1.0-4.5M,4.512050718184483,0.8784081405955452,89.0,115.0
bitbrains_rnd/5t/short,Metamorph1.0-4.5M,1.7690852624902598,0.5052010106432113,90.0,104.0
bitbrains_rnd/h/short,Metamorph1.0-4.5M,6.292146651632272,1.121250862329672,121.0,124.0
bizitobs_application/10s/long,Metamorph1.0-4.5M,3.439779678977736,0.0575485660210004,85.0,90.0
bizitobs_application/10s/medium,Metamorph1.0-4.5M,2.6758511829719622,0.0446155009346847,86.0,89.0
bizitobs_application/10s/short,Metamorph1.0-4.5M,2.086547958766714,0.0314769703657862,96.0,105.0
bizitobs_l2c/5t/long,Metamorph1.0-4.5M,0.6142514846685164,0.2655576418455712,57.0,45.0
bizitobs_l2c/5t/medium,Metamorph1.0-4.5M,0.6121588855245884,0.2515310328060958,64.0,61.0
bizitobs_l2c/5t/short,Metamorph1.0-4.5M,0.277588088828839,0.0749865203396719,75.0,71.0
bizitobs_l2c/h/long,Metamorph1.0-4.5M,0.6083955646041826,0.2848382049709939,76.0,68.0
bizitobs_l2c/h/medium,Metamorph1.0-4.5M,0.5789470500032423,0.2773755878122476,92.0,83.0
bizitobs_l2c/h/short,Metamorph1.0-4.5M,0.5512241961335225,0.2399582474518981,98.0,91.0
bizitobs_service/10s/long,Metamorph1.0-4.5M,1.383451862994483,0.0543852228705656,73.0,77.0
bizitobs_service/10s/medium,Metamorph1.0-4.5M,1.168120122456013,0.0361206642703501,74.0,87.0
bizitobs_service/10s/short,Metamorph1.0-4.5M,0.9317157091920514,0.0168044960340542,83.0,90.0
car_parts/m/short,Metamorph1.0-4.5M,0.8554563200856323,0.9791305294883924,62.0,48.0
covid_deaths/d/short,Metamorph1.0-4.5M,29.85518867784565,0.0486770845412738,15.0,88.0
electricity/15t/long,Metamorph1.0-4.5M,0.9611088560312784,0.0821306515825195,89.0,77.0
electricity/15t/medium,Metamorph1.0-4.5M,0.9235374837990368,0.0832161232122484,88.0,81.0
electricity/15t/short,Metamorph1.0-4.5M,1.2060260680516075,0.1055431861804309,102.0,100.0
electricity/d/short,Metamorph1.0-4.5M,1.5000143682065716,0.0565169838181396,92.0,64.0
electricity/h/long,Metamorph1.0-4.5M,1.299425138909004,0.0990769754005046,96.0,84.0
electricity/h/medium,Metamorph1.0-4.5M,1.1992517927906643,0.086739636736687,103.0,92.0
electricity/h/short,Metamorph1.0-4.5M,1.0946885032064395,0.0785973587718952,107.0,102.0
electricity/w/short,Metamorph1.0-4.5M,1.60052400492153,0.0556785543308295,77.0,71.0
ett1/15t/long,Metamorph1.0-4.5M,1.07238159703443,0.2546635299344068,86.0,79.0
ett1/15t/medium,Metamorph1.0-4.5M,1.0420507665873695,0.2535524823590886,82.0,79.0
ett1/15t/short,Metamorph1.0-4.5M,0.7616538502223215,0.1714157370820425,100.0,83.0
ett1/d/short,Metamorph1.0-4.5M,1.8048057014521148,0.303066354139233,109.0,100.0
ett1/h/long,Metamorph1.0-4.5M,1.4794696218023629,0.2823146980638883,110.0,71.0
ett1/h/medium,Metamorph1.0-4.5M,1.4042515669604871,0.2833916836138225,109.0,89.0
ett1/h/short,Metamorph1.0-4.5M,0.8662664743755718,0.1925574024482978,101.0,89.0
ett1/w/short,Metamorph1.0-4.5M,1.7459792142742316,0.3224536828626875,114.0,113.0
ett2/15t/long,Metamorph1.0-4.5M,0.9325844776726352,0.0962973405384498,84.0,76.0
ett2/15t/medium,Metamorph1.0-4.5M,0.9246433032066476,0.0950019676051091,88.0,81.0
ett2/15t/short,Metamorph1.0-4.5M,0.8007905076132066,0.0689812321692411,95.0,83.0
ett2/d/short,Metamorph1.0-4.5M,1.3905779991787257,0.0977388357244039,91.0,84.0
ett2/h/long,Metamorph1.0-4.5M,1.1508848450137616,0.1126190229004395,102.0,76.0
ett2/h/medium,Metamorph1.0-4.5M,1.1262779314470477,0.1119097371813776,101.0,87.0
ett2/h/short,Metamorph1.0-4.5M,0.7856779325308803,0.0684799602863897,103.0,93.0
ett2/w/short,Metamorph1.0-4.5M,1.0320533220943922,0.0961185031576853,98.0,77.0
hierarchical_sales/d/short,Metamorph1.0-4.5M,0.7526957533790037,0.5861481214817739,94.0,88.0
hierarchical_sales/w/short,Metamorph1.0-4.5M,0.7418006614508962,0.3586670359299267,86.0,84.0
hospital/m/short,Metamorph1.0-4.5M,0.7715268341457432,0.0541826909816376,70.0,79.0
jena_weather/10t/long,Metamorph1.0-4.5M,0.6695462175015606,0.0518491056023773,87.0,74.0
jena_weather/10t/medium,Metamorph1.0-4.5M,0.6523485803018673,0.0511827252047363,93.0,73.0
jena_weather/10t/short,Metamorph1.0-4.5M,0.3150120131577672,0.0314636424286796,83.0,78.0
jena_weather/d/short,Metamorph1.0-4.5M,1.0058810884644465,0.046685558911805,23.0,56.0
jena_weather/h/long,Metamorph1.0-4.5M,1.1052720614690343,0.0646416631687302,101.0,83.0
jena_weather/h/medium,Metamorph1.0-4.5M,0.8463901239244123,0.0574687434302651,89.0,80.0
jena_weather/h/short,Metamorph1.0-4.5M,0.5615864677230262,0.0450853092550591,97.0,87.0
kdd_cup_2018/d/short,Metamorph1.0-4.5M,1.2094306713805851,0.3713012112119036,89.0,23.0
kdd_cup_2018/h/long,Metamorph1.0-4.5M,1.0327052585115768,0.4581536037720332,76.0,80.0
kdd_cup_2018/h/medium,Metamorph1.0-4.5M,1.132352609472565,0.4697245521403116,114.0,101.0
kdd_cup_2018/h/short,Metamorph1.0-4.5M,1.0134297935900989,0.4111960421037389,104.0,96.0
loop_seattle/5t/long,Metamorph1.0-4.5M,0.8609949919212456,0.0786670496652833,62.0,65.0
loop_seattle/5t/medium,Metamorph1.0-4.5M,0.8040078863679214,0.0731033097990153,67.0,67.0
loop_seattle/5t/short,Metamorph1.0-4.5M,0.5551084446577481,0.0477437823573949,58.0,53.0
loop_seattle/d/short,Metamorph1.0-4.5M,0.901998926546085,0.0438352206184878,85.0,75.0
loop_seattle/h/long,Metamorph1.0-4.5M,0.9563468577792426,0.0672503668130869,87.0,77.0
loop_seattle/h/medium,Metamorph1.0-4.5M,0.99005663057551,0.0704947643123595,89.0,89.0
loop_seattle/h/short,Metamorph1.0-4.5M,0.9194327880510078,0.066407960699878,93.0,92.0
m4_daily/d/short,Metamorph1.0-4.5M,3.30711108607102,0.0219351474023709,69.0,58.0
m4_hourly/h/short,Metamorph1.0-4.5M,1.398542479359188,0.0296874563674913,108.0,93.0
m4_monthly/m/short,Metamorph1.0-4.5M,0.9376484879167692,0.0927583841104752,55.0,49.0
m4_quarterly/q/short,Metamorph1.0-4.5M,1.1399111817138896,0.0734626109267109,27.0,39.0
m4_weekly/w/short,Metamorph1.0-4.5M,2.3116287980365584,0.0422605963648921,83.0,81.0
m4_yearly/a/short,Metamorph1.0-4.5M,3.1473622089786044,0.1088960931906149,36.0,22.0
m_dense/d/short,Metamorph1.0-4.5M,0.7942032442840452,0.0781659038410495,103.0,100.0
m_dense/h/long,Metamorph1.0-4.5M,0.8556687503722749,0.1403085580011296,98.0,94.0
m_dense/h/medium,Metamorph1.0-4.5M,0.8443609110083025,0.1406462797012133,101.0,99.0
m_dense/h/short,Metamorph1.0-4.5M,0.922378693149953,0.1563615154508529,106.0,100.0
restaurant/d/short,Metamorph1.0-4.5M,0.7118905257070146,0.2695061696739481,95.0,86.0
saugeen/d/short,Metamorph1.0-4.5M,2.9820070342766627,0.3613612817133511,74.0,73.0
saugeen/m/short,Metamorph1.0-4.5M,0.766064203332347,0.3179178257496868,97.0,91.0
saugeen/w/short,Metamorph1.0-4.5M,1.222138617158181,0.3770336909972283,69.0,71.0
solar/10t/long,Metamorph1.0-4.5M,0.8478586674869864,0.3218228190280766,69.0,58.0
solar/10t/medium,Metamorph1.0-4.5M,0.8737115750708484,0.3357681127523174,71.0,63.0
solar/10t/short,Metamorph1.0-4.5M,1.085366313414672,0.5264833172325067,83.0,72.0
solar/d/short,Metamorph1.0-4.5M,1.0162954979106538,0.2828588233932094,99.0,73.0
solar/h/long,Metamorph1.0-4.5M,1.0213490403332115,0.3548012190819699,97.0,81.0
solar/h/medium,Metamorph1.0-4.5M,1.0111605850702463,0.3615566989768287,108.0,92.0
solar/h/short,Metamorph1.0-4.5M,0.9544339036403346,0.3526964586636674,110.0,92.0
solar/w/short,Metamorph1.0-4.5M,1.468490289101836,0.2047765004938103,102.0,98.0
sz_taxi/15t/long,Metamorph1.0-4.5M,0.515739689560395,0.1998380231269527,75.0,54.0
sz_taxi/15t/medium,Metamorph1.0-4.5M,0.5444051968114342,0.2058348937151965,76.0,72.0
sz_taxi/15t/short,Metamorph1.0-4.5M,0.54888775560354,0.2029820725949471,76.0,74.0
sz_taxi/h/short,Metamorph1.0-4.5M,0.5723400483554445,0.1394801698601629,86.0,85.0
temperature_rain/d/short,Metamorph1.0-4.5M,1.410659334830369,0.5784131801531015,94.0,88.0
us_births/d/short,Metamorph1.0-4.5M,0.5524530654905754,0.0292254285071781,108.0,109.0
us_births/m/short,Metamorph1.0-4.5M,1.0364861905651397,0.0206839215804018,115.0,107.0
us_births/w/short,Metamorph1.0-4.5M,1.342099303800276,0.0154710302434809,98.0,94.0
bitbrains_fast_storage/5t/long,Metamorph1.0,0.9336047467788448,0.5824543618910742,73.0,5.0
bitbrains_fast_storage/5t/medium,Metamorph1.0,1.0455333030252318,0.6449085630597231,77.0,61.0
bitbrains_fast_storage/5t/short,Metamorph1.0,0.7515252070336655,0.4345517867399288,76.0,80.0
bitbrains_fast_storage/h/short,Metamorph1.0,1.1708948297375406,0.7968552062923265,96.0,102.0
bitbrains_rnd/5t/long,Metamorph1.0,3.4015012060451526,0.5953276520072316,77.0,26.0
bitbrains_rnd/5t/medium,Metamorph1.0,4.4667239175325255,0.5890369717352876,82.0,15.0
bitbrains_rnd/5t/short,Metamorph1.0,1.7344513636254602,0.4456360502788077,80.0,83.0
bitbrains_rnd/h/short,Metamorph1.0,5.80552895985124,0.6973773170512173,41.0,97.0
bizitobs_application/10s/long,Metamorph1.0,4.94722542050855,0.0549467003108853,105.0,74.0
bizitobs_application/10s/medium,Metamorph1.0,4.504450762601503,0.0448906247288003,106.0,90.0
bizitobs_application/10s/short,Metamorph1.0,2.304333302752101,0.0228255102697345,103.0,97.0
bizitobs_l2c/5t/long,Metamorph1.0,1.3093962721031225,0.6507752944356484,119.0,111.0
bizitobs_l2c/5t/medium,Metamorph1.0,0.97500621811813,0.4232010204136773,120.0,110.0
bizitobs_l2c/5t/short,Metamorph1.0,0.2953654326904272,0.0806527056475843,101.0,98.0
bizitobs_l2c/h/long,Metamorph1.0,0.6606716027090894,0.2986402719744503,90.0,78.0
bizitobs_l2c/h/medium,Metamorph1.0,0.6871374409095853,0.3139930503686697,99.0,93.0
bizitobs_l2c/h/short,Metamorph1.0,0.6158389692300309,0.2688738605472327,102.0,96.0
bizitobs_service/10s/long,Metamorph1.0,2.1148124468612557,0.0552727314943652,99.0,79.0
bizitobs_service/10s/medium,Metamorph1.0,1.929578117808762,0.0334351421460672,101.0,81.0
bizitobs_service/10s/short,Metamorph1.0,1.224862375818582,0.0167613218787802,96.0,89.0
car_parts/m/short,Metamorph1.0,0.8997664423237078,0.9997989640916588,90.0,58.0
covid_deaths/d/short,Metamorph1.0,44.12922032221302,0.0785899002023614,105.0,108.0
electricity/15t/long,Metamorph1.0,0.9987727202534408,0.0814434269300101,93.0,75.0
electricity/15t/medium,Metamorph1.0,0.9644867847286244,0.0831546173406694,96.0,80.0
electricity/15t/short,Metamorph1.0,1.2266813050745704,0.1048550524122993,103.0,99.0
electricity/d/short,Metamorph1.0,1.4907987738765218,0.0593215612757782,88.0,83.0
electricity/h/long,Metamorph1.0,1.226830110007651,0.0880771375232629,77.0,60.0
electricity/h/medium,Metamorph1.0,1.1319893170817223,0.0797328414961655,90.0,71.0
electricity/h/short,Metamorph1.0,0.9858289306743304,0.0703236504875385,77.0,77.0
electricity/w/short,Metamorph1.0,1.7420830369339229,0.0620087467881034,96.0,88.0
ett1/15t/long,Metamorph1.0,1.1082733228071502,0.2590636145886275,94.0,83.0
ett1/15t/medium,Metamorph1.0,1.1342604501516458,0.2716111346769103,102.0,91.0
ett1/15t/short,Metamorph1.0,0.8003210932137323,0.1811901348134304,104.0,93.0
ett1/d/short,Metamorph1.0,1.8338089989783817,0.3011757629842966,112.0,99.0
ett1/h/long,Metamorph1.0,1.358866912933866,0.2759980018230064,45.0,65.0
ett1/h/medium,Metamorph1.0,1.3489398141801092,0.2739794437085012,93.0,79.0
ett1/h/short,Metamorph1.0,0.8628364439028875,0.1904376538359727,97.0,86.0
ett1/w/short,Metamorph1.0,1.6165348541211455,0.2805433275686393,85.0,79.0
ett2/15t/long,Metamorph1.0,0.989703449559226,0.1007629729180128,100.0,83.0
ett2/15t/medium,Metamorph1.0,0.9857947194804052,0.1006647693038134,102.0,88.0
ett2/15t/short,Metamorph1.0,0.8297430476169638,0.070647138243954,100.0,92.0
ett2/d/short,Metamorph1.0,1.432338722001099,0.0996272550353233,101.0,89.0
ett2/h/long,Metamorph1.0,1.1810567449553673,0.1187023463633193,105.0,89.0
ett2/h/medium,Metamorph1.0,1.0724222277755762,0.1063057611211767,88.0,62.0
ett2/h/short,Metamorph1.0,0.7594553857754088,0.0665475139202334,89.0,83.0
ett2/w/short,Metamorph1.0,0.8779973092262977,0.0908518013643363,72.0,63.0
hierarchical_sales/d/short,Metamorph1.0,0.7495616419615077,0.5811227697653235,84.0,78.0
hierarchical_sales/w/short,Metamorph1.0,0.7784543357830727,0.3803624215026196,107.0,103.0
hospital/m/short,Metamorph1.0,0.7680864446294482,0.0520844572904512,64.0,57.0
jena_weather/10t/long,Metamorph1.0,0.6932428322334332,0.054255559512921,99.0,81.0
jena_weather/10t/medium,Metamorph1.0,0.6483162243474382,0.0522646260733321,90.0,79.0
jena_weather/10t/short,Metamorph1.0,0.344088182685979,0.0350017074775438,101.0,88.0
jena_weather/d/short,Metamorph1.0,1.1481386083971872,0.0483466510375931,85.0,70.0
jena_weather/h/long,Metamorph1.0,1.0676188624956753,0.0578587960474848,90.0,53.0
jena_weather/h/medium,Metamorph1.0,0.8643599044901474,0.0544402520709758,95.0,70.0
jena_weather/h/short,Metamorph1.0,0.556231146801557,0.0436544730648331,92.0,72.0
kdd_cup_2018/d/short,Metamorph1.0,1.197517333460893,0.3752823456873521,69.0,51.0
kdd_cup_2018/h/long,Metamorph1.0,1.0752971767699957,0.4675764004287032,110.0,85.0
kdd_cup_2018/h/medium,Metamorph1.0,1.1001626815617338,0.4358243956466328,102.0,77.0
kdd_cup_2018/h/short,Metamorph1.0,0.9572936898955058,0.388235175874998,82.0,78.0
loop_seattle/5t/long,Metamorph1.0,0.9656380665045514,0.0862850638918725,88.0,82.0
loop_seattle/5t/medium,Metamorph1.0,0.9622314378095496,0.0852915179054601,91.0,86.0
loop_seattle/5t/short,Metamorph1.0,0.6094540459070578,0.0527150743631259,95.0,92.0
loop_seattle/d/short,Metamorph1.0,0.882005233481737,0.0424816271906939,61.0,50.0
loop_seattle/h/long,Metamorph1.0,0.9177340931143788,0.0644306847500807,79.0,69.0
loop_seattle/h/medium,Metamorph1.0,0.970647621338754,0.0690622391834986,83.0,81.0
loop_seattle/h/short,Metamorph1.0,0.8887518808693786,0.0641301630155946,84.0,81.0
m4_daily/d/short,Metamorph1.0,3.5238440815212755,0.0232456929414976,102.0,86.0
m4_hourly/h/short,Metamorph1.0,1.8761294308950904,0.0255688872045091,114.0,80.0
m4_monthly/m/short,Metamorph1.0,0.9525209238585024,0.0928764848694952,65.0,51.0
m4_quarterly/q/short,Metamorph1.0,1.1917114562820192,0.0756631774190584,68.0,57.0
m4_weekly/w/short,Metamorph1.0,3.308200216268332,0.0493392024096446,119.0,104.0
m4_yearly/a/short,Metamorph1.0,3.0228026436960014,0.1070112629363028,23.0,16.0
m_dense/d/short,Metamorph1.0,0.7177502291413899,0.068849329039342,80.0,70.0
m_dense/h/long,Metamorph1.0,0.831540803581712,0.1364260107190255,94.0,90.0
m_dense/h/medium,Metamorph1.0,0.7456812087864696,0.1230855209261895,85.0,78.0
m_dense/h/short,Metamorph1.0,0.8627040835464422,0.1450245213066348,96.0,91.0
restaurant/d/short,Metamorph1.0,0.7021401549369614,0.2644650880899343,84.0,77.0
saugeen/d/short,Metamorph1.0,3.25469186024088,0.4033875461732218,106.0,97.0
saugeen/m/short,Metamorph1.0,0.7409286229159243,0.3009941533024208,69.0,71.0
saugeen/w/short,Metamorph1.0,1.4099484188017484,0.4314548445592057,106.0,96.0
solar/10t/long,Metamorph1.0,0.8905703921302702,0.3556382561348921,82.0,80.0
solar/10t/medium,Metamorph1.0,0.9342370010194524,0.3789862661997565,91.0,85.0
solar/10t/short,Metamorph1.0,1.1853833867611878,0.610472104982137,107.0,92.0
solar/d/short,Metamorph1.0,1.0414446326486912,0.2986353753843004,110.0,96.0
solar/h/long,Metamorph1.0,1.075164887393366,0.3819125848435853,106.0,96.0
solar/h/medium,Metamorph1.0,0.9690937396871732,0.3667630017802875,103.0,95.0
solar/h/short,Metamorph1.0,0.899370390374468,0.3596474051472522,93.0,95.0
solar/w/short,Metamorph1.0,1.356917010594633,0.1959649440981686,98.0,95.0
sz_taxi/15t/long,Metamorph1.0,0.5119162276407953,0.1976808929936823,67.0,33.0
sz_taxi/15t/medium,Metamorph1.0,0.5446849061999085,0.2049451504672262,77.0,68.0
sz_taxi/15t/short,Metamorph1.0,0.5578639499997645,0.2056760888455331,94.0,85.0
sz_taxi/h/short,Metamorph1.0,0.5708675515134642,0.1380651981317535,85.0,79.0
temperature_rain/d/short,Metamorph1.0,1.4198101597797352,0.5819413087616733,98.0,91.0
us_births/d/short,Metamorph1.0,0.5399199355619336,0.0281198019907512,104.0,106.0
us_births/m/short,Metamorph1.0,0.8193385976794368,0.0171362044012699,101.0,96.0
us_births/w/short,Metamorph1.0,1.357148600722038,0.016485738003315,99.0,101.0
bizitobs_l2c/h/short,Migas-1.0,0.5022733834226804,0.2700203015146806,83.0,97.0
ett1/15t/short,Migas-1.0,0.6783365755142878,0.2062410708331307,46.0,105.0
loop_seattle/5t/short,Migas-1.0,0.5550519916361527,0.0598440578596965,57.0,100.0
m_dense/d/short,Migas-1.0,0.6598702795112841,0.0774026725126156,46.0,96.0
m_dense/h/short,Migas-1.0,0.7671199965802804,0.1521653390531793,41.0,97.0
saugeen/d/short,Migas-1.0,2.8700569175506434,0.4183737779741687,54.0,106.0
ett2/w/short,Migas-1.0,0.8125884956884671,0.1019939810386672,54.0,86.0
electricity/15t/short,Migas-1.0,0.8895529982434434,0.0902958968908497,18.0,68.0
m4_daily/d/short,Migas-1.0,3.142947306349373,0.0260021918025791,11.0,105.0
kdd_cup_2018/h/short,Migas-1.0,0.936685942429756,0.4686059816803452,54.0,110.0
car_parts/m/short,Migas-1.0,0.8352137406325942,1.095749490568756,28.0,96.0
bizitobs_application/10s/short,Migas-1.0,1.0148212617952204,0.0119748814451189,26.0,66.0
hierarchical_sales/d/short,Migas-1.0,0.7419043206916037,0.7053418103808433,31.0,111.0
electricity/w/short,Migas-1.0,1.4180225340595478,0.0607222393302134,29.0,84.0
us_births/m/short,Migas-1.0,0.6977779759494185,0.0191894931821508,73.0,104.0
saugeen/m/short,Migas-1.0,0.7229378014319574,0.370429792061077,35.0,107.0
ett2/15t/short,Migas-1.0,0.7334786860152273,0.0811659009844728,48.0,107.0
us_births/d/short,Migas-1.0,0.3211106809830259,0.0204474325185122,33.0,67.0
bizitobs_l2c/5t/short,Migas-1.0,0.2614861159954598,0.0862430648653068,42.0,107.0
bitbrains_fast_storage/h/short,Migas-1.0,0.9752025616305824,0.8915623611914132,30.0,114.0
loop_seattle/h/short,Migas-1.0,0.7797770503794993,0.0676443518243598,27.0,95.0
m4_hourly/h/short,Migas-1.0,0.6891953678612321,0.0332026071478287,27.0,104.0
m4_yearly/a/short,Migas-1.0,3.168430451364711,0.136149250818028,38.0,101.0
temperature_rain/d/short,Migas-1.0,1.3103254342693558,0.6626762464345192,19.0,110.0
solar/h/short,Migas-1.0,0.8916078050280686,0.4261560695062678,86.0,116.0
electricity/d/short,Migas-1.0,1.3579297486535695,0.0675277539026973,18.0,99.0
hierarchical_sales/w/short,Migas-1.0,0.7141019539240872,0.4081017220724851,26.0,108.0
electricity/h/short,Migas-1.0,0.8805457965733049,0.0766025160715647,24.0,95.0
ett1/w/short,Migas-1.0,1.603269880916382,0.3525825409048953,79.0,119.0
hospital/m/short,Migas-1.0,0.7642296454637582,0.0665695147578993,54.0,112.0
bizitobs_service/10s/short,Migas-1.0,0.7270076939585101,0.0130986478990794,42.0,70.0
jena_weather/h/short,Migas-1.0,0.522421859980838,0.0503932036393799,49.0,107.0
m4_monthly/m/short,Migas-1.0,0.9144070732837974,0.1146187604371496,36.0,110.0
ett1/d/short,Migas-1.0,1.7138136837306872,0.3556181649816762,81.0,113.0
ett2/h/short,Migas-1.0,0.7302320710630512,0.0803307281691345,45.0,110.0
bitbrains_fast_storage/5t/short,Migas-1.0,0.6664024367536718,0.5444141943897776,41.0,110.0
ett1/h/short,Migas-1.0,0.7964461149388368,0.2235397133599294,25.0,110.0
kdd_cup_2018/d/short,Migas-1.0,1.200569405635661,0.4749858607139228,80.0,114.0
solar/w/short,Migas-1.0,1.1099454609971078,0.2079721521716801,57.0,100.0
covid_deaths/d/short,Migas-1.0,32.357190042209034,0.0338069552012592,37.0,52.0
bitbrains_rnd/5t/short,Migas-1.0,1.623902795988607,0.4939100028560019,40.0,101.0
solar/10t/short,Migas-1.0,0.8725932711089113,0.5780979720120226,47.0,88.0
saugeen/w/short,Migas-1.0,1.208453940795026,0.4496716902992121,61.0,100.0
ett2/d/short,Migas-1.0,1.2672659048952086,0.1105186283684935,24.0,101.0
m4_weekly/w/short,Migas-1.0,1.956377051683399,0.044593143832756,36.0,91.0
jena_weather/d/short,Migas-1.0,0.9913058738955652,0.0574533090409228,11.0,102.0
bitbrains_rnd/h/short,Migas-1.0,5.80491717235226,0.8123617838595786,39.0,113.0
sz_taxi/15t/short,Migas-1.0,0.5426504688154726,0.2542702155392077,39.0,113.0
jena_weather/10t/short,Migas-1.0,0.2778234302990672,0.0390469352306203,52.0,98.0
restaurant/d/short,Migas-1.0,0.6771059178639187,0.3247200817641926,21.0,111.0
m4_quarterly/q/short,Migas-1.0,1.1669607452761237,0.092971424797221,52.0,111.0
loop_seattle/d/short,Migas-1.0,0.8679986061902566,0.0512260537089437,35.0,108.0
us_births/w/short,Migas-1.0,0.8912715134852082,0.0133004826892729,15.0,74.0
sz_taxi/h/short,Migas-1.0,0.5607765806687299,0.171600195617653,45.0,112.0
solar/d/short,Migas-1.0,0.9628569502983718,0.3568534121762478,27.0,112.0
ett2/15t/medium,Migas-1.0,0.8580587100503677,0.1114084079609359,43.0,100.0
ett2/15t/long,Migas-1.0,0.8723057694577218,0.1127790502743471,35.0,98.0
loop_seattle/h/medium,Migas-1.0,0.8340629171915586,0.0714109825175344,20.0,91.0
loop_seattle/h/long,Migas-1.0,0.8331927520076586,0.0708809864220545,23.0,90.0
bizitobs_l2c/5t/medium,Migas-1.0,0.623511045616352,0.3258447413874479,69.0,79.0
bizitobs_l2c/5t/long,Migas-1.0,0.6064923854746656,0.3381096301696746,53.0,70.0
sz_taxi/15t/medium,Migas-1.0,0.5354055486713524,0.2552999648901282,46.0,111.0
sz_taxi/15t/long,Migas-1.0,0.5088091922462166,0.2497980332784227,51.0,108.0
ett1/15t/medium,Migas-1.0,0.9716578459644328,0.2948831745934117,26.0,102.0
ett1/15t/long,Migas-1.0,0.9779601276501768,0.2916778213258872,30.0,100.0
m_dense/h/medium,Migas-1.0,0.6911595427883805,0.1381014536495813,46.0,97.0
m_dense/h/long,Migas-1.0,0.6788404132320769,0.1353208198928278,32.0,89.0
kdd_cup_2018/h/medium,Migas-1.0,1.0942553523790686,0.558418777961172,101.0,118.0
kdd_cup_2018/h/long,Migas-1.0,1.0562447324083994,0.5881119174516758,103.0,117.0
solar/h/medium,Migas-1.0,1.033087514768356,0.4878111960263955,111.0,117.0
solar/h/long,Migas-1.0,0.967848005377142,0.4406192008030075,78.0,108.0
loop_seattle/5t/medium,Migas-1.0,0.9581653276076684,0.1084627612126597,89.0,107.0
loop_seattle/5t/long,Migas-1.0,0.9778064301630996,0.1101543568407007,90.0,106.0
jena_weather/10t/medium,Migas-1.0,0.6040823324290929,0.0594773526127156,54.0,93.0
jena_weather/10t/long,Migas-1.0,0.6690524610298093,0.0602429798315487,86.0,92.0
electricity/h/medium,Migas-1.0,1.0392075198115247,0.0908128302498635,28.0,104.0
electricity/h/long,Migas-1.0,1.1539008302476184,0.1029899224675225,34.0,93.0
bizitobs_application/10s/medium,Migas-1.0,2.0022628770998026,0.0358529852306545,16.0,47.0
bizitobs_application/10s/long,Migas-1.0,3.075290185405175,0.0577591599721262,27.0,93.0
bizitobs_l2c/h/medium,Migas-1.0,0.5087521655211131,0.3058866826837325,70.0,91.0
bizitobs_l2c/h/long,Migas-1.0,0.6160174705019227,0.354981377366632,85.0,97.0
bitbrains_rnd/5t/medium,Migas-1.0,4.351451754995677,0.5854654645397397,29.0,10.0
bitbrains_rnd/5t/long,Migas-1.0,3.2745940395356627,0.5829120421819396,31.0,17.0
bitbrains_fast_storage/5t/medium,Migas-1.0,0.957507713367123,0.7862146996060186,33.0,98.0
bitbrains_fast_storage/5t/long,Migas-1.0,0.8679540125506047,0.9536137853105444,29.0,112.0
jena_weather/h/medium,Migas-1.0,0.7646243713194735,0.0583652026360851,36.0,85.0
jena_weather/h/long,Migas-1.0,0.9135132358137096,0.0640626831514936,29.0,81.0
electricity/15t/medium,Migas-1.0,0.7946476059106433,0.0869743705384092,15.0,91.0
electricity/15t/long,Migas-1.0,0.8442964603654705,0.0884474315446764,17.0,95.0
bizitobs_service/10s/medium,Migas-1.0,0.9710657290744256,0.0238463016459156,20.0,47.0
bizitobs_service/10s/long,Migas-1.0,1.3126320345493696,0.0564624918316794,39.0,89.0
solar/10t/medium,Migas-1.0,0.7828363883609444,0.3973769848451963,13.0,88.0
solar/10t/long,Migas-1.0,0.7943141717656826,0.3923864246930272,36.0,88.0
ett1/h/medium,Migas-1.0,1.3090815425249192,0.3436241385930232,81.0,116.0
ett1/h/long,Migas-1.0,1.4127199451045032,0.3589364784135151,82.0,116.0
ett2/h/medium,Migas-1.0,1.0325837120117285,0.1291476196905136,56.0,109.0
ett2/h/long,Migas-1.0,1.0151421918383703,0.1248124245982704,42.0,98.0
m4_yearly/a/short,Moirai2,3.3204338550567627,0.1158229857683181,62.0,54.0
m4_quarterly/q/short,Moirai2,1.1834304332733154,0.0754113420844078,63.0,53.0
m4_monthly/m/short,Moirai2,0.9396260380744934,0.0947224348783493,57.0,67.0
m4_weekly/w/short,Moirai2,2.12347149848938,0.0400130972266197,70.0,67.0
m4_daily/d/short,Moirai2,3.0710153579711914,0.020056128501892,7.0,4.0
m4_hourly/h/short,Moirai2,0.8085440993309021,0.0236125830560922,70.0,66.0
electricity/15t/short,Moirai2,0.8698201179504395,0.0770716294646263,12.0,18.0
electricity/h/short,Moirai2,0.8867659568786621,0.0645096898078918,28.0,39.0
electricity/d/short,Moirai2,1.4215503931045532,0.0541047267615795,63.0,33.0
electricity/w/short,Moirai2,1.6595454216003418,0.066409058868885,89.0,96.0
solar/10t/short,Moirai2,0.6575393676757812,0.3503722250461578,7.0,6.0
solar/h/short,Moirai2,0.8793642520904541,0.3423742055892944,79.0,86.0
solar/d/short,Moirai2,1.0638502836227417,0.302970290184021,113.0,100.0
solar/w/short,Moirai2,1.1966747045516968,0.1626927107572555,78.0,76.0
hospital/m/short,Moirai2,0.7649638056755066,0.0518296398222446,57.0,54.0
covid_deaths/d/short,Moirai2,36.958065032958984,0.0280779208987951,79.0,22.0
us_births/d/short,Moirai2,0.3733060956001282,0.0195693634450435,63.0,61.0
us_births/m/short,Moirai2,0.811284065246582,0.0168704632669687,100.0,95.0
us_births/w/short,Moirai2,0.8713688850402832,0.010818051174283,11.0,30.0
saugeen/d/short,Moirai2,2.7013986110687256,0.3284346759319305,20.0,22.0
saugeen/m/short,Moirai2,0.7310303449630737,0.291035532951355,56.0,48.0
saugeen/w/short,Moirai2,1.4041545391082764,0.4193223416805267,105.0,91.0
temperature_rain/d/short,Moirai2,1.3483240604400637,0.5607564449310303,60.0,72.0
kdd_cup_2018/h/short,Moirai2,1.006497859954834,0.4258558750152588,102.0,100.0
kdd_cup_2018/d/short,Moirai2,1.241451621055603,0.3887686133384704,115.0,95.0
car_parts/m/short,Moirai2,0.8265860080718994,0.9362376928329468,16.0,13.0
restaurant/d/short,Moirai2,0.6959659457206726,0.2603678703308105,75.0,67.0
hierarchical_sales/d/short,Moirai2,0.7479611039161682,0.5769974589347839,71.0,55.0
hierarchical_sales/w/short,Moirai2,0.7380942106246948,0.3520503938198089,83.0,72.0
loop_seattle/5t/short,Moirai2,0.5417709946632385,0.0462626181542873,34.0,34.0
loop_seattle/h/short,Moirai2,0.8503301739692688,0.0618277825415134,73.0,71.0
loop_seattle/d/short,Moirai2,0.8935706615447998,0.0431270971894264,77.0,67.0
sz_taxi/15t/short,Moirai2,0.5463942885398865,0.201390191912651,67.0,60.0
sz_taxi/h/short,Moirai2,0.5632746815681458,0.1359886229038238,62.0,60.0
m_dense/h/short,Moirai2,0.7929656505584717,0.1318719983100891,67.0,61.0
m_dense/d/short,Moirai2,0.6916432976722717,0.0700939670205116,66.0,75.0
ett1/15t/short,Moirai2,0.6870396733283997,0.1601320505142212,59.0,56.0
ett1/h/short,Moirai2,0.8362465500831604,0.1851363480091095,75.0,76.0
ett1/d/short,Moirai2,1.7477439641952517,0.2865054607391357,93.0,84.0
ett1/w/short,Moirai2,1.4887369871139526,0.2488435059785843,25.0,16.0
ett2/15t/short,Moirai2,0.7664317488670349,0.0660111159086227,79.0,67.0
ett2/h/short,Moirai2,0.7354120016098022,0.0642176866531372,58.0,46.0
ett2/d/short,Moirai2,1.3028600215911863,0.0930063128471374,56.0,56.0
ett2/w/short,Moirai2,0.8076348304748535,0.085126519203186,52.0,38.0
jena_weather/10t/short,Moirai2,0.3154330551624298,0.0359580628573894,85.0,92.0
jena_weather/h/short,Moirai2,0.536453366279602,0.0421466194093227,76.0,54.0
jena_weather/d/short,Moirai2,1.015231370925903,0.0434484183788299,34.0,8.0
bitbrains_fast_storage/5t/short,Moirai2,0.6864748001098633,0.4274685978889465,55.0,78.0
bitbrains_fast_storage/h/short,Moirai2,1.0675305128097534,0.6148646473884583,61.0,31.0
bitbrains_rnd/5t/short,Moirai2,1.6520637273788452,0.4042632579803467,59.0,51.0
bitbrains_rnd/h/short,Moirai2,5.809325695037842,0.6697196960449219,47.0,86.0
bizitobs_application/10s/short,Moirai2,1.438624620437622,0.0130062773823738,81.0,71.0
bizitobs_service/10s/short,Moirai2,0.8738541007041931,0.0135543709620833,76.0,75.0
bizitobs_l2c/5t/short,Moirai2,0.2905579209327698,0.0844301283359527,96.0,105.0
bizitobs_l2c/h/short,Moirai2,0.5027103424072266,0.2346699237823486,84.0,89.0
electricity/15t/medium,Moirai2,0.8413034677505493,0.0799545645713806,57.0,74.0
electricity/h/medium,Moirai2,1.0840357542037964,0.0803634449839592,75.0,73.0
solar/10t/medium,Moirai2,0.9995384812355042,0.412366509437561,98.0,91.0
solar/h/medium,Moirai2,0.8482193350791931,0.3328731954097748,54.0,67.0
kdd_cup_2018/h/medium,Moirai2,1.1240187883377075,0.4954785704612732,111.0,108.0
loop_seattle/5t/medium,Moirai2,0.864562451839447,0.0802579149603843,83.0,84.0
loop_seattle/h/medium,Moirai2,0.9398095607757568,0.0691414773464202,77.0,82.0
sz_taxi/15t/medium,Moirai2,0.551992654800415,0.2136144489049911,90.0,84.0
m_dense/h/medium,Moirai2,0.7038857936859131,0.1200467497110366,64.0,66.0
ett1/15t/medium,Moirai2,1.0389811992645264,0.2604987323284149,78.0,85.0
ett1/h/medium,Moirai2,1.3042583465576172,0.2872616946697235,80.0,93.0
ett2/15t/medium,Moirai2,0.9195600748062134,0.0978662297129631,83.0,85.0
ett2/h/medium,Moirai2,1.085283279418945,0.1107172071933746,92.0,84.0
jena_weather/10t/medium,Moirai2,0.6510283946990967,0.0586680956184864,91.0,92.0
jena_weather/h/medium,Moirai2,0.8172689080238342,0.0549600534141063,76.0,73.0
bitbrains_fast_storage/5t/medium,Moirai2,0.99181467294693,0.6938542127609253,59.0,77.0
bitbrains_rnd/5t/medium,Moirai2,4.3996782302856445,0.5960801839828491,58.0,21.0
bizitobs_application/10s/medium,Moirai2,2.478975534439087,0.0369183532893657,67.0,51.0
bizitobs_service/10s/medium,Moirai2,1.131983995437622,0.0339187160134315,68.0,82.0
bizitobs_l2c/5t/medium,Moirai2,0.5360136032104492,0.2606326937675476,48.0,68.0
bizitobs_l2c/h/medium,Moirai2,0.5085751414299011,0.2738149762153625,69.0,79.0
electricity/15t/long,Moirai2,0.9070706963539124,0.0831616893410682,71.0,82.0
electricity/h/long,Moirai2,1.262234091758728,0.0974858477711677,91.0,80.0
solar/10t/long,Moirai2,1.01083505153656,0.408365249633789,98.0,89.0
solar/h/long,Moirai2,0.8833699226379395,0.3319021165370941,48.0,62.0
kdd_cup_2018/h/long,Moirai2,1.0698148012161257,0.5183228254318237,106.0,102.0
loop_seattle/5t/long,Moirai2,0.928242027759552,0.0870999470353126,82.0,85.0
loop_seattle/h/long,Moirai2,0.9038061499595642,0.0656548961997032,74.0,74.0
sz_taxi/15t/long,Moirai2,0.5302703380584717,0.2166545689105987,90.0,83.0
m_dense/h/long,Moirai2,0.7182016968727112,0.1195886135101318,66.0,64.0
ett1/15t/long,Moirai2,1.0669130086898804,0.2684479057788849,84.0,91.0
ett1/h/long,Moirai2,1.4649949073791504,0.3230729103088379,104.0,103.0
ett2/15t/long,Moirai2,0.959116518497467,0.1023404076695442,91.0,88.0
ett2/h/long,Moirai2,1.0515315532684326,0.1086094453930854,65.0,67.0
jena_weather/10t/long,Moirai2,0.7330641150474548,0.0596155785024166,106.0,89.0
jena_weather/h/long,Moirai2,1.0389355421066284,0.0579970329999923,78.0,55.0
bitbrains_fast_storage/5t/long,Moirai2,0.9175259470939636,0.8065826892852783,65.0,92.0
bitbrains_rnd/5t/long,Moirai2,3.33336877822876,0.5697691440582275,60.0,10.0
bizitobs_application/10s/long,Moirai2,3.4278934001922607,0.0564541928470134,84.0,87.0
bizitobs_service/10s/long,Moirai2,1.37122642993927,0.0538958683609962,67.0,73.0
bizitobs_l2c/5t/long,Moirai2,0.5799223184585571,0.3000969290733337,45.0,64.0
bizitobs_l2c/h/long,Moirai2,0.6107828617095947,0.3212907910346985,77.0,83.0
ett1/w/short,MoiraiAgent-leaking,1.7678688932404552,0.3176080006270214,116.0,111.0
saugeen/m/short,MoiraiAgent-leaking,0.7708285039004029,0.3164227285413208,101.0,88.0
us_births/m/short,MoiraiAgent-leaking,0.5796021824032279,0.0116857772064188,22.0,19.0
bizitobs_application/10s/long,MoiraiAgent-leaking,3.035268031373664,0.0503907930633193,21.0,30.0
bizitobs_l2c/h/long,MoiraiAgent-leaking,0.5646743036295974,0.2631600366379862,45.0,47.0
ett1/d/short,MoiraiAgent-leaking,1.6076143842723154,0.2730852757697575,14.0,31.0
bizitobs_application/10s/medium,MoiraiAgent-leaking,2.1229976863180413,0.0303350781574969,26.0,23.0
bizitobs_l2c/h/medium,MoiraiAgent-leaking,0.4854082092213864,0.2310871259677409,33.0,34.0
ett2/w/short,MoiraiAgent-leaking,0.8198858253264116,0.0838331148615692,57.0,25.0
ett2/d/short,MoiraiAgent-leaking,1.237825686492234,0.0888575059495718,9.0,10.0
saugeen/w/short,MoiraiAgent-leaking,1.2386532215612605,0.3785246081972413,76.0,73.0
us_births/w/short,MoiraiAgent-leaking,0.910554396027256,0.0105582246634151,26.0,20.0
jena_weather/d/short,MoiraiAgent-leaking,0.9967864218742054,0.0454740933462453,16.0,48.0
bizitobs_application/10s/short,MoiraiAgent-leaking,1.0322422842293868,0.0099328847339682,34.0,42.0
bizitobs_l2c/h/short,MoiraiAgent-leaking,0.4327348105109728,0.1851041294926999,43.0,41.0
us_births/d/short,MoiraiAgent-leaking,0.3314301858018498,0.0171657923453774,42.0,42.0
ett2/h/long,MoiraiAgent-leaking,1.0287833021144752,0.1029193447296313,51.0,38.0
saugeen/d/short,MoiraiAgent-leaking,2.6561451289717404,0.3267546725551236,14.0,15.0
ett1/h/long,MoiraiAgent-leaking,1.3433637923963433,0.2616734754415228,30.0,26.0
jena_weather/h/long,MoiraiAgent-leaking,0.8453325167374546,0.0499238745289775,14.0,2.0
ett2/h/medium,MoiraiAgent-leaking,1.0330257011357225,0.1030607913319248,57.0,38.0
ett1/h/medium,MoiraiAgent-leaking,1.2513513770335738,0.2549407068345508,40.0,45.0
m_dense/d/short,MoiraiAgent-leaking,0.6709316438156029,0.0653627983208705,51.0,56.0
jena_weather/h/medium,MoiraiAgent-leaking,0.7511120656178825,0.0474920323767152,18.0,7.0
solar/w/short,MoiraiAgent-leaking,1.043678869855943,0.1404323058515825,38.0,29.0
bizitobs_l2c/5t/long,MoiraiAgent-leaking,0.6177959427352402,0.2745323543842006,59.0,48.0
covid_deaths/d/short,MoiraiAgent-leaking,33.239184101665955,0.028651235209677,50.0,26.0
bizitobs_l2c/5t/medium,MoiraiAgent-leaking,0.5503502362005954,0.2200715634238864,52.0,41.0
sz_taxi/15t/medium,MoiraiAgent-leaking,0.534836458162746,0.2020051126646884,40.0,39.0
hierarchical_sales/w/short,MoiraiAgent-leaking,0.7191409360244655,0.344678402667067,48.0,47.0
bizitobs_service/10s/long,MoiraiAgent-leaking,1.3131301187280573,0.0515311539731114,41.0,32.0
solar/d/short,MoiraiAgent-leaking,0.9677288967397706,0.2703548529272707,41.0,19.0
sz_taxi/15t/long,MoiraiAgent-leaking,0.5061601466274933,0.1960291123136082,33.0,16.0
m4_weekly/w/short,MoiraiAgent-leaking,1.858585168765529,0.035039527537903,13.0,14.0
ett1/h/short,MoiraiAgent-leaking,0.8076410086977762,0.1768892652838432,38.0,47.0
bizitobs_service/10s/medium,MoiraiAgent-leaking,0.9921884018998464,0.0209736849782821,32.0,29.0
ett2/h/short,MoiraiAgent-leaking,0.7318255343840185,0.0648465254146567,49.0,66.0
sz_taxi/h/short,MoiraiAgent-leaking,0.5597375526572784,0.1356767697536933,29.0,50.0
kdd_cup_2018/d/short,MoiraiAgent-leaking,1.2387248595389642,0.4001246255639362,114.0,104.0
m_dense/h/long,MoiraiAgent-leaking,0.6633716774678452,0.1095644998487754,15.0,16.0
loop_seattle/d/short,MoiraiAgent-leaking,0.885774281184359,0.0430062016079124,68.0,64.0
m_dense/h/medium,MoiraiAgent-leaking,0.6768500768864981,0.1123607476262086,28.0,29.0
hospital/m/short,MoiraiAgent-leaking,0.76587996713784,0.0519486082776373,58.0,55.0
m4_hourly/h/short,MoiraiAgent-leaking,0.6788343354056098,0.0217615815324199,23.0,50.0
bizitobs_l2c/5t/short,MoiraiAgent-leaking,0.2665844470986803,0.0706035533707206,54.0,49.0
solar/h/medium,MoiraiAgent-leaking,0.7759985673179968,0.2830659024458329,27.0,26.0
jena_weather/h/short,MoiraiAgent-leaking,0.5172613682014809,0.0411788546111014,29.0,39.0
electricity/w/short,MoiraiAgent-leaking,1.4202135280103632,0.0460692062479211,30.0,10.0
ett1/15t/long,MoiraiAgent-leaking,0.9765382704500768,0.2301857186651809,29.0,37.0
solar/h/long,MoiraiAgent-leaking,0.8133307519736666,0.2796492297528261,27.0,24.0
restaurant/d/short,MoiraiAgent-leaking,0.678016519175151,0.2554124505749786,36.0,39.0
ett2/15t/long,MoiraiAgent-leaking,0.890255619901942,0.0928460923382147,54.0,59.0
hierarchical_sales/d/short,MoiraiAgent-leaking,0.7450733557706084,0.5808777900911117,50.0,76.0
bizitobs_service/10s/short,MoiraiAgent-leaking,0.723223785025364,0.0106411772938972,36.0,40.0
ett1/15t/medium,MoiraiAgent-leaking,0.9714533238729788,0.2311450045472186,25.0,42.0
ett2/15t/medium,MoiraiAgent-leaking,0.8633323594950876,0.0888799033407043,47.0,46.0
jena_weather/10t/long,MoiraiAgent-leaking,0.6472233828365973,0.0477285235329391,60.0,34.0
loop_seattle/h/long,MoiraiAgent-leaking,0.8383294835462033,0.0573188110243204,25.0,26.0
loop_seattle/h/medium,MoiraiAgent-leaking,0.8618598731158854,0.0585107628729103,32.0,25.0
sz_taxi/15t/short,MoiraiAgent-leaking,0.541343904449962,0.2009064787048499,25.0,55.0
kdd_cup_2018/h/medium,MoiraiAgent-leaking,0.8141400962175239,0.3406220726609609,11.0,12.0
kdd_cup_2018/h/long,MoiraiAgent-leaking,0.754144402047447,0.3411435264504319,10.0,11.0
ett2/15t/short,MoiraiAgent-leaking,0.7260620959089167,0.0642960478328363,36.0,52.0
bitbrains_rnd/h/short,MoiraiAgent-leaking,5.805481271955453,0.6168246016091092,40.0,46.0
ett1/15t/short,MoiraiAgent-leaking,0.672161226538084,0.1559861644073163,30.0,32.0
m_dense/h/short,MoiraiAgent-leaking,0.757566311892297,0.125644344007529,28.0,35.0
electricity/d/short,MoiraiAgent-leaking,1.383151148354362,0.0569352737249552,40.0,69.0
jena_weather/10t/medium,MoiraiAgent-leaking,0.6126390130883194,0.0475902665359285,65.0,40.0
car_parts/m/short,MoiraiAgent-leaking,0.8243541012699945,0.9377930518310624,11.0,17.0
jena_weather/10t/short,MoiraiAgent-leaking,0.2743923194800031,0.0287590539495772,45.0,63.0
bitbrains_fast_storage/h/short,MoiraiAgent-leaking,0.9704924741677424,0.8211485157407529,26.0,108.0
solar/h/short,MoiraiAgent-leaking,0.7865458014370584,0.2931557017925997,35.0,36.0
m4_daily/d/short,MoiraiAgent-leaking,3.150790890483381,0.020900875015841,12.0,19.0
bitbrains_rnd/5t/medium,MoiraiAgent-leaking,4.354969717385149,0.655730522595201,32.0,75.0
bitbrains_rnd/5t/long,MoiraiAgent-leaking,3.2710403459027115,0.6249570910274973,26.0,46.0
solar/10t/long,MoiraiAgent-leaking,0.8077314817128574,0.301211438678737,50.0,39.0
electricity/h/long,MoiraiAgent-leaking,1.1636586657798176,0.0853057705828549,42.0,44.0
loop_seattle/h/short,MoiraiAgent-leaking,0.7252731216258883,0.0503988029618021,12.0,13.0
solar/10t/medium,MoiraiAgent-leaking,0.8028349055702573,0.310317738127033,36.0,38.0
kdd_cup_2018/h/short,MoiraiAgent-leaking,0.6770786314312887,0.2885938116836737,7.0,8.0
bitbrains_fast_storage/5t/medium,MoiraiAgent-leaking,0.9613594805425484,0.7106437689628734,40.0,83.0
bitbrains_fast_storage/5t/long,MoiraiAgent-leaking,0.8719455125603943,0.79908114565413,36.0,89.0
electricity/h/medium,MoiraiAgent-leaking,1.0422547287235862,0.073331805999729,30.0,37.0
m4_yearly/a/short,MoiraiAgent-leaking,3.2344877796601037,0.1140816815605301,45.0,45.0
m4_quarterly/q/short,MoiraiAgent-leaking,1.144955127800403,0.0740449863272539,33.0,44.0
solar/10t/short,MoiraiAgent-leaking,0.821064877237723,0.4412185972369583,29.0,44.0
bitbrains_rnd/5t/short,MoiraiAgent-leaking,1.6113625487668528,0.4139724340422097,32.0,57.0
m4_monthly/m/short,MoiraiAgent-leaking,0.9072368197886248,0.0919525076549633,28.0,42.0
electricity/h/short,MoiraiAgent-leaking,0.8677276145534056,0.0633078101249869,12.0,22.0
temperature_rain/d/short,MoiraiAgent-leaking,1.309692067775514,0.5477337723339576,14.0,44.0
bitbrains_fast_storage/5t/short,MoiraiAgent-leaking,0.6521529904922871,0.4134415562173111,29.0,66.0
loop_seattle/5t/long,MoiraiAgent-leaking,0.8605164811153628,0.0771438316697811,61.0,60.0
loop_seattle/5t/medium,MoiraiAgent-leaking,0.7988602332224258,0.0716343078152939,63.0,64.0
loop_seattle/5t/short,MoiraiAgent-leaking,0.5669836442339283,0.0492957716663473,75.0,71.0
electricity/15t/long,MoiraiAgent-leaking,0.8510185480364513,0.0708844731948339,24.0,20.0
electricity/15t/medium,MoiraiAgent-leaking,0.8014910916163803,0.0705510395156446,23.0,19.0
electricity/15t/short,MoiraiAgent-leaking,0.9176286302001752,0.0808094801655365,25.0,38.0
ett1/w/short,MoiraiAgent,1.618608939759112,0.2729947667639454,86.0,68.0
ett1/d/short,MoiraiAgent,1.5566275280936923,0.2613360178621839,6.0,8.0
us_births/m/short,MoiraiAgent,0.5713265856247004,0.0120038061573812,20.0,23.0
bizitobs_application/10s/long,MoiraiAgent,3.144567357947045,0.0517269306335458,37.0,39.0
ett2/w/short,MoiraiAgent,0.7782184281428035,0.0834030901069498,35.0,23.0
bizitobs_application/10s/medium,MoiraiAgent,2.1336761416309296,0.0303255314571911,28.0,22.0
saugeen/m/short,MoiraiAgent,0.748843312965724,0.3039403723776294,78.0,76.0
bizitobs_l2c/h/medium,MoiraiAgent,0.4834676911213507,0.2297339134520516,26.0,28.0
bizitobs_l2c/h/long,MoiraiAgent,0.5627149878438005,0.2616038483114018,43.0,44.0
ett2/d/short,MoiraiAgent,1.2367586908193842,0.0880240185114922,8.0,8.0
us_births/w/short,MoiraiAgent,1.0075658189502523,0.0119241987550481,50.0,50.0
bizitobs_l2c/h/short,MoiraiAgent,0.4492353413976346,0.1939171911345982,57.0,57.0
us_births/d/short,MoiraiAgent,0.3399361562939616,0.0176490207026225,47.0,47.0
bizitobs_application/10s/short,MoiraiAgent,1.0211638056692272,0.0096597729220868,28.0,31.0
saugeen/w/short,MoiraiAgent,1.1973237281931408,0.3676909190685906,54.0,64.0
jena_weather/d/short,MoiraiAgent,1.021803728112439,0.0441988054769723,35.0,14.0
ett1/h/long,MoiraiAgent,1.350921080433261,0.2623340206157171,37.0,30.0
ett2/h/long,MoiraiAgent,1.022521647582833,0.1017823638023186,45.0,33.0
ett2/h/medium,MoiraiAgent,1.0294221451635657,0.1023839838442453,49.0,33.0
jena_weather/h/medium,MoiraiAgent,0.7466179132415781,0.0478965476603304,14.0,11.0
saugeen/d/short,MoiraiAgent,2.711603328343001,0.3314646700265691,21.0,28.0
jena_weather/h/long,MoiraiAgent,0.8588687641560072,0.0506773646350672,18.0,4.0
m_dense/d/short,MoiraiAgent,0.6846139569330977,0.0662035696607738,64.0,60.0
bizitobs_l2c/5t/long,MoiraiAgent,0.5981732821582612,0.264263140882958,50.0,44.0
solar/w/short,MoiraiAgent,1.052154052439466,0.144418048867952,42.0,39.0
ett1/h/medium,MoiraiAgent,1.260470380932714,0.2562620040969263,46.0,51.0
solar/d/short,MoiraiAgent,0.9663387213572382,0.2748545778966779,38.0,47.0
bizitobs_l2c/5t/medium,MoiraiAgent,0.6179668938003371,0.2536645769330768,66.0,64.0
sz_taxi/15t/long,MoiraiAgent,0.5058064327859539,0.1960831512611438,27.0,18.0
sz_taxi/15t/medium,MoiraiAgent,0.5342650077472046,0.2018256062488793,32.0,37.0
sz_taxi/h/short,MoiraiAgent,0.5604558851701957,0.1358042784995731,37.0,56.0
covid_deaths/d/short,MoiraiAgent,33.8008034515976,0.0271142249459932,53.0,15.0
bizitobs_service/10s/long,MoiraiAgent,1.3197164792493763,0.051683343269173,43.0,35.0
ett2/h/short,MoiraiAgent,0.7238682355831751,0.0638451716560979,34.0,43.0
hierarchical_sales/w/short,MoiraiAgent,0.7164347305947641,0.343933119501022,37.0,45.0
bizitobs_service/10s/medium,MoiraiAgent,0.9882254195837348,0.0190760021088053,29.0,20.0
ett1/h/short,MoiraiAgent,0.8085546710607726,0.1773236578321797,40.0,49.0
kdd_cup_2018/d/short,MoiraiAgent,1.2106190272511297,0.3860798419261956,93.0,89.0
m4_hourly/h/short,MoiraiAgent,0.691023957521275,0.0208442051762901,28.0,43.0
loop_seattle/d/short,MoiraiAgent,0.87655324451319,0.0424757897849006,47.0,49.0
m_dense/h/long,MoiraiAgent,0.6614335075754502,0.1092041454719824,11.0,12.0
m_dense/h/medium,MoiraiAgent,0.6705002427206382,0.1119555065731968,17.0,23.0
m4_weekly/w/short,MoiraiAgent,1.8892778387829177,0.0350956841794039,26.0,18.0
solar/h/medium,MoiraiAgent,0.8436119544720273,0.3015323598269475,52.0,40.0
solar/h/long,MoiraiAgent,0.8719623643665272,0.2989987795767928,44.0,41.0
bizitobs_l2c/5t/short,MoiraiAgent,0.2633960017345521,0.0696905128733639,44.0,45.0
hospital/m/short,MoiraiAgent,0.7671233183115229,0.0525390578252888,60.0,64.0
jena_weather/h/short,MoiraiAgent,0.5204620138813819,0.0409843252284757,39.0,36.0
hierarchical_sales/d/short,MoiraiAgent,0.7468318981343345,0.5824485433968072,66.0,81.0
electricity/w/short,MoiraiAgent,1.411048546243956,0.0464722087335114,23.0,16.0
restaurant/d/short,MoiraiAgent,0.6784764777862964,0.2558508734596628,38.0,41.0
ett1/15t/long,MoiraiAgent,0.981033857099885,0.2329642053337012,33.0,43.0
ett2/15t/long,MoiraiAgent,0.8745799197263837,0.0905086495937666,38.0,32.0
sz_taxi/15t/short,MoiraiAgent,0.541352420905126,0.2008213361949844,26.0,54.0
bizitobs_service/10s/short,MoiraiAgent,0.7232148011719008,0.010401715241124,35.0,37.0
ett2/15t/medium,MoiraiAgent,0.8602960222935935,0.0882731211028097,45.0,45.0
ett1/15t/medium,MoiraiAgent,0.97516976528058,0.2316135939004746,30.0,43.0
loop_seattle/h/medium,MoiraiAgent,0.8629634613624407,0.0587577611976216,33.0,26.0
loop_seattle/h/long,MoiraiAgent,0.8384211436067731,0.0575171879156625,26.0,30.0
kdd_cup_2018/h/long,MoiraiAgent,1.0275908584670568,0.4514615651130975,68.0,68.0
kdd_cup_2018/h/medium,MoiraiAgent,1.0727131239975156,0.4358203209390789,89.0,76.0
jena_weather/10t/long,MoiraiAgent,0.6490229098861618,0.0476223060729336,68.0,30.0
ett2/15t/short,MoiraiAgent,0.728616320945213,0.064420357783512,43.0,54.0
ett1/15t/short,MoiraiAgent,0.6838519269347753,0.1592722497489796,53.0,54.0
electricity/d/short,MoiraiAgent,1.3769762133998855,0.0558817033080569,37.0,61.0
bitbrains_rnd/h/short,MoiraiAgent,5.793483950035641,0.6124089749522702,34.0,39.0
m_dense/h/short,MoiraiAgent,0.7668042028810433,0.1271604736242572,39.0,42.0
jena_weather/10t/medium,MoiraiAgent,0.6160587878697006,0.0478798992720037,70.0,44.0
car_parts/m/short,MoiraiAgent,0.8261044203942538,0.9345276438391568,13.0,12.0
jena_weather/10t/short,MoiraiAgent,0.2689855130756008,0.027284411331707,39.0,37.0
bitbrains_fast_storage/h/short,MoiraiAgent,0.973322929989456,0.8440802232476808,27.0,112.0
solar/h/short,MoiraiAgent,0.8182496694810134,0.3032379136007312,42.0,45.0
m4_daily/d/short,MoiraiAgent,3.217525327321453,0.021439903375178,34.0,45.0
bitbrains_rnd/5t/medium,MoiraiAgent,4.353420753986056,0.6373970327921428,30.0,63.0
bitbrains_rnd/5t/long,MoiraiAgent,3.274085748188964,0.6310167903981543,30.0,51.0
solar/10t/long,MoiraiAgent,0.7980520053034176,0.2978518991941628,40.0,34.0
electricity/h/long,MoiraiAgent,1.1607238844406762,0.0850267454347041,39.0,43.0
loop_seattle/h/short,MoiraiAgent,0.7207826650116116,0.0500934032335441,9.0,12.0
kdd_cup_2018/h/short,MoiraiAgent,0.973623212120263,0.3907892166931287,89.0,81.0
solar/10t/medium,MoiraiAgent,0.7971827731567656,0.3072792592929066,29.0,35.0
bitbrains_fast_storage/5t/medium,MoiraiAgent,0.958875376203356,0.7088765178306987,38.0,82.0
bitbrains_fast_storage/5t/long,MoiraiAgent,0.8720846744357172,0.7779812709018508,37.0,83.0
electricity/h/medium,MoiraiAgent,1.0439053049978122,0.0728234126838367,35.0,31.0
m4_yearly/a/short,MoiraiAgent,3.2247219974126247,0.1141283056435453,41.0,47.0
m4_quarterly/q/short,MoiraiAgent,1.1330936812084451,0.0732135629566889,19.0,33.0
solar/10t/short,MoiraiAgent,0.9125814406386376,0.4844959349683279,57.0,58.0
bitbrains_rnd/5t/short,MoiraiAgent,1.6110979500369793,0.3989302913635819,31.0,44.0
electricity/h/short,MoiraiAgent,0.8857916474096268,0.0645433779778622,27.0,40.0
m4_monthly/m/short,MoiraiAgent,0.912164753268308,0.092575070475117,33.0,48.0
temperature_rain/d/short,MoiraiAgent,1.3050658667583694,0.5463483189595792,10.0,40.0
bitbrains_fast_storage/5t/short,MoiraiAgent,0.6466780843540297,0.4109376016582722,24.0,62.0
loop_seattle/5t/long,MoiraiAgent,0.8626336595383874,0.0776591104062574,63.0,61.0
loop_seattle/5t/medium,MoiraiAgent,0.790429736224429,0.0707967925811483,58.0,61.0
loop_seattle/5t/short,MoiraiAgent,0.5528067089401885,0.0479448018955368,55.0,55.0
electricity/15t/long,MoiraiAgent,0.858409030333623,0.0718638443955452,31.0,29.0
electricity/15t/short,MoiraiAgent,0.9307153819128722,0.0808629554539468,35.0,39.0
electricity/15t/medium,MoiraiAgent,0.811049395204578,0.0717627472668905,35.0,28.0
bitbrains_fast_storage/5t/short,Moirai_base,0.792,0.413,88.0,64.0
bitbrains_fast_storage/h/short,Moirai_base,1.18,0.613,98.0,29.0
bitbrains_rnd/5t/short,Moirai_base,1.82,0.446,98.0,84.0
bitbrains_rnd/h/short,Moirai_base,6.07,0.58,110.0,9.0
bizitobs_application/10s/short,Moirai_base,5.32,0.0328,122.0,107.0
bizitobs_l2c/5t/short,Moirai_base,0.291,0.0778,97.0,82.0
bizitobs_l2c/h/short,Moirai_base,0.999,0.493,118.0,121.0
bizitobs_service/10s/short,Moirai_base,3.43,0.0421,127.0,121.0
car_parts/m/short,Moirai_base,0.835,0.999,26.0,57.0
covid_deaths/d/short,Moirai_base,34.6,0.0439,62.0,81.0
electricity/15t/short,Moirai_base,1.54,0.12,112.0,104.0
electricity/d/short,Moirai_base,1.5,0.0607,91.0,89.0
electricity/h/short,Moirai_base,1.09,0.0751,105.0,90.0
electricity/w/short,Moirai_base,1.92,0.077,108.0,104.0
ett1/15t/short,Moirai_base,0.825,0.193,109.0,100.0
ett1/d/short,Moirai_base,1.74,0.301,91.0,97.0
ett1/h/short,Moirai_base,0.885,0.197,105.0,98.0
ett1/w/short,Moirai_base,1.54,0.261,46.0,45.0
ett2/15t/short,Moirai_base,0.959,0.0776,117.0,103.0
ett2/d/short,Moirai_base,1.31,0.0947,62.0,73.0
ett2/h/short,Moirai_base,0.807,0.0718,108.0,97.0
ett2/w/short,Moirai_base,0.851,0.0871,66.0,49.0
hierarchical_sales/d/short,Moirai_base,0.746,0.575,57.0,46.0
hierarchical_sales/w/short,Moirai_base,0.747,0.357,91.0,81.0
hospital/m/short,Moirai_base,0.775,0.0506,73.0,37.0
jena_weather/10t/short,Moirai_base,0.35,0.0535,104.0,110.0
jena_weather/d/short,Moirai_base,1.15,0.0498,86.0,76.0
jena_weather/h/short,Moirai_base,0.554,0.0438,91.0,79.0
kdd_cup_2018/d/short,Moirai_base,1.2,0.376,78.0,53.0
kdd_cup_2018/h/short,Moirai_base,0.944,0.389,63.0,79.0
loop_seattle/5t/short,Moirai_base,0.536,0.0457,16.0,18.0
loop_seattle/d/short,Moirai_base,0.903,0.0442,87.0,82.0
loop_seattle/h/short,Moirai_base,1.06,0.0739,112.0,107.0
m_dense/d/short,Moirai_base,1.1,0.104,118.0,116.0
m_dense/h/short,Moirai_base,0.837,0.14,86.0,81.0
m4_daily/d/short,Moirai_base,5.37,0.0401,125.0,125.0
m4_hourly/h/short,Moirai_base,0.971,0.0222,90.0,52.0
m4_monthly/m/short,Moirai_base,0.953,0.0938,66.0,61.0
m4_quarterly/q/short,Moirai_base,1.14,0.0734,28.0,37.0
m4_weekly/w/short,Moirai_base,2.81,0.0482,113.0,101.0
m4_yearly/a/short,Moirai_base,3.01,0.105,22.0,5.0
restaurant/d/short,Moirai_base,0.704,0.266,88.0,81.0
saugeen/d/short,Moirai_base,2.91,0.354,60.0,65.0
saugeen/m/short,Moirai_base,0.834,0.348,114.0,106.0
saugeen/w/short,Moirai_base,1.41,0.423,107.0,94.0
solar/10t/short,Moirai_base,1.1,0.614,87.0,93.0
solar/d/short,Moirai_base,1.02,0.295,105.0,94.0
solar/h/short,Moirai_base,0.893,0.338,87.0,79.0
solar/w/short,Moirai_base,1.66,0.235,113.0,110.0
sz_taxi/15t/short,Moirai_base,0.576,0.213,109.0,101.0
sz_taxi/h/short,Moirai_base,0.588,0.143,107.0,98.0
temperature_rain/d/short,Moirai_base,1.31,0.535,16.0,8.0
us_births/d/short,Moirai_base,0.509,0.0267,99.0,99.0
us_births/m/short,Moirai_base,0.723,0.0149,80.0,72.0
us_births/w/short,Moirai_base,1.44,0.0173,109.0,104.0
bitbrains_fast_storage/5t/medium,Moirai_base,1.05,0.662,79.0,70.0
bitbrains_rnd/5t/medium,Moirai_base,4.53,0.616,92.0,45.0
bizitobs_application/10s/medium,Moirai_base,12.8,0.104,126.0,122.0
bizitobs_l2c/5t/medium,Moirai_base,0.853,0.38,102.0,104.0
bizitobs_l2c/h/medium,Moirai_base,1.32,0.688,119.0,117.0
bizitobs_service/10s/medium,Moirai_base,5.99,0.09,126.0,119.0
electricity/15t/medium,Moirai_base,1.33,0.106,119.0,112.0
electricity/h/medium,Moirai_base,1.19,0.0822,102.0,80.0
ett1/15t/medium,Moirai_base,1.24,0.324,114.0,109.0
ett1/h/medium,Moirai_base,1.35,0.282,95.0,84.0
ett2/15t/medium,Moirai_base,1.1,0.109,118.0,98.0
ett2/h/medium,Moirai_base,1.03,0.0999,52.0,12.0
jena_weather/10t/medium,Moirai_base,0.712,0.0677,108.0,106.0
jena_weather/h/medium,Moirai_base,0.817,0.0569,75.0,78.0
kdd_cup_2018/h/medium,Moirai_base,1.05,0.441,65.0,84.0
loop_seattle/5t/medium,Moirai_base,0.523,0.0453,6.0,6.0
loop_seattle/h/medium,Moirai_base,1.14,0.0798,112.0,103.0
m_dense/h/medium,Moirai_base,0.734,0.123,81.0,77.0
solar/10t/medium,Moirai_base,1.89,0.832,121.0,122.0
solar/h/medium,Moirai_base,0.892,0.331,78.0,63.0
sz_taxi/15t/medium,Moirai_base,0.558,0.211,94.0,83.0
bitbrains_fast_storage/5t/long,Moirai_base,0.967,0.732,83.0,68.0
bitbrains_rnd/5t/long,Moirai_base,3.45,0.665,87.0,72.0
bizitobs_application/10s/long,Moirai_base,13.5,0.12,125.0,123.0
bizitobs_l2c/5t/long,Moirai_base,1.12,0.554,92.0,94.0
bizitobs_l2c/h/long,Moirai_base,1.09,0.495,110.0,110.0
bizitobs_service/10s/long,Moirai_base,6.08,0.115,126.0,122.0
electricity/15t/long,Moirai_base,1.32,0.115,118.0,114.0
electricity/h/long,Moirai_base,1.26,0.0855,90.0,45.0
ett1/15t/long,Moirai_base,1.12,0.273,98.0,93.0
ett1/h/long,Moirai_base,1.38,0.287,62.0,77.0
ett2/15t/long,Moirai_base,1.3,0.137,123.0,119.0
ett2/h/long,Moirai_base,1.12,0.11,93.0,69.0
jena_weather/10t/long,Moirai_base,0.762,0.0705,115.0,110.0
jena_weather/h/long,Moirai_base,1.06,0.0653,86.0,84.0
kdd_cup_2018/h/long,Moirai_base,0.96,0.418,23.0,24.0
loop_seattle/5t/long,Moirai_base,0.591,0.0518,5.0,6.0
loop_seattle/h/long,Moirai_base,1.15,0.0796,114.0,105.0
m_dense/h/long,Moirai_base,0.734,0.122,72.0,73.0
solar/10t/long,Moirai_base,2.02,0.903,124.0,122.0
solar/h/long,Moirai_base,1.07,0.36,103.0,82.0
sz_taxi/15t/long,Moirai_base,0.537,0.209,97.0,77.0
bitbrains_fast_storage/5t/short,Moirai_large,0.827,0.412,96.0,63.0
bitbrains_fast_storage/h/short,Moirai_large,1.09,0.646,77.0,54.0
bitbrains_rnd/5t/short,Moirai_large,1.75,0.418,83.0,61.0
bitbrains_rnd/h/short,Moirai_large,5.93,0.566,96.0,5.0
bizitobs_application/10s/short,Moirai_large,4.51,0.0383,120.0,115.0
bizitobs_l2c/5t/short,Moirai_large,0.285,0.0794,90.0,90.0
bizitobs_l2c/h/short,Moirai_large,1.15,0.559,125.0,128.0
bizitobs_service/10s/short,Moirai_large,2.31,0.0315,116.0,110.0
car_parts/m/short,Moirai_large,0.903,1.18,93.0,106.0
covid_deaths/d/short,Moirai_large,36.5,0.0459,76.0,84.0
electricity/15t/short,Moirai_large,1.71,0.128,119.0,107.0
electricity/d/short,Moirai_large,1.51,0.0693,95.0,101.0
electricity/h/short,Moirai_large,1.08,0.0773,102.0,97.0
electricity/w/short,Moirai_large,1.79,0.0621,101.0,89.0
ett1/15t/short,Moirai_large,0.925,0.226,116.0,112.0
ett1/d/short,Moirai_large,1.75,0.286,94.0,83.0
ett1/h/short,Moirai_large,0.855,0.189,95.0,82.0
ett1/w/short,Moirai_large,1.51,0.26,31.0,43.0
ett2/15t/short,Moirai_large,1.0,0.0803,119.0,105.0
ett2/d/short,Moirai_large,1.44,0.0936,102.0,64.0
ett2/h/short,Moirai_large,0.783,0.0689,100.0,94.0
ett2/w/short,Moirai_large,1.31,0.109,115.0,99.0
hierarchical_sales/d/short,Moirai_large,0.745,0.58,46.0,73.0
hierarchical_sales/w/short,Moirai_large,0.749,0.359,95.0,86.0
hospital/m/short,Moirai_large,0.768,0.0513,63.0,49.0
jena_weather/10t/short,Moirai_large,0.338,0.0513,98.0,109.0
jena_weather/d/short,Moirai_large,1.14,0.0512,81.0,84.0
jena_weather/h/short,Moirai_large,0.585,0.0449,105.0,86.0
kdd_cup_2018/d/short,Moirai_large,1.2,0.381,78.0,77.0
kdd_cup_2018/h/short,Moirai_large,0.894,0.362,25.0,26.0
loop_seattle/5t/short,Moirai_large,0.486,0.0414,3.0,4.0
loop_seattle/d/short,Moirai_large,0.916,0.0452,93.0,90.0
loop_seattle/h/short,Moirai_large,0.945,0.0661,99.0,89.0
m_dense/d/short,Moirai_large,0.957,0.0952,116.0,114.0
m_dense/h/short,Moirai_large,0.777,0.128,51.0,47.0
m4_daily/d/short,Moirai_large,4.18,0.0303,116.0,115.0
m4_hourly/h/short,Moirai_large,0.886,0.0198,80.0,25.0
m4_monthly/m/short,Moirai_large,0.977,0.0951,85.0,70.0
m4_quarterly/q/short,Moirai_large,1.14,0.0734,28.0,37.0
m4_weekly/w/short,Moirai_large,2.58,0.0465,103.0,97.0
m4_yearly/a/short,Moirai_large,2.97,0.104,9.0,3.0
restaurant/d/short,Moirai_large,0.715,0.27,100.0,89.0
saugeen/d/short,Moirai_large,3.29,0.406,110.0,98.0
saugeen/m/short,Moirai_large,0.756,0.324,92.0,95.0
saugeen/w/short,Moirai_large,1.38,0.43,102.0,95.0
solar/10t/short,Moirai_large,1.11,0.596,91.0,91.0
solar/d/short,Moirai_large,0.987,0.292,69.0,92.0
solar/h/short,Moirai_large,0.875,0.333,75.0,71.0
solar/w/short,Moirai_large,1.53,0.213,109.0,106.0
sz_taxi/15t/short,Moirai_large,0.581,0.215,110.0,103.0
sz_taxi/h/short,Moirai_large,0.601,0.146,114.0,102.0
temperature_rain/d/short,Moirai_large,1.2,0.479,2.0,2.0
us_births/d/short,Moirai_large,0.503,0.0268,97.0,100.0
us_births/m/short,Moirai_large,0.771,0.0158,91.0,85.0
us_births/w/short,Moirai_large,1.47,0.0178,112.0,107.0
bitbrains_fast_storage/5t/medium,Moirai_large,1.02,0.636,74.0,52.0
bitbrains_rnd/5t/medium,Moirai_large,4.46,0.594,79.0,18.0
bizitobs_application/10s/medium,Moirai_large,7.39,0.0836,117.0,116.0
bizitobs_l2c/5t/medium,Moirai_large,0.987,0.41,121.0,108.0
bizitobs_l2c/h/medium,Moirai_large,1.25,0.619,117.0,113.0
bizitobs_service/10s/medium,Moirai_large,3.87,0.0692,115.0,114.0
electricity/15t/medium,Moirai_large,1.29,0.103,116.0,110.0
electricity/h/medium,Moirai_large,1.2,0.0872,104.0,95.0
ett1/15t/medium,Moirai_large,1.3,0.342,118.0,116.0
ett1/h/medium,Moirai_large,1.34,0.27,91.0,75.0
ett2/15t/medium,Moirai_large,1.06,0.105,113.0,95.0
ett2/h/medium,Moirai_large,1.18,0.118,109.0,97.0
jena_weather/10t/medium,Moirai_large,0.694,0.0716,104.0,113.0
jena_weather/h/medium,Moirai_large,0.891,0.0577,110.0,82.0
kdd_cup_2018/h/medium,Moirai_large,0.954,0.387,19.0,21.0
loop_seattle/5t/medium,Moirai_large,0.45,0.0385,4.0,4.0
loop_seattle/h/medium,Moirai_large,1.0,0.0702,92.0,87.0
m_dense/h/medium,Moirai_large,0.684,0.112,40.0,24.0
solar/10t/medium,Moirai_large,1.82,0.747,119.0,117.0
solar/h/medium,Moirai_large,0.917,0.346,85.0,79.0
sz_taxi/15t/medium,Moirai_large,0.569,0.215,110.0,86.0
bitbrains_fast_storage/5t/long,Moirai_large,0.955,0.716,78.0,63.0
bitbrains_rnd/5t/long,Moirai_large,3.42,0.678,85.0,76.0
bizitobs_application/10s/long,Moirai_large,7.84,0.0939,115.0,118.0
bizitobs_l2c/5t/long,Moirai_large,1.12,0.508,92.0,85.0
bizitobs_l2c/h/long,Moirai_large,1.27,0.6,118.0,113.0
bizitobs_service/10s/long,Moirai_large,4.33,0.104,122.0,120.0
electricity/15t/long,Moirai_large,1.31,0.0988,117.0,106.0
electricity/h/long,Moirai_large,1.36,0.103,106.0,94.0
ett1/15t/long,Moirai_large,1.4,0.358,119.0,115.0
ett1/h/long,Moirai_large,1.45,0.296,97.0,82.0
ett2/15t/long,Moirai_large,1.14,0.115,117.0,103.0
ett2/h/long,Moirai_large,1.28,0.125,111.0,99.0
jena_weather/10t/long,Moirai_large,0.792,0.0772,117.0,115.0
jena_weather/h/long,Moirai_large,0.881,0.0609,21.0,71.0
kdd_cup_2018/h/long,Moirai_large,0.867,0.378,16.0,18.0
loop_seattle/5t/long,Moirai_large,0.556,0.0492,1.0,2.0
loop_seattle/h/long,Moirai_large,1.05,0.0742,104.0,95.0
m_dense/h/long,Moirai_large,0.696,0.114,52.0,44.0
solar/10t/long,Moirai_large,1.95,0.771,118.0,117.0
solar/h/long,Moirai_large,1.02,0.347,95.0,73.0
sz_taxi/15t/long,Moirai_large,0.554,0.213,105.0,81.0
bitbrains_fast_storage/5t/short,Moirai_small,0.826,0.464,95.0,96.0
bitbrains_fast_storage/h/short,Moirai_small,1.24,0.619,104.0,33.0
bitbrains_rnd/5t/short,Moirai_small,2.01,0.544,111.0,112.0
bitbrains_rnd/h/short,Moirai_small,6.2,0.665,119.0,81.0
bizitobs_application/10s/short,Moirai_small,4.26,0.0546,118.0,122.0
bizitobs_l2c/5t/short,Moirai_small,0.301,0.0814,104.0,99.0
bizitobs_l2c/h/short,Moirai_small,1.0,0.452,119.0,115.0
bizitobs_service/10s/short,Moirai_small,2.83,0.0568,122.0,128.0
car_parts/m/short,Moirai_small,0.93,1.08,99.0,92.0
covid_deaths/d/short,Moirai_small,39.9,0.0574,92.0,91.0
electricity/15t/short,Moirai_small,1.87,0.151,122.0,114.0
electricity/d/short,Moirai_small,1.56,0.0626,99.0,93.0
electricity/h/short,Moirai_small,1.23,0.086,117.0,111.0
electricity/w/short,Moirai_small,2.15,0.0882,123.0,109.0
ett1/15t/short,Moirai_small,1.29,0.257,123.0,120.0
ett1/d/short,Moirai_small,1.7,0.275,73.0,40.0
ett1/h/short,Moirai_small,0.919,0.201,112.0,103.0
ett1/w/short,Moirai_small,1.54,0.261,46.0,45.0
ett2/15t/short,Moirai_small,0.999,0.0858,118.0,112.0
ett2/d/short,Moirai_small,1.42,0.101,96.0,90.0
ett2/h/short,Moirai_small,0.835,0.0722,114.0,100.0
ett2/w/short,Moirai_small,1.05,0.105,102.0,92.0
hierarchical_sales/d/short,Moirai_small,0.745,0.579,46.0,65.0
hierarchical_sales/w/short,Moirai_small,0.785,0.365,109.0,93.0
hospital/m/short,Moirai_small,0.843,0.0625,118.0,108.0
jena_weather/10t/short,Moirai_small,0.362,0.0564,107.0,114.0
jena_weather/d/short,Moirai_small,1.21,0.0479,93.0,69.0
jena_weather/h/short,Moirai_small,0.57,0.0511,100.0,110.0
kdd_cup_2018/d/short,Moirai_small,1.22,0.385,101.0,87.0
kdd_cup_2018/h/short,Moirai_small,1.0,0.405,99.0,93.0
loop_seattle/5t/short,Moirai_small,0.653,0.0557,104.0,96.0
loop_seattle/d/short,Moirai_small,0.961,0.0461,109.0,100.0
loop_seattle/h/short,Moirai_small,1.23,0.0869,123.0,116.0
m_dense/d/short,Moirai_small,0.836,0.0838,108.0,106.0
m_dense/h/short,Moirai_small,1.09,0.181,120.0,115.0
m4_daily/d/short,Moirai_small,3.71,0.0246,110.0,101.0
m4_hourly/h/short,Moirai_small,1.88,0.0283,115.0,88.0
m4_monthly/m/short,Moirai_small,1.1,0.104,111.0,99.0
m4_quarterly/q/short,Moirai_small,1.24,0.0787,89.0,74.0
m4_weekly/w/short,Moirai_small,2.81,0.0514,113.0,110.0
m4_yearly/a/short,Moirai_small,2.98,0.105,11.0,5.0
restaurant/d/short,Moirai_small,0.739,0.282,111.0,103.0
saugeen/d/short,Moirai_small,3.31,0.408,113.0,100.0
saugeen/m/short,Moirai_small,1.14,0.487,126.0,125.0
saugeen/w/short,Moirai_small,1.5,0.471,110.0,105.0
solar/10t/short,Moirai_small,1.45,0.758,119.0,108.0
solar/d/short,Moirai_small,1.1,0.297,117.0,95.0
solar/h/short,Moirai_small,1.05,0.388,121.0,105.0
solar/w/short,Moirai_small,1.55,0.219,110.0,107.0
sz_taxi/15t/short,Moirai_small,0.574,0.212,108.0,100.0
sz_taxi/h/short,Moirai_small,0.627,0.151,119.0,107.0
temperature_rain/d/short,Moirai_small,1.34,0.553,51.0,59.0
us_births/d/short,Moirai_small,0.677,0.0371,116.0,116.0
us_births/m/short,Moirai_small,1.14,0.0267,118.0,119.0
us_births/w/short,Moirai_small,1.62,0.0197,122.0,117.0
bitbrains_fast_storage/5t/medium,Moirai_small,1.14,0.62,101.0,39.0
bitbrains_rnd/5t/medium,Moirai_small,4.69,0.605,110.0,31.0
bizitobs_application/10s/medium,Moirai_small,7.33,0.0821,116.0,115.0
bizitobs_l2c/5t/medium,Moirai_small,0.896,0.378,112.0,101.0
bizitobs_l2c/h/medium,Moirai_small,1.2,0.547,115.0,111.0
bizitobs_service/10s/medium,Moirai_small,3.54,0.0676,111.0,112.0
electricity/15t/medium,Moirai_small,1.25,0.111,115.0,113.0
electricity/h/medium,Moirai_small,1.33,0.09,116.0,102.0
ett1/15t/medium,Moirai_small,1.14,0.266,104.0,87.0
ett1/h/medium,Moirai_small,1.4,0.29,107.0,97.0
ett2/15t/medium,Moirai_small,1.0,0.1,105.0,86.0
ett2/h/medium,Moirai_small,1.08,0.107,91.0,68.0
jena_weather/10t/medium,Moirai_small,0.666,0.0649,99.0,101.0
jena_weather/h/medium,Moirai_small,0.896,0.0591,111.0,87.0
kdd_cup_2018/h/medium,Moirai_small,1.09,0.451,100.0,94.0
loop_seattle/5t/medium,Moirai_small,0.792,0.0703,59.0,54.0
loop_seattle/h/medium,Moirai_small,1.21,0.0854,119.0,113.0
m_dense/h/medium,Moirai_small,1.03,0.168,119.0,112.0
solar/10t/medium,Moirai_small,1.87,0.77,120.0,119.0
solar/h/medium,Moirai_small,1.15,0.414,120.0,108.0
sz_taxi/15t/medium,Moirai_small,0.574,0.215,112.0,86.0
bitbrains_fast_storage/5t/long,Moirai_small,0.996,0.659,93.0,29.0
bitbrains_rnd/5t/long,Moirai_small,3.6,0.704,104.0,85.0
bizitobs_application/10s/long,Moirai_small,7.49,0.0871,114.0,114.0
bizitobs_l2c/5t/long,Moirai_small,1.21,0.563,102.0,96.0
bizitobs_l2c/h/long,Moirai_small,1.21,0.551,115.0,111.0
bizitobs_service/10s/long,Moirai_small,3.66,0.0892,111.0,113.0
electricity/15t/long,Moirai_small,1.48,0.135,120.0,120.0
electricity/h/long,Moirai_small,1.34,0.0908,104.0,69.0
ett1/15t/long,Moirai_small,1.14,0.259,102.0,82.0
ett1/h/long,Moirai_small,1.55,0.313,117.0,96.0
ett2/15t/long,Moirai_small,1.07,0.105,110.0,91.0
ett2/h/long,Moirai_small,1.16,0.115,103.0,85.0
jena_weather/10t/long,Moirai_small,0.68,0.0672,93.0,102.0
jena_weather/h/long,Moirai_small,1.0,0.0676,59.0,89.0
kdd_cup_2018/h/long,Moirai_small,1.04,0.465,83.0,83.0
loop_seattle/5t/long,Moirai_small,0.823,0.0731,43.0,44.0
loop_seattle/h/long,Moirai_small,1.27,0.0887,122.0,117.0
m_dense/h/long,Moirai_small,1.03,0.172,112.0,110.0
solar/10t/long,Moirai_small,1.99,0.865,121.0,120.0
solar/h/long,Moirai_small,1.23,0.422,117.0,102.0
sz_taxi/15t/long,Moirai_small,0.536,0.209,96.0,77.0
bitbrains_fast_storage/5t/short,N-BEATS,1.09,0.622,116.0,120.0
bitbrains_fast_storage/h/short,N-BEATS,1.37,0.812,115.0,105.0
bitbrains_rnd/5t/short,N-BEATS,2.18,0.656,123.0,122.0
bitbrains_rnd/h/short,N-BEATS,6.16,0.715,114.0,100.0
bizitobs_application/10s/short,N-BEATS,2.57,0.043,104.0,117.0
bizitobs_l2c/5t/short,N-BEATS,0.297,0.1,102.0,115.0
bizitobs_l2c/h/short,N-BEATS,0.536,0.288,92.0,102.0
bizitobs_service/10s/short,N-BEATS,1.12,0.0213,91.0,98.0
car_parts/m/short,N-BEATS,0.81,1.02,4.0,70.0
covid_deaths/d/short,N-BEATS,32.8,0.071,46.0,104.0
electricity/15t/short,N-BEATS,1.69,0.18,118.0,123.0
electricity/d/short,N-BEATS,1.85,0.11,118.0,126.0
electricity/h/short,N-BEATS,1.44,0.123,124.0,124.0
electricity/w/short,N-BEATS,2.1,0.123,119.0,125.0
ett1/15t/short,N-BEATS,0.87,0.254,113.0,119.0
ett1/d/short,N-BEATS,2.04,0.387,126.0,119.0
ett1/h/short,N-BEATS,0.93,0.249,113.0,120.0
ett1/w/short,N-BEATS,1.63,0.372,91.0,120.0
ett2/15t/short,N-BEATS,1.01,0.109,120.0,125.0
ett2/d/short,N-BEATS,1.54,0.14,110.0,119.0
ett2/h/short,N-BEATS,0.819,0.0911,110.0,121.0
ett2/w/short,N-BEATS,2.69,0.294,125.0,125.0
hierarchical_sales/d/short,N-BEATS,0.773,0.728,110.0,116.0
hierarchical_sales/w/short,N-BEATS,0.778,0.439,106.0,115.0
hospital/m/short,N-BEATS,0.771,0.0682,69.0,114.0
jena_weather/10t/short,N-BEATS,0.527,0.104,118.0,121.0
jena_weather/d/short,N-BEATS,1.83,0.193,122.0,125.0
jena_weather/h/short,N-BEATS,0.763,0.0976,123.0,121.0
kdd_cup_2018/d/short,N-BEATS,1.35,0.529,117.0,122.0
kdd_cup_2018/h/short,N-BEATS,1.3,0.683,125.0,127.0
loop_seattle/5t/short,N-BEATS,0.735,0.0799,109.0,117.0
loop_seattle/d/short,N-BEATS,0.898,0.0534,80.0,114.0
loop_seattle/h/short,N-BEATS,1.03,0.09,109.0,118.0
m_dense/d/short,N-BEATS,0.706,0.0875,73.0,109.0
m_dense/h/short,N-BEATS,0.915,0.19,105.0,117.0
m4_daily/d/short,N-BEATS,3.35,0.0287,82.0,113.0
m4_hourly/h/short,N-BEATS,1.34,0.0501,106.0,121.0
m4_monthly/m/short,N-BEATS,1.05,0.122,103.0,117.0
m4_quarterly/q/short,N-BEATS,1.21,0.0964,73.0,115.0
m4_weekly/w/short,N-BEATS,1.97,0.0473,37.0,100.0
m4_yearly/a/short,N-BEATS,3.15,0.134,37.0,98.0
restaurant/d/short,N-BEATS,0.712,0.342,96.0,118.0
saugeen/d/short,N-BEATS,3.28,0.478,108.0,116.0
saugeen/m/short,N-BEATS,0.758,0.388,94.0,114.0
saugeen/w/short,N-BEATS,1.54,0.574,111.0,118.0
solar/10t/short,N-BEATS,0.848,0.576,39.0,87.0
solar/d/short,N-BEATS,1.21,0.45,125.0,121.0
solar/h/short,N-BEATS,1.04,0.498,119.0,122.0
solar/w/short,N-BEATS,2.33,0.432,123.0,124.0
sz_taxi/15t/short,N-BEATS,0.604,0.281,119.0,121.0
sz_taxi/h/short,N-BEATS,0.624,0.19,117.0,121.0
temperature_rain/d/short,N-BEATS,1.9,0.84,122.0,125.0
us_births/d/short,N-BEATS,0.456,0.0291,88.0,108.0
us_births/m/short,N-BEATS,0.928,0.0254,113.0,116.0
us_births/w/short,N-BEATS,1.4,0.021,104.0,121.0
bitbrains_fast_storage/5t/medium,N-BEATS,1.6,0.841,121.0,107.0
bitbrains_rnd/5t/medium,N-BEATS,4.79,0.699,117.0,91.0
bizitobs_application/10s/medium,N-BEATS,2.57,0.0468,78.0,94.0
bizitobs_l2c/5t/medium,N-BEATS,0.935,0.505,115.0,121.0
bizitobs_l2c/h/medium,N-BEATS,0.701,0.42,101.0,108.0
bizitobs_service/10s/medium,N-BEATS,2.59,0.0434,107.0,92.0
electricity/15t/medium,N-BEATS,1.62,0.176,124.0,123.0
electricity/h/medium,N-BEATS,1.35,0.115,118.0,119.0
ett1/15t/medium,N-BEATS,1.41,0.43,124.0,123.0
ett1/h/medium,N-BEATS,1.67,0.45,123.0,122.0
ett2/15t/medium,N-BEATS,1.09,0.138,116.0,120.0
ett2/h/medium,N-BEATS,1.05,0.13,76.0,111.0
jena_weather/10t/medium,N-BEATS,0.749,0.0891,117.0,119.0
jena_weather/h/medium,N-BEATS,0.902,0.0965,112.0,121.0
kdd_cup_2018/h/medium,N-BEATS,1.29,0.66,121.0,121.0
loop_seattle/5t/medium,N-BEATS,1.05,0.118,101.0,113.0
loop_seattle/h/medium,N-BEATS,1.03,0.0885,99.0,115.0
m_dense/h/medium,N-BEATS,0.89,0.184,107.0,118.0
solar/10t/medium,N-BEATS,1.98,1.0,122.0,124.0
solar/h/medium,N-BEATS,2.12,1.0,126.0,125.0
sz_taxi/15t/medium,N-BEATS,0.662,0.314,123.0,123.0
electricity/15t/long,N-BEATS,1.15,0.123,110.0,115.0
electricity/h/long,N-BEATS,1.42,0.126,113.0,115.0
solar/10t/long,N-BEATS,2.03,1.01,126.0,124.0
solar/h/long,N-BEATS,2.21,1.0,127.0,124.0
kdd_cup_2018/h/long,N-BEATS,1.18,0.66,120.0,121.0
loop_seattle/5t/long,N-BEATS,1.05,0.117,98.0,109.0
loop_seattle/h/long,N-BEATS,0.932,0.0798,83.0,106.0
sz_taxi/15t/long,N-BEATS,0.666,0.323,118.0,122.0
m_dense/h/long,N-BEATS,1.18,0.243,118.0,121.0
ett1/15t/long,N-BEATS,1.42,0.431,120.0,121.0
ett1/h/long,N-BEATS,1.96,0.567,122.0,123.0
ett2/15t/long,N-BEATS,0.98,0.126,98.0,111.0
ett2/h/long,N-BEATS,1.26,0.156,109.0,118.0
jena_weather/10t/long,N-BEATS,0.855,0.134,120.0,122.0
jena_weather/h/long,N-BEATS,1.13,0.131,105.0,120.0
bitbrains_fast_storage/5t/long,N-BEATS,1.4,0.791,120.0,87.0
bitbrains_rnd/5t/long,N-BEATS,3.95,1.06,118.0,119.0
bizitobs_application/10s/long,N-BEATS,3.83,0.0623,93.0,103.0
bizitobs_service/10s/long,N-BEATS,2.62,0.0607,106.0,100.0
bizitobs_l2c/5t/long,N-BEATS,0.968,0.546,82.0,91.0
bizitobs_l2c/h/long,N-BEATS,0.811,0.479,103.0,109.0
bizitobs_l2c/h/short,PatchFM,0.5471186881480004,0.2315428392785248,97.0,88.0
bizitobs_l2c/h/medium,PatchFM,0.6700956302863954,0.3222532897607368,95.0,95.0
bizitobs_l2c/h/long,PatchFM,0.7142510788567625,0.3323651591574193,96.0,88.0
electricity/d/short,PatchFM,1.3879860769387888,0.0528346223258707,44.0,8.0
hierarchical_sales/w/short,PatchFM,0.7256184129485808,0.3457680376981503,65.0,50.0
us_births/m/short,PatchFM,0.7023743832189382,0.0140555256028527,75.0,64.0
m4_weekly/w/short,PatchFM,2.0513381981161936,0.0364028450560318,57.0,33.0
kdd_cup_2018/h/short,PatchFM,0.9504747897098444,0.3827030550550808,71.0,69.0
kdd_cup_2018/h/medium,PatchFM,1.0532393880991362,0.4551342495779293,78.0,96.0
kdd_cup_2018/h/long,PatchFM,1.0717630461255303,0.5017016729181558,107.0,99.0
sz_taxi/h/short,PatchFM,0.5610372956159778,0.1357062126249934,49.0,52.0
restaurant/d/short,PatchFM,0.703379251894509,0.2649515218429696,86.0,78.0
bizitobs_application/10s/short,PatchFM,1.4208758757289768,0.0145415192416861,78.0,76.0
bizitobs_application/10s/medium,PatchFM,2.895646623305317,0.0385909016525033,92.0,61.0
bizitobs_application/10s/long,PatchFM,4.116068552366298,0.058620884841524,98.0,98.0
temperature_rain/d/short,PatchFM,1.3516285303738054,0.5509619303670388,64.0,50.0
solar/d/short,PatchFM,1.026500842472496,0.2759504265549449,108.0,51.0
hierarchical_sales/d/short,PatchFM,0.743324157480062,0.5733378446985715,37.0,40.0
ett1/d/short,PatchFM,1.6761558983915998,0.2771590773440894,55.0,52.0
jena_weather/10t/short,PatchFM,0.3065180690591591,0.0308426348773756,80.0,76.0
jena_weather/10t/medium,PatchFM,0.6522387714293197,0.0570820790259543,92.0,89.0
jena_weather/10t/long,PatchFM,0.7479350792817229,0.0636873083643335,109.0,97.0
solar/w/short,PatchFM,1.052858465565332,0.1459815638436156,43.0,43.0
solar/h/short,PatchFM,0.900806691489328,0.3196094317718713,94.0,54.0
solar/h/medium,PatchFM,1.0613788888323168,0.3955237559584219,116.0,106.0
solar/h/long,PatchFM,1.2159014280723632,0.4592014018639197,116.0,111.0
us_births/d/short,PatchFM,0.3930723209994503,0.0205673011910456,73.0,69.0
bitbrains_fast_storage/h/short,PatchFM,1.0692277800857104,0.6248415744775166,66.0,38.0
loop_seattle/h/short,PatchFM,0.8452977314352628,0.0594067808990884,71.0,62.0
loop_seattle/h/medium,PatchFM,0.9554836511032592,0.0680730740211615,81.0,74.0
loop_seattle/h/long,PatchFM,0.9315106850618482,0.0675342465251727,82.0,80.0
loop_seattle/d/short,PatchFM,0.9376898772895524,0.0440559338592738,103.0,79.0
m4_hourly/h/short,PatchFM,0.7853997233830518,0.0254736205226568,64.0,79.0
bitbrains_fast_storage/5t/short,PatchFM,0.6891181561994971,0.3905497515953937,57.0,48.0
bitbrains_fast_storage/5t/medium,PatchFM,1.0548464199522452,0.7128461724940943,82.0,84.0
bitbrains_fast_storage/5t/long,PatchFM,0.9505239513923164,0.7328791396605318,77.0,70.0
m4_yearly/a/short,PatchFM,3.306417921192888,0.1148734752678934,58.0,49.0
bitbrains_rnd/h/short,PatchFM,5.879187507863083,0.7964598645029889,81.0,110.0
car_parts/m/short,PatchFM,0.8570563297519002,1.0051571776917303,65.0,66.0
us_births/w/short,PatchFM,1.0532566181387963,0.0123173877727302,58.0,56.0
saugeen/w/short,PatchFM,1.2071526372482215,0.3565018350032065,60.0,51.0
electricity/15t/short,PatchFM,0.9380699343668948,0.0821262275135946,41.0,46.0
electricity/15t/medium,PatchFM,0.910123960343974,0.0859004556505281,87.0,87.0
electricity/15t/long,PatchFM,0.9735480351000192,0.0877601597556258,90.0,94.0
hospital/m/short,PatchFM,0.7682500882810124,0.0527697640343374,65.0,68.0
m_dense/h/short,PatchFM,0.796622534699695,0.1325123503912474,70.0,64.0
m_dense/h/medium,PatchFM,0.8116154013823687,0.1317606835190969,96.0,85.0
m_dense/h/long,PatchFM,0.8856927022296591,0.1426400950235371,101.0,95.0
ett2/h/short,PatchFM,0.7346172430404747,0.0648266488346692,53.0,65.0
ett2/h/medium,PatchFM,1.0692259104434991,0.1156379247142049,85.0,93.0
ett2/h/long,PatchFM,1.1123413138681784,0.1278856521403719,92.0,105.0
m4_monthly/m/short,PatchFM,0.9359319325474648,0.0927799365784137,54.0,50.0
ett1/15t/short,PatchFM,0.746410179367411,0.1738226912373381,98.0,86.0
ett1/15t/medium,PatchFM,1.121101147316103,0.2857744249875917,101.0,99.0
ett1/15t/long,PatchFM,1.1666648937895934,0.3005703983858674,104.0,103.0
electricity/h/short,PatchFM,0.8804112609312522,0.0626695512617407,23.0,17.0
electricity/h/medium,PatchFM,1.090909492861386,0.0848273793981265,80.0,85.0
electricity/h/long,PatchFM,1.255372422519981,0.1019382608603622,88.0,91.0
ett1/h/short,PatchFM,0.8363080822618429,0.1833498482504517,76.0,71.0
ett1/h/medium,PatchFM,1.3496084441788812,0.3151258972444718,94.0,104.0
ett1/h/long,PatchFM,1.477688801438355,0.3487438000029499,108.0,110.0
loop_seattle/5t/short,PatchFM,0.5791029291254821,0.0502342986877946,83.0,80.0
loop_seattle/5t/medium,PatchFM,1.08953749443559,0.1078855984365788,105.0,106.0
loop_seattle/5t/long,PatchFM,1.1229454623604438,0.1133221295738895,107.0,107.0
solar/10t/short,PatchFM,1.1674580813142603,0.5929747891343153,103.0,90.0
solar/10t/medium,PatchFM,1.0898854085266934,0.449740278915628,104.0,97.0
solar/10t/long,PatchFM,1.212502388678551,0.4996237772353294,107.0,103.0
m4_daily/d/short,PatchFM,3.166150575320894,0.0208278038365213,18.0,17.0
saugeen/m/short,PatchFM,0.7499295350484252,0.3000398423378889,79.0,68.0
ett1/w/short,PatchFM,1.6610879493696546,0.2806880930292036,101.0,80.0
ett2/w/short,PatchFM,0.6202783305489268,0.0772661929380282,1.0,7.0
ett2/d/short,PatchFM,1.2660779824168649,0.0904441235129898,21.0,20.0
jena_weather/h/short,PatchFM,0.5221246359880984,0.0417628910636514,46.0,49.0
jena_weather/h/medium,PatchFM,0.7919685361451361,0.0504880024063391,61.0,42.0
jena_weather/h/long,PatchFM,1.0389354854254929,0.0698397438294765,77.0,94.0
bizitobs_service/10s/short,PatchFM,0.9731128020918548,0.0151051505955211,87.0,83.0
bizitobs_service/10s/medium,PatchFM,1.5943059948843072,0.0286166691480706,96.0,66.0
bizitobs_service/10s/long,PatchFM,1.988257045484427,0.060660137675829,98.0,99.0
saugeen/d/short,PatchFM,3.202422818763039,0.3884951827027014,102.0,88.0
electricity/w/short,PatchFM,1.4915224208644182,0.0486457735793569,53.0,38.0
m_dense/d/short,PatchFM,0.6761460783023937,0.0657508244329777,55.0,57.0
ett2/15t/short,PatchFM,0.8035429538339188,0.0705988065604596,96.0,91.0
ett2/15t/medium,PatchFM,0.9831779336655758,0.1114834237552363,101.0,101.0
ett2/15t/long,PatchFM,0.9923648371802312,0.1134215333133264,102.0,99.0
covid_deaths/d/short,PatchFM,38.54457583944927,0.0433200551641213,87.0,79.0
sz_taxi/15t/short,PatchFM,0.5446025714392324,0.2015443553341044,57.0,61.0
sz_taxi/15t/medium,PatchFM,0.547382601202037,0.2217682769779499,84.0,95.0
sz_taxi/15t/long,PatchFM,0.5235972951163109,0.2233233053451223,85.0,90.0
bitbrains_rnd/5t/short,PatchFM,1.6678124136715693,0.4320355093541236,68.0,74.0
bitbrains_rnd/5t/medium,PatchFM,4.4465119443038565,0.6104775776622293,72.0,36.0
bitbrains_rnd/5t/long,PatchFM,3.413630605115384,0.6950009701497932,82.0,82.0
jena_weather/d/short,PatchFM,1.0400858173276266,0.0521547237084747,45.0,92.0
kdd_cup_2018/d/short,PatchFM,1.202546605012692,0.3773509932175632,85.0,62.0
m4_quarterly/q/short,PatchFM,1.182694710498564,0.0754347409475123,61.0,54.0
bizitobs_l2c/5t/short,PatchFM,0.280878146511835,0.0762609399177396,82.0,75.0
bizitobs_l2c/5t/medium,PatchFM,2.246908155980415,1.06260852376399,129.0,129.0
bizitobs_l2c/5t/long,PatchFM,1.2788533948328318,0.7206662680390414,116.0,118.0
bitbrains_fast_storage/5t/long,PatchTST-FM-r1,0.8797694476386504,0.6834124649451816,43.0,44.0
bitbrains_fast_storage/5t/medium,PatchTST-FM-r1,0.9766616998331876,0.6216008248673692,51.0,41.0
bitbrains_fast_storage/5t/short,PatchTST-FM-r1,0.687624021348568,0.3900113374237228,56.0,47.0
bitbrains_fast_storage/h/short,PatchTST-FM-r1,1.0395623242658685,0.6349661997734519,52.0,45.0
bitbrains_rnd/5t/long,PatchTST-FM-r1,3.295938909839324,0.5610908192920235,40.0,7.0
bitbrains_rnd/5t/medium,PatchTST-FM-r1,4.373931127052579,0.595316550063181,42.0,19.0
bitbrains_rnd/5t/short,PatchTST-FM-r1,1.654129640210054,0.3990364964406948,60.0,45.0
bitbrains_rnd/h/short,PatchTST-FM-r1,5.786635360098222,0.6155677518047236,29.0,44.0
bizitobs_application/10s/long,PatchTST-FM-r1,2.785832170430785,0.0437200696812821,5.0,9.0
bizitobs_application/10s/medium,PatchTST-FM-r1,2.199273533026733,0.0344653873934104,36.0,42.0
bizitobs_application/10s/short,PatchTST-FM-r1,0.8708288126948269,0.0101856385798053,4.0,45.0
bizitobs_l2c/5t/long,PatchTST-FM-r1,0.8840677895623555,0.3626443482743184,79.0,76.0
bizitobs_l2c/5t/medium,PatchTST-FM-r1,0.6647171353147934,0.2689970352129537,75.0,71.0
bizitobs_l2c/5t/short,PatchTST-FM-r1,0.265623910275975,0.0723064029577012,49.0,54.0
bizitobs_l2c/h/long,PatchTST-FM-r1,0.5644076179043155,0.2538278972375415,44.0,27.0
bizitobs_l2c/h/medium,PatchTST-FM-r1,0.4960727680655011,0.2315709156645362,53.0,36.0
bizitobs_l2c/h/short,PatchTST-FM-r1,0.474215010550257,0.1951113630657894,65.0,60.0
bizitobs_service/10s/long,PatchTST-FM-r1,1.2238110706500405,0.047989600673952,4.0,5.0
bizitobs_service/10s/medium,PatchTST-FM-r1,0.9934111057685164,0.0218422475219499,33.0,34.0
bizitobs_service/10s/short,PatchTST-FM-r1,0.6732427289396902,0.0108681388895428,3.0,42.0
car_parts/m/short,PatchTST-FM-r1,2.008152544170945,1.4839786785310778,128.0,121.0
covid_deaths/d/short,PatchTST-FM-r1,31.882086235616217,0.0311557439650033,33.0,38.0
electricity/15t/long,PatchTST-FM-r1,0.8614837323850127,0.0724784463493436,33.0,36.0
electricity/15t/medium,PatchTST-FM-r1,0.8138964655774179,0.0726879971462578,37.0,39.0
electricity/15t/short,PatchTST-FM-r1,1.0135635292888876,0.0860886827995823,61.0,59.0
electricity/d/short,PatchTST-FM-r1,1.3954907142785902,0.0556802404124095,48.0,58.0
electricity/h/long,PatchTST-FM-r1,1.1327494687445716,0.0792597652041922,22.0,17.0
electricity/h/medium,PatchTST-FM-r1,1.0426958869592484,0.0728864767337134,31.0,34.0
electricity/h/short,PatchTST-FM-r1,1.0194697392006693,0.0724728514547487,89.0,82.0
electricity/w/short,PatchTST-FM-r1,1.592060495291272,0.0503978301945591,73.0,55.0
ett1/15t/long,PatchTST-FM-r1,0.9975315893139254,0.2293434859211032,40.0,33.0
ett1/15t/medium,PatchTST-FM-r1,1.003133508203864,0.2326261389563056,56.0,46.0
ett1/15t/short,PatchTST-FM-r1,0.6922614354916726,0.1599439473136791,65.0,55.0
ett1/d/short,PatchTST-FM-r1,1.8001913783207997,0.3055318845617347,108.0,102.0
ett1/h/long,PatchTST-FM-r1,1.476379937529955,0.2779044900053851,107.0,68.0
ett1/h/medium,PatchTST-FM-r1,1.2391395052311946,0.2513947555266528,24.0,29.0
ett1/h/short,PatchTST-FM-r1,0.8136873272543726,0.1751606472517254,46.0,37.0
ett1/w/short,PatchTST-FM-r1,1.6549116604989678,0.2935765810215489,97.0,95.0
ett2/15t/long,PatchTST-FM-r1,0.8984678195818592,0.0923703419369555,63.0,54.0
ett2/15t/medium,PatchTST-FM-r1,0.8772920978515794,0.0895866785198107,59.0,56.0
ett2/15t/short,PatchTST-FM-r1,0.7658749480647952,0.0660844741474704,77.0,68.0
ett2/d/short,PatchTST-FM-r1,1.2928396779202158,0.0903384473694837,50.0,17.0
ett2/h/long,PatchTST-FM-r1,0.995040831417387,0.0973925723377336,16.0,7.0
ett2/h/medium,PatchTST-FM-r1,1.0135360334555097,0.1005695463925868,25.0,15.0
ett2/h/short,PatchTST-FM-r1,0.7348755480676931,0.0652608323015423,55.0,71.0
ett2/w/short,PatchTST-FM-r1,0.896233871436805,0.0942490967744963,76.0,72.0
hierarchical_sales/d/short,PatchTST-FM-r1,0.7482468357996437,0.5784059482788666,72.0,61.0
hierarchical_sales/w/short,PatchTST-FM-r1,0.7148419039906404,0.3438194455876778,29.0,44.0
hospital/m/short,PatchTST-FM-r1,0.7871073345853571,0.0537095499048737,92.0,73.0
jena_weather/10t/long,PatchTST-FM-r1,0.64635107807728,0.0475573113702345,58.0,28.0
jena_weather/10t/medium,PatchTST-FM-r1,0.587514197278201,0.0465717677920455,37.0,27.0
jena_weather/10t/short,PatchTST-FM-r1,0.2604325581669295,0.0274343014370998,23.0,44.0
jena_weather/d/short,PatchTST-FM-r1,1.022871776521573,0.0474247722581613,36.0,65.0
jena_weather/h/long,PatchTST-FM-r1,0.8317077235200512,0.0536240804508476,11.0,34.0
jena_weather/h/medium,PatchTST-FM-r1,0.7337128345261501,0.0516748556370981,10.0,54.0
jena_weather/h/short,PatchTST-FM-r1,0.5219028885417614,0.0432712982592907,45.0,67.0
kdd_cup_2018/d/short,PatchTST-FM-r1,1.2302623916034487,0.3862128416556334,112.0,90.0
kdd_cup_2018/h/long,PatchTST-FM-r1,1.0297069345421592,0.449173123685721,71.0,60.0
kdd_cup_2018/h/medium,PatchTST-FM-r1,1.060904092775483,0.4330946122680242,83.0,73.0
kdd_cup_2018/h/short,PatchTST-FM-r1,0.9751485424073102,0.3980819380349292,90.0,88.0
loop_seattle/5t/long,PatchTST-FM-r1,0.7837556080896918,0.0695593905373264,19.0,24.0
loop_seattle/5t/medium,PatchTST-FM-r1,0.7216607980296514,0.0637276553609565,21.0,24.0
loop_seattle/5t/short,PatchTST-FM-r1,0.5445497668427377,0.0463043203093516,42.0,36.0
loop_seattle/d/short,PatchTST-FM-r1,0.8901067596772662,0.0431926587245215,72.0,68.0
loop_seattle/h/long,PatchTST-FM-r1,0.8652544148117627,0.0600755057884975,44.0,54.0
loop_seattle/h/medium,PatchTST-FM-r1,0.8986605913994742,0.0635027094069052,42.0,54.0
loop_seattle/h/short,PatchTST-FM-r1,0.828937412272446,0.0590219373751063,61.0,58.0
m4_daily/d/short,PatchTST-FM-r1,3.5334215705645766,0.0235971120250444,103.0,93.0
m4_hourly/h/short,PatchTST-FM-r1,0.7843335370439745,0.0202622220296083,62.0,36.0
m4_monthly/m/short,PatchTST-FM-r1,0.9653153274157986,0.0959990802466031,74.0,73.0
m4_quarterly/q/short,PatchTST-FM-r1,1.221790308597588,0.0775696831680223,77.0,67.0
m4_weekly/w/short,PatchTST-FM-r1,2.112752896936325,0.0378293568553451,69.0,57.0
m4_yearly/a/short,PatchTST-FM-r1,3.575231155520207,0.1304166953694127,95.0,93.0
m_dense/d/short,PatchTST-FM-r1,0.6755029487833056,0.0648268116345247,54.0,52.0
m_dense/h/long,PatchTST-FM-r1,0.6712664328913986,0.1093831220925856,25.0,15.0
m_dense/h/medium,PatchTST-FM-r1,0.6778659860750951,0.1124177656189065,31.0,30.0
m_dense/h/short,PatchTST-FM-r1,0.7676417394746983,0.1256220528424411,43.0,34.0
restaurant/d/short,PatchTST-FM-r1,0.6892413165154886,0.2585072165514963,61.0,57.0
saugeen/d/short,PatchTST-FM-r1,2.8548305268853613,0.3383299869241916,49.0,42.0
saugeen/m/short,PatchTST-FM-r1,0.7447688924089432,0.2905929412022678,73.0,46.0
saugeen/w/short,PatchTST-FM-r1,1.1490605546673125,0.3424756516076759,17.0,15.0
solar/10t/long,PatchTST-FM-r1,0.8333014524345763,0.3118143391638325,64.0,52.0
solar/10t/medium,PatchTST-FM-r1,0.8121506950944682,0.3057631638658959,40.0,34.0
solar/10t/short,PatchTST-FM-r1,0.8057920521254259,0.3988353127826964,24.0,23.0
solar/d/short,PatchTST-FM-r1,0.971375037839436,0.2793463047838657,50.0,66.0
solar/h/long,PatchTST-FM-r1,0.9442015292325132,0.3197422995365536,68.0,52.0
solar/h/medium,PatchTST-FM-r1,0.9147287735275224,0.327753810951106,84.0,60.0
solar/h/short,PatchTST-FM-r1,0.9043902556729688,0.3276557075139752,95.0,62.0
solar/w/short,PatchTST-FM-r1,1.053115620781112,0.1466862508824363,44.0,45.0
sz_taxi/15t/long,PatchTST-FM-r1,0.5045377086171898,0.1957735804382971,18.0,15.0
sz_taxi/15t/medium,PatchTST-FM-r1,0.5336850404624458,0.2003979898179049,25.0,13.0
sz_taxi/15t/short,PatchTST-FM-r1,0.5451107607894305,0.2007466596647954,59.0,53.0
sz_taxi/h/short,PatchTST-FM-r1,0.560211836972062,0.1349215457159464,32.0,33.0
temperature_rain/d/short,PatchTST-FM-r1,1.3460665476622526,0.5539757347660184,56.0,63.0
us_births/d/short,PatchTST-FM-r1,0.3523441113129549,0.018319605659466,55.0,53.0
us_births/m/short,PatchTST-FM-r1,0.3596739348155098,0.0089355789405207,2.0,3.0
us_births/w/short,PatchTST-FM-r1,1.1299754734535108,0.0134476966636985,76.0,76.0
bitbrains_fast_storage/5t/short,PatchTST,0.973,0.471,108.0,100.0
bitbrains_fast_storage/h/short,PatchTST,1.34,0.549,112.0,9.0
bitbrains_rnd/5t/short,PatchTST,1.98,0.474,109.0,97.0
bitbrains_rnd/h/short,PatchTST,6.11,0.603,113.0,28.0
bizitobs_application/10s/short,PatchTST,2.24,0.022,98.0,92.0
bizitobs_l2c/5t/short,PatchTST,0.266,0.0741,50.0,61.0
bizitobs_l2c/h/short,PatchTST,0.495,0.217,80.0,78.0
bizitobs_service/10s/short,PatchTST,1.24,0.0252,99.0,103.0
car_parts/m/short,PatchTST,0.797,1.0,1.0,59.0
covid_deaths/d/short,PatchTST,37.7,0.0673,85.0,102.0
electricity/15t/short,PatchTST,1.47,0.134,110.0,110.0
electricity/d/short,PatchTST,1.85,0.0828,118.0,114.0
electricity/h/short,PatchTST,1.08,0.0785,102.0,101.0
electricity/w/short,PatchTST,1.96,0.0954,111.0,111.0
ett1/15t/short,PatchTST,0.835,0.191,110.0,99.0
ett1/d/short,PatchTST,1.68,0.304,60.0,101.0
ett1/h/short,PatchTST,0.893,0.19,108.0,84.0
ett1/w/short,PatchTST,1.89,0.323,121.0,114.0
ett2/15t/short,PatchTST,0.879,0.0759,110.0,100.0
ett2/d/short,PatchTST,2.17,0.131,125.0,117.0
ett2/h/short,PatchTST,0.858,0.074,115.0,104.0
ett2/w/short,PatchTST,1.49,0.142,118.0,115.0
hierarchical_sales/d/short,PatchTST,0.756,0.59,100.0,95.0
hierarchical_sales/w/short,PatchTST,0.771,0.358,104.0,83.0
hospital/m/short,PatchTST,0.82,0.0637,109.0,111.0
jena_weather/10t/short,PatchTST,0.552,0.0639,119.0,117.0
jena_weather/d/short,PatchTST,1.39,0.0526,109.0,93.0
jena_weather/h/short,PatchTST,0.641,0.0502,114.0,104.0
kdd_cup_2018/d/short,PatchTST,1.22,0.401,101.0,105.0
kdd_cup_2018/h/short,PatchTST,1.12,0.457,115.0,104.0
loop_seattle/5t/short,PatchTST,0.744,0.0656,111.0,107.0
loop_seattle/d/short,PatchTST,0.934,0.0462,101.0,102.0
loop_seattle/h/short,PatchTST,1.07,0.0764,115.0,111.0
m_dense/d/short,PatchTST,0.732,0.07,84.0,74.0
m_dense/h/short,PatchTST,1.03,0.173,116.0,114.0
m4_daily/d/short,PatchTST,3.22,0.0228,37.0,74.0
m4_hourly/h/short,PatchTST,1.4,0.039,109.0,113.0
m4_monthly/m/short,PatchTST,1.06,0.102,106.0,92.0
m4_quarterly/q/short,PatchTST,1.32,0.0828,101.0,93.0
m4_weekly/w/short,PatchTST,2.34,0.0402,85.0,68.0
m4_yearly/a/short,PatchTST,3.29,0.117,55.0,60.0
restaurant/d/short,PatchTST,0.69,0.262,62.0,71.0
saugeen/d/short,PatchTST,3.28,0.408,108.0,100.0
saugeen/m/short,PatchTST,0.893,0.372,119.0,108.0
saugeen/w/short,PatchTST,1.55,0.484,112.0,112.0
solar/10t/short,PatchTST,2.2,1.37,128.0,126.0
solar/d/short,PatchTST,0.962,0.287,24.0,80.0
solar/h/short,PatchTST,0.954,0.34,109.0,81.0
solar/w/short,PatchTST,1.1,0.162,53.0,73.0
sz_taxi/15t/short,PatchTST,0.56,0.207,97.0,88.0
sz_taxi/h/short,PatchTST,0.591,0.144,108.0,100.0
temperature_rain/d/short,PatchTST,1.51,0.644,112.0,106.0
us_births/d/short,PatchTST,0.487,0.0249,95.0,92.0
us_births/m/short,PatchTST,0.782,0.0167,93.0,92.0
us_births/w/short,PatchTST,1.23,0.0145,87.0,85.0
bitbrains_fast_storage/5t/medium,PatchTST,1.2,0.642,104.0,58.0
bitbrains_rnd/5t/medium,PatchTST,4.65,0.62,107.0,47.0
bizitobs_application/10s/medium,PatchTST,2.77,0.0473,90.0,95.0
bizitobs_l2c/5t/medium,PatchTST,0.787,0.332,88.0,82.0
bizitobs_l2c/h/medium,PatchTST,0.537,0.263,82.0,76.0
bizitobs_service/10s/medium,PatchTST,1.49,0.0451,92.0,100.0
electricity/15t/medium,PatchTST,0.977,0.0858,97.0,86.0
electricity/h/medium,PatchTST,1.16,0.081,96.0,75.0
ett1/15t/medium,PatchTST,1.08,0.25,93.0,74.0
ett1/h/medium,PatchTST,1.39,0.273,105.0,77.0
ett2/15t/medium,PatchTST,0.933,0.0936,90.0,78.0
ett2/h/medium,PatchTST,1.27,0.125,115.0,105.0
jena_weather/10t/medium,PatchTST,0.943,0.0649,124.0,101.0
jena_weather/h/medium,PatchTST,1.09,0.0685,123.0,106.0
kdd_cup_2018/h/medium,PatchTST,1.05,0.442,65.0,86.0
loop_seattle/5t/medium,PatchTST,1.05,0.0947,101.0,98.0
loop_seattle/h/medium,PatchTST,1.03,0.0709,99.0,90.0
m_dense/h/medium,PatchTST,0.757,0.127,86.0,80.0
solar/10t/medium,PatchTST,0.913,0.356,85.0,77.0
solar/h/medium,PatchTST,0.965,0.344,99.0,75.0
sz_taxi/15t/medium,PatchTST,0.588,0.22,114.0,93.0
bitbrains_fast_storage/5t/long,PatchTST,1.14,0.669,109.0,37.0
bitbrains_rnd/5t/long,PatchTST,3.72,0.664,111.0,70.0
bizitobs_application/10s/long,PatchTST,3.19,0.0543,45.0,65.0
bizitobs_l2c/5t/long,PatchTST,0.686,0.324,71.0,69.0
bizitobs_l2c/h/long,PatchTST,0.617,0.291,86.0,73.0
bizitobs_service/10s/long,PatchTST,1.69,0.0569,92.0,93.0
electricity/15t/long,PatchTST,0.96,0.0813,88.0,74.0
electricity/h/long,PatchTST,1.39,0.104,109.0,96.0
ett1/15t/long,PatchTST,1.1,0.247,93.0,73.0
ett1/h/long,PatchTST,1.47,0.297,105.0,83.0
ett2/15t/long,PatchTST,0.961,0.0981,92.0,81.0
ett2/h/long,PatchTST,1.43,0.13,121.0,107.0
jena_weather/10t/long,PatchTST,1.07,0.0662,126.0,100.0
jena_weather/h/long,PatchTST,1.31,0.076,115.0,104.0
kdd_cup_2018/h/long,PatchTST,1.02,0.477,57.0,89.0
loop_seattle/5t/long,PatchTST,1.06,0.0954,99.0,93.0
loop_seattle/h/long,PatchTST,0.979,0.0685,92.0,88.0
m_dense/h/long,PatchTST,0.738,0.12,76.0,67.0
solar/10t/long,PatchTST,0.912,0.339,87.0,71.0
solar/h/long,PatchTST,0.978,0.353,82.0,79.0
sz_taxi/15t/long,PatchTST,0.761,0.281,124.0,118.0
bitbrains_fast_storage/5t/long,Prism,0.8390429477174025,0.6609274914257548,18.0,30.0
bitbrains_fast_storage/5t/medium,Prism,0.9291167530193344,0.6131443399848435,21.0,34.0
bitbrains_fast_storage/5t/short,Prism,0.6420901493781022,0.369257123937424,22.0,27.0
bitbrains_fast_storage/h/short,Prism,0.9494885937276898,0.6665940656554554,23.0,69.0
bitbrains_rnd/5t/long,Prism,3.2592778684577053,0.7163854028389554,19.0,88.0
bitbrains_rnd/5t/medium,Prism,4.341916014670598,0.7850039333001886,21.0,107.0
bitbrains_rnd/5t/short,Prism,1.5915829998309066,0.3903296773389463,25.0,33.0
bitbrains_rnd/h/short,Prism,5.7794672959191535,0.6883490737179009,22.0,93.0
bizitobs_application/10s/long,Prism,3.177622767142275,0.0513629615947243,43.0,34.0
bizitobs_application/10s/medium,Prism,2.247328301540805,0.0322074449169441,38.0,34.0
bizitobs_application/10s/short,Prism,1.059727015728156,0.0097993321062871,41.0,38.0
bizitobs_l2c/5t/long,Prism,0.5571983913657516,0.2499108976965008,42.0,39.0
bizitobs_l2c/5t/medium,Prism,0.507943817581403,0.2126452129722836,37.0,32.0
bizitobs_l2c/5t/short,Prism,0.2231563895596194,0.0596974335752053,21.0,22.0
bizitobs_l2c/h/long,Prism,0.557918379843916,0.2557895720596079,38.0,34.0
bizitobs_l2c/h/medium,Prism,0.4847585492383026,0.2296800157024849,30.0,26.0
bizitobs_l2c/h/short,Prism,0.4345038139377939,0.1830906953946154,45.0,28.0
bizitobs_service/10s/long,Prism,1.3128528155866257,0.0513703021199446,40.0,29.0
bizitobs_service/10s/medium,Prism,0.9778819030986752,0.0185027084594734,25.0,15.0
bizitobs_service/10s/short,Prism,0.7046566121621686,0.0100843229923904,28.0,23.0
car_parts/m/short,Prism,0.8471963615882633,0.9593765020982422,52.0,38.0
covid_deaths/d/short,Prism,31.694780637908135,0.0278922529776829,28.0,20.0
electricity/15t/long,Prism,0.8434911072753281,0.0705916887739171,15.0,16.0
electricity/15t/medium,Prism,0.7956528022961551,0.070321096059943,17.0,15.0
electricity/15t/short,Prism,0.9023447352605116,0.0778417124918192,21.0,19.0
electricity/d/short,Prism,1.3499974260444518,0.0526975225023856,10.0,6.0
electricity/h/long,Prism,1.1655767038434068,0.0839444188523085,43.0,35.0
electricity/h/medium,Prism,1.0377512064134613,0.0724585690699956,26.0,22.0
electricity/h/short,Prism,0.8621000665220291,0.0615599323270907,9.0,10.0
electricity/w/short,Prism,1.4556514981286817,0.0477796816046999,47.0,26.0
ett1/15t/long,Prism,0.9681496083570345,0.223946969183006,12.0,21.0
ett1/15t/medium,Prism,0.9703409727788136,0.225651110694848,24.0,22.0
ett1/15t/short,Prism,0.6751303370391194,0.1545881034886564,34.0,27.0
ett1/d/short,Prism,1.668925979575178,0.2732387590185615,49.0,33.0
ett1/h/long,Prism,1.3390513324859197,0.2596835797772694,26.0,22.0
ett1/h/medium,Prism,1.2510304455358936,0.252158325609036,39.0,35.0
ett1/h/short,Prism,0.7916444942472194,0.1715514514444762,22.0,23.0
ett1/w/short,Prism,1.5997326838841468,0.2647854124493815,77.0,56.0
ett2/15t/long,Prism,0.8682366630441365,0.0905228965211372,27.0,33.0
ett2/15t/medium,Prism,0.8496860691079865,0.0874089318459184,27.0,33.0
ett2/15t/short,Prism,0.7190359673103814,0.0630541490349693,29.0,38.0
ett2/d/short,Prism,1.3872419814903154,0.097939463216265,85.0,85.0
ett2/h/long,Prism,1.0073185241654543,0.1008751401096906,31.0,24.0
ett2/h/medium,Prism,1.03176967421094,0.1032890601791122,53.0,43.0
ett2/h/short,Prism,0.7225870610103443,0.0633195469845714,31.0,30.0
ett2/w/short,Prism,0.7115356691089744,0.0820949195026492,7.0,16.0
hierarchical_sales/d/short,Prism,0.7402255952623895,0.5681010382644816,18.0,16.0
hierarchical_sales/w/short,Prism,0.7161050065106841,0.3423681149842546,35.0,34.0
hospital/m/short,Prism,0.7475621711287562,0.0496495884207088,26.0,28.0
jena_weather/10t/long,Prism,0.6243021703729421,0.0476357459084167,27.0,31.0
jena_weather/10t/medium,Prism,0.580372738324695,0.0466672605629468,31.0,28.0
jena_weather/10t/short,Prism,0.2627031308877151,0.0272647281745552,27.0,36.0
jena_weather/d/short,Prism,1.067876330324088,0.0446835253817173,60.0,28.0
jena_weather/h/long,Prism,0.9324103416453652,0.0530056487023337,38.0,25.0
jena_weather/h/medium,Prism,0.7700394148773068,0.0480030430547664,42.0,12.0
jena_weather/h/short,Prism,0.5171236623044337,0.040476131527044,27.0,20.0
kdd_cup_2018/d/short,Prism,1.186355442807186,0.3734036025929623,35.0,33.0
kdd_cup_2018/h/long,Prism,1.0079538657167142,0.4404588938171953,42.0,43.0
kdd_cup_2018/h/medium,Prism,1.0276048575912724,0.4164714092497082,33.0,34.0
kdd_cup_2018/h/short,Prism,0.9200633953366306,0.3693061010800847,37.0,36.0
loop_seattle/5t/long,Prism,0.8227125781170083,0.0727177985669657,42.0,42.0
loop_seattle/5t/medium,Prism,0.7542543005522603,0.0667997055653464,40.0,40.0
loop_seattle/5t/short,Prism,0.5363449872980407,0.0456465660345903,17.0,16.0
loop_seattle/d/short,Prism,0.8630917975904501,0.0413305350794739,24.0,23.0
loop_seattle/h/long,Prism,0.8392772888886442,0.0568515063294448,27.0,21.0
loop_seattle/h/medium,Prism,0.8443122969084883,0.0580790912637147,23.0,22.0
loop_seattle/h/short,Prism,0.7814466341360049,0.0541991739876574,29.0,25.0
m4_daily/d/short,Prism,3.196397929056459,0.0209090859733069,28.0,20.0
m4_hourly/h/short,Prism,0.6606093431035451,0.0192081750892278,18.0,17.0
m4_monthly/m/short,Prism,0.903381371422668,0.0904621813568703,22.0,29.0
m4_quarterly/q/short,Prism,1.1318861333806054,0.0720186702611518,15.0,15.0
m4_weekly/w/short,Prism,1.8794233113431131,0.0350620081998692,24.0,16.0
m4_yearly/a/short,Prism,3.279927867517019,0.1135929413147846,53.0,42.0
m_dense/d/short,Prism,0.6259123876175695,0.0598262494187198,19.0,24.0
m_dense/h/long,Prism,0.6644463617212772,0.1097322802643933,17.0,19.0
m_dense/h/medium,Prism,0.6697898673606796,0.1111040738310262,14.0,13.0
m_dense/h/short,Prism,0.7490759988431013,0.1225213353564926,19.0,13.0
restaurant/d/short,Prism,0.6779802649375704,0.2539194211765718,35.0,21.0
saugeen/d/short,Prism,2.926300556086079,0.3443620674322731,64.0,50.0
saugeen/m/short,Prism,0.7214225728198167,0.2871553275586734,33.0,32.0
saugeen/w/short,Prism,1.1780127988440068,0.3477272950319767,39.0,30.0
solar/10t/long,Prism,0.7918034271581409,0.2934327517638311,29.0,27.0
solar/10t/medium,Prism,0.7972663774700698,0.2969278970602769,30.0,25.0
solar/10t/short,Prism,0.8544110388026221,0.4298360768184523,41.0,38.0
solar/d/short,Prism,0.9605357823406404,0.2720766987787015,20.0,28.0
solar/h/long,Prism,0.8711341418363443,0.2981487600001556,43.0,40.0
solar/h/medium,Prism,0.8429224690515111,0.2985132769400087,49.0,35.0
solar/h/short,Prism,0.8253369142890177,0.2981164889529942,43.0,40.0
solar/w/short,Prism,1.125482914932714,0.1513030592965606,63.0,58.0
sz_taxi/15t/long,Prism,0.5038889145305745,0.19659710906891,13.0,22.0
sz_taxi/15t/medium,Prism,0.53295464488162,0.2006678000089103,19.0,20.0
sz_taxi/15t/short,Prism,0.5391502148275733,0.1985054240396696,9.0,10.0
sz_taxi/h/short,Prism,0.5581558154902266,0.1341396669451233,20.0,13.0
temperature_rain/d/short,Prism,1.3209219922776665,0.5407707895588441,28.0,21.0
us_births/d/short,Prism,0.3137833357567107,0.0163013967208702,18.0,27.0
us_births/m/short,Prism,0.6111887902715386,0.0123641025936804,37.0,27.0
us_births/w/short,Prism,0.915958367583644,0.0107384082044307,29.0,27.0
bitbrains_fast_storage/5t/long,RAES-Conductance-Ensemble-V,0.9175259515459168,0.806582678819368,66.0,91.0
bitbrains_fast_storage/5t/medium,RAES-Conductance-Ensemble-V,0.922678293654104,0.5958079628067434,15.0,22.0
bitbrains_fast_storage/5t/short,RAES-Conductance-Ensemble-V,0.6200028711994859,0.3449510223541225,9.0,5.0
bitbrains_fast_storage/h/short,RAES-Conductance-Ensemble-V,1.067530549075558,0.6148646641207637,62.0,32.0
bitbrains_rnd/5t/long,RAES-Conductance-Ensemble-V,3.242298077038253,0.6077673418895261,9.0,31.0
bitbrains_rnd/5t/medium,RAES-Conductance-Ensemble-V,4.399678168790492,0.5960801450218078,57.0,20.0
bitbrains_rnd/5t/short,RAES-Conductance-Ensemble-V,1.5801923163973,0.3726048701457872,20.0,11.0
bitbrains_rnd/h/short,RAES-Conductance-Ensemble-V,5.809325524504389,0.6697196831892436,45.0,85.0
bizitobs_application/10s/long,RAES-Conductance-Ensemble-V,3.2731282365695806,0.0546884051520137,67.0,72.0
bizitobs_application/10s/medium,RAES-Conductance-Ensemble-V,2.468208258396144,0.0409816328832849,64.0,78.0
bizitobs_application/10s/short,RAES-Conductance-Ensemble-V,0.9533217933281294,0.0096823635360575,14.0,33.0
bizitobs_l2c/5t/long,RAES-Conductance-Ensemble-V,0.6064908389649042,0.2691925154345478,52.0,46.0
bizitobs_l2c/5t/medium,RAES-Conductance-Ensemble-V,0.6215585080121612,0.2518559736324187,68.0,62.0
bizitobs_l2c/5t/short,RAES-Conductance-Ensemble-V,0.2312076882805537,0.0612583061660722,25.0,23.0
bizitobs_l2c/h/long,RAES-Conductance-Ensemble-V,0.6107828837342615,0.3212908221211429,78.0,84.0
bizitobs_l2c/h/medium,RAES-Conductance-Ensemble-V,0.5085751385579764,0.2738149897555715,68.0,80.0
bizitobs_l2c/h/short,RAES-Conductance-Ensemble-V,0.4206393707854118,0.1818618572725514,19.0,26.0
bizitobs_service/10s/long,RAES-Conductance-Ensemble-V,1.2999944719663274,0.0525573483541307,32.0,59.0
bizitobs_service/10s/medium,RAES-Conductance-Ensemble-V,1.0598884646645204,0.0254394413358957,55.0,59.0
bizitobs_service/10s/short,RAES-Conductance-Ensemble-V,0.6779335158674583,0.0100787305028287,9.0,20.0
car_parts/m/short,RAES-Conductance-Ensemble-V,0.8265859812656304,0.9362376936552526,14.0,14.0
covid_deaths/d/short,RAES-Conductance-Ensemble-V,32.4033037623041,0.0351764039262792,40.0,57.0
electricity/15t/long,RAES-Conductance-Ensemble-V,0.8734206282026211,0.073492925637171,45.0,43.0
electricity/15t/medium,RAES-Conductance-Ensemble-V,0.8065806527146451,0.0718746948833012,30.0,33.0
electricity/15t/short,RAES-Conductance-Ensemble-V,0.8698200926782048,0.0770716291350567,10.0,16.0
electricity/d/short,RAES-Conductance-Ensemble-V,1.3720676574604302,0.0553920027625684,28.0,55.0
electricity/h/long,RAES-Conductance-Ensemble-V,1.1939151002651027,0.0873057072606496,62.0,51.0
electricity/h/medium,RAES-Conductance-Ensemble-V,1.0709101012240496,0.0758640393497007,63.0,54.0
electricity/h/short,RAES-Conductance-Ensemble-V,0.909135424026812,0.0638223276685304,43.0,29.0
electricity/w/short,RAES-Conductance-Ensemble-V,1.441642831368594,0.0480167449252143,40.0,31.0
ett1/15t/long,RAES-Conductance-Ensemble-V,1.0201425842035992,0.2344642962226429,64.0,50.0
ett1/15t/medium,RAES-Conductance-Ensemble-V,0.9866617499147118,0.2296594749041156,43.0,35.0
ett1/15t/short,RAES-Conductance-Ensemble-V,0.6757486792035314,0.1583436594203357,37.0,47.0
ett1/d/short,RAES-Conductance-Ensemble-V,1.6268802155402076,0.2694105148257508,22.0,19.0
ett1/h/long,RAES-Conductance-Ensemble-V,1.320468619618736,0.2578012583777631,9.0,14.0
ett1/h/medium,RAES-Conductance-Ensemble-V,1.2358423099129645,0.2521342126901391,20.0,33.0
ett1/h/short,RAES-Conductance-Ensemble-V,0.7623901840518769,0.1654812363842035,5.0,6.0
ett1/w/short,RAES-Conductance-Ensemble-V,1.5982539655140044,0.2777921735695488,75.0,76.0
ett2/15t/long,RAES-Conductance-Ensemble-V,0.8875582834681649,0.0919988009418233,52.0,53.0
ett2/15t/medium,RAES-Conductance-Ensemble-V,0.8389078300137479,0.085746076875175,8.0,7.0
ett2/15t/short,RAES-Conductance-Ensemble-V,0.7093860067151916,0.0621864152604938,18.0,27.0
ett2/d/short,RAES-Conductance-Ensemble-V,1.3032064692451444,0.0925549136379072,58.0,51.0
ett2/h/long,RAES-Conductance-Ensemble-V,1.0058152793161976,0.1014411653638859,27.0,28.0
ett2/h/medium,RAES-Conductance-Ensemble-V,1.0410474697006191,0.1065719030613471,64.0,64.0
ett2/h/short,RAES-Conductance-Ensemble-V,0.7139784255181884,0.0618627070558545,8.0,10.0
ett2/w/short,RAES-Conductance-Ensemble-V,0.764458895037411,0.0842624559983792,21.0,31.0
hierarchical_sales/d/short,RAES-Conductance-Ensemble-V,0.7407427684755963,0.572076884921414,28.0,36.0
hierarchical_sales/w/short,RAES-Conductance-Ensemble-V,0.6854002745407285,0.3211399395772934,1.0,2.0
hospital/m/short,RAES-Conductance-Ensemble-V,0.7524566437332738,0.0494552858300345,34.0,27.0
jena_weather/10t/long,RAES-Conductance-Ensemble-V,0.6356543499196855,0.0497186559198182,42.0,55.0
jena_weather/10t/medium,RAES-Conductance-Ensemble-V,0.5843974361136091,0.0479391516803501,33.0,45.0
jena_weather/10t/short,RAES-Conductance-Ensemble-V,0.2552642161301929,0.0266464426701613,12.0,21.0
jena_weather/d/short,RAES-Conductance-Ensemble-V,1.0149596965679488,0.044377717200187,31.0,19.0
jena_weather/h/long,RAES-Conductance-Ensemble-V,1.0062329191033816,0.0594422962081929,62.0,63.0
jena_weather/h/medium,RAES-Conductance-Ensemble-V,0.7583724119888156,0.0527878734155491,30.0,60.0
jena_weather/h/short,RAES-Conductance-Ensemble-V,0.5237387827793283,0.0408186768962738,55.0,26.0
kdd_cup_2018/d/short,RAES-Conductance-Ensemble-V,1.1944194534016244,0.3683556425056478,57.0,14.0
kdd_cup_2018/h/long,RAES-Conductance-Ensemble-V,0.8475699066641171,0.3696933379125122,15.0,13.0
kdd_cup_2018/h/medium,RAES-Conductance-Ensemble-V,0.9271563572808408,0.3780848080864067,17.0,19.0
kdd_cup_2018/h/short,RAES-Conductance-Ensemble-V,0.8634513168348521,0.3532140906822855,20.0,22.0
loop_seattle/5t/long,RAES-Conductance-Ensemble-V,0.5637098428613059,0.0497943056833955,2.0,3.0
loop_seattle/5t/medium,RAES-Conductance-Ensemble-V,0.4482860477414464,0.0382888798638813,1.0,1.0
loop_seattle/5t/short,RAES-Conductance-Ensemble-V,0.486355494649514,0.0413344236947894,4.0,2.0
loop_seattle/d/short,RAES-Conductance-Ensemble-V,0.8945066285162865,0.0428532569745227,78.0,62.0
loop_seattle/h/long,RAES-Conductance-Ensemble-V,0.8755626419228728,0.0595073925097561,56.0,47.0
loop_seattle/h/medium,RAES-Conductance-Ensemble-V,0.9099620216989204,0.0626733900660799,55.0,44.0
loop_seattle/h/short,RAES-Conductance-Ensemble-V,0.8160503986948947,0.0568692769776765,46.0,38.0
m4_daily/d/short,RAES-Conductance-Ensemble-V,3.233807552606445,0.0209858187881594,42.0,25.0
m4_hourly/h/short,RAES-Conductance-Ensemble-V,0.7219547618634579,0.0201459036319966,40.0,29.0
m4_monthly/m/short,RAES-Conductance-Ensemble-V,0.9032173557848354,0.0898521683179074,20.0,20.0
m4_quarterly/q/short,RAES-Conductance-Ensemble-V,1.145633171475027,0.0728439311846101,34.0,24.0
m4_weekly/w/short,RAES-Conductance-Ensemble-V,1.906738629347018,0.0372381754841812,29.0,49.0
m4_yearly/a/short,RAES-Conductance-Ensemble-V,3.2361825533652184,0.1115437487478533,48.0,33.0
m_dense/d/short,RAES-Conductance-Ensemble-V,0.6615476773477059,0.0644115399389352,49.0,51.0
m_dense/h/long,RAES-Conductance-Ensemble-V,0.7182017187015375,0.1195886188933337,67.0,65.0
m_dense/h/medium,RAES-Conductance-Ensemble-V,0.7038857650150354,0.1200467539418873,63.0,67.0
m_dense/h/short,RAES-Conductance-Ensemble-V,0.7645411861800249,0.1286803400103826,35.0,54.0
restaurant/d/short,RAES-Conductance-Ensemble-V,0.6776595357377769,0.2543246080761276,26.0,27.0
saugeen/d/short,RAES-Conductance-Ensemble-V,2.7013977534383917,0.3284346049797301,18.0,20.0
saugeen/m/short,RAES-Conductance-Ensemble-V,0.6693880695793137,0.2684195684426729,3.0,3.0
saugeen/w/short,RAES-Conductance-Ensemble-V,0.7440621388949744,0.2290855828453788,3.0,3.0
solar/10t/long,RAES-Conductance-Ensemble-V,0.7977538496016522,0.2927285203840797,38.0,26.0
solar/10t/medium,RAES-Conductance-Ensemble-V,0.7964366428333357,0.2939822557613379,27.0,16.0
solar/10t/short,RAES-Conductance-Ensemble-V,0.6575393814029155,0.3503722276966048,8.0,7.0
solar/d/short,RAES-Conductance-Ensemble-V,0.9774305766995088,0.272309000004324,58.0,29.0
solar/h/long,RAES-Conductance-Ensemble-V,0.825998981411415,0.2865623361756594,33.0,31.0
solar/h/medium,RAES-Conductance-Ensemble-V,0.7835041073960479,0.2849643391941943,30.0,29.0
solar/h/short,RAES-Conductance-Ensemble-V,0.7441310898630435,0.2729783198944448,30.0,30.0
solar/w/short,RAES-Conductance-Ensemble-V,1.1966747520613688,0.1626926969669321,79.0,75.0
sz_taxi/15t/long,RAES-Conductance-Ensemble-V,0.5068196787497227,0.2023465474045823,39.0,68.0
sz_taxi/15t/medium,RAES-Conductance-Ensemble-V,0.5345758787491293,0.2020523302401886,34.0,44.0
sz_taxi/15t/short,RAES-Conductance-Ensemble-V,0.5419250704615644,0.1995325610904478,30.0,31.0
sz_taxi/h/short,RAES-Conductance-Ensemble-V,0.5614309099173259,0.1354020882955285,51.0,48.0
temperature_rain/d/short,RAES-Conductance-Ensemble-V,1.3007495402783231,0.5257566873227283,4.0,4.0
us_births/d/short,RAES-Conductance-Ensemble-V,0.3186777958568058,0.016058372725499,27.0,20.0
us_births/m/short,RAES-Conductance-Ensemble-V,0.4581106278386818,0.0094270329800251,9.0,5.0
us_births/w/short,RAES-Conductance-Ensemble-V,0.9105734103058506,0.0105102396407876,27.0,17.0
bitbrains_fast_storage/5t/long,RAES-Conductance-Ensemble,1.0443920730904832,0.6125487178695066,100.0,12.0
bitbrains_fast_storage/5t/medium,RAES-Conductance-Ensemble,0.922678293654104,0.5958079628067434,15.0,22.0
bitbrains_fast_storage/5t/short,RAES-Conductance-Ensemble,0.6200028711994859,0.3449510223541225,9.0,5.0
bitbrains_fast_storage/h/short,RAES-Conductance-Ensemble,0.9340666313475648,0.6368159765025884,15.0,46.0
bitbrains_rnd/5t/long,RAES-Conductance-Ensemble,3.242298077038253,0.6077673418895261,9.0,31.0
bitbrains_rnd/5t/medium,RAES-Conductance-Ensemble,4.321594108112,0.6587433484855357,14.0,76.0
bitbrains_rnd/5t/short,RAES-Conductance-Ensemble,1.5801923163973,0.3726048701457872,20.0,11.0
bitbrains_rnd/h/short,RAES-Conductance-Ensemble,5.784190120063003,0.6381817989508932,28.0,60.0
bizitobs_application/10s/long,RAES-Conductance-Ensemble,2.9496628553199304,0.0453959711241642,14.0,11.0
bizitobs_application/10s/medium,RAES-Conductance-Ensemble,2.106245147659174,0.0314587238719329,22.0,28.0
bizitobs_application/10s/short,RAES-Conductance-Ensemble,0.9533217933281294,0.0096823635360575,14.0,33.0
bizitobs_l2c/5t/long,RAES-Conductance-Ensemble,0.5799223022107011,0.3000969346611913,44.0,65.0
bizitobs_l2c/5t/medium,RAES-Conductance-Ensemble,0.5360136266444104,0.2606326957113618,49.0,69.0
bizitobs_l2c/5t/short,RAES-Conductance-Ensemble,0.2312076882805537,0.0612583061660722,25.0,23.0
bizitobs_l2c/h/long,RAES-Conductance-Ensemble,0.5656318033489568,0.2607088967320204,48.0,42.0
bizitobs_l2c/h/medium,RAES-Conductance-Ensemble,0.4842278382283201,0.2284694743490933,28.0,21.0
bizitobs_l2c/h/short,RAES-Conductance-Ensemble,0.406016475451965,0.1729898254179938,7.0,7.0
bizitobs_service/10s/long,RAES-Conductance-Ensemble,1.3255743636958244,0.0511030143861602,48.0,22.0
bizitobs_service/10s/medium,RAES-Conductance-Ensemble,1.0111182526029088,0.0230732061885398,38.0,42.0
bizitobs_service/10s/short,RAES-Conductance-Ensemble,0.6779335158674583,0.0100787305028287,9.0,20.0
car_parts/m/short,RAES-Conductance-Ensemble,0.8265859812656304,0.9362376936552526,14.0,14.0
covid_deaths/d/short,RAES-Conductance-Ensemble,32.50570150751666,0.0301165004481775,41.0,33.0
electricity/15t/long,RAES-Conductance-Ensemble,0.8734206282026211,0.073492925637171,45.0,43.0
electricity/15t/medium,RAES-Conductance-Ensemble,0.8065806527146451,0.0718746948833012,30.0,33.0
electricity/15t/short,RAES-Conductance-Ensemble,0.8698200926782048,0.0770716291350567,10.0,16.0
electricity/d/short,RAES-Conductance-Ensemble,1.4109550224510583,0.0543791946946559,53.0,39.0
electricity/h/long,RAES-Conductance-Ensemble,1.1939151002651027,0.0873057072606496,62.0,51.0
electricity/h/medium,RAES-Conductance-Ensemble,1.0648926200866002,0.0760280620938358,52.0,59.0
electricity/h/short,RAES-Conductance-Ensemble,0.8733264019238164,0.0636413804672506,16.0,26.0
electricity/w/short,RAES-Conductance-Ensemble,1.441642831368594,0.0480167449252143,40.0,31.0
ett1/15t/long,RAES-Conductance-Ensemble,1.0033619393156958,0.2346837886085893,47.0,53.0
ett1/15t/medium,RAES-Conductance-Ensemble,0.9866617499147118,0.2296594749041156,43.0,35.0
ett1/15t/short,RAES-Conductance-Ensemble,0.6757486792035314,0.1583436594203357,37.0,47.0
ett1/d/short,RAES-Conductance-Ensemble,1.6268802155402076,0.2694105148257508,22.0,19.0
ett1/h/long,RAES-Conductance-Ensemble,1.320468619618736,0.2578012583777631,9.0,14.0
ett1/h/medium,RAES-Conductance-Ensemble,1.2358423099129645,0.2521342126901391,20.0,33.0
ett1/h/short,RAES-Conductance-Ensemble,0.7623901840518769,0.1654812363842035,5.0,6.0
ett1/w/short,RAES-Conductance-Ensemble,1.4887368649626236,0.2488434917376042,24.0,15.0
ett2/15t/long,RAES-Conductance-Ensemble,0.865588103080407,0.0908678079647659,21.0,40.0
ett2/15t/medium,RAES-Conductance-Ensemble,0.8389078300137479,0.085746076875175,8.0,7.0
ett2/15t/short,RAES-Conductance-Ensemble,0.7182191401619986,0.0625187500434547,28.0,33.0
ett2/d/short,RAES-Conductance-Ensemble,1.302859964648419,0.0930063041605588,55.0,55.0
ett2/h/long,RAES-Conductance-Ensemble,1.0024498273154676,0.1036210483691943,22.0,42.0
ett2/h/medium,RAES-Conductance-Ensemble,1.0410474697006191,0.1065719030613471,64.0,64.0
ett2/h/short,RAES-Conductance-Ensemble,0.7233983581245197,0.0637036268128176,32.0,39.0
ett2/w/short,RAES-Conductance-Ensemble,0.764458895037411,0.0842624559983792,21.0,31.0
hierarchical_sales/d/short,RAES-Conductance-Ensemble,0.7452318517562532,0.57021661897156,53.0,30.0
hierarchical_sales/w/short,RAES-Conductance-Ensemble,0.6854002745407285,0.3211399395772934,1.0,2.0
hospital/m/short,RAES-Conductance-Ensemble,0.7399125297012613,0.050963799079948,9.0,45.0
jena_weather/10t/long,RAES-Conductance-Ensemble,0.6356543499196855,0.0497186559198182,42.0,55.0
jena_weather/10t/medium,RAES-Conductance-Ensemble,0.5843974361136091,0.0479391516803501,33.0,45.0
jena_weather/10t/short,RAES-Conductance-Ensemble,0.2552642161301929,0.0266464426701613,12.0,21.0
jena_weather/d/short,RAES-Conductance-Ensemble,1.015231344699943,0.0434484194399854,33.0,9.0
jena_weather/h/long,RAES-Conductance-Ensemble,1.0634684102659264,0.0600397360219644,88.0,65.0
jena_weather/h/medium,RAES-Conductance-Ensemble,0.7559174880367251,0.0501769537541034,25.0,35.0
jena_weather/h/short,RAES-Conductance-Ensemble,0.5237387827793283,0.0408186768962738,55.0,26.0
kdd_cup_2018/d/short,RAES-Conductance-Ensemble,1.1944194534016244,0.3683556425056478,57.0,14.0
kdd_cup_2018/h/long,RAES-Conductance-Ensemble,0.6892237964636211,0.2930382733703112,2.0,2.0
kdd_cup_2018/h/medium,RAES-Conductance-Ensemble,0.7007764623836793,0.2931766990454932,2.0,3.0
kdd_cup_2018/h/short,RAES-Conductance-Ensemble,0.6006888748324801,0.2464258778520004,2.0,1.0
loop_seattle/5t/long,RAES-Conductance-Ensemble,0.5637098428613059,0.0497943056833955,2.0,3.0
loop_seattle/5t/medium,RAES-Conductance-Ensemble,0.4482860477414464,0.0382888798638813,1.0,1.0
loop_seattle/5t/short,RAES-Conductance-Ensemble,0.486355494649514,0.0413344236947894,4.0,2.0
loop_seattle/d/short,RAES-Conductance-Ensemble,0.8746456799287617,0.0420973980892947,43.0,43.0
loop_seattle/h/long,RAES-Conductance-Ensemble,0.8764963647400226,0.0595177946399549,57.0,48.0
loop_seattle/h/medium,RAES-Conductance-Ensemble,0.9214794547620312,0.063440164767849,63.0,53.0
loop_seattle/h/short,RAES-Conductance-Ensemble,0.8160503986948947,0.0568692769776765,46.0,38.0
m4_daily/d/short,RAES-Conductance-Ensemble,3.071015265733801,0.0200561279390167,6.0,3.0
m4_hourly/h/short,RAES-Conductance-Ensemble,0.7219547618634579,0.0201459036319966,40.0,29.0
m4_monthly/m/short,RAES-Conductance-Ensemble,0.9032173557848354,0.0898521683179074,20.0,20.0
m4_quarterly/q/short,RAES-Conductance-Ensemble,1.145633171475027,0.0728439311846101,34.0,24.0
m4_weekly/w/short,RAES-Conductance-Ensemble,1.906738629347018,0.0372381754841812,29.0,49.0
m4_yearly/a/short,RAES-Conductance-Ensemble,3.631520881868262,0.1196628789093388,97.0,74.0
m_dense/d/short,RAES-Conductance-Ensemble,0.606446723180965,0.0575215679256589,9.0,9.0
m_dense/h/long,RAES-Conductance-Ensemble,0.6921616420050364,0.1175789645498156,50.0,57.0
m_dense/h/medium,RAES-Conductance-Ensemble,0.7329615172873334,0.1211465830386762,80.0,70.0
m_dense/h/short,RAES-Conductance-Ensemble,0.7753901778390799,0.1250250747877495,48.0,31.0
restaurant/d/short,RAES-Conductance-Ensemble,0.6776595357377769,0.2543246080761276,26.0,27.0
saugeen/d/short,RAES-Conductance-Ensemble,2.701397753438392,0.3284346049797301,19.0,20.0
saugeen/m/short,RAES-Conductance-Ensemble,0.6693880695793137,0.2684195684426729,3.0,3.0
saugeen/w/short,RAES-Conductance-Ensemble,1.169891688668235,0.3498849603433383,28.0,37.0
solar/10t/long,RAES-Conductance-Ensemble,0.7801731508182236,0.3034476841232946,16.0,42.0
solar/10t/medium,RAES-Conductance-Ensemble,0.7964366428333357,0.2939822557613379,27.0,16.0
solar/10t/short,RAES-Conductance-Ensemble,0.6575393814029155,0.3503722276966048,8.0,7.0
solar/d/short,RAES-Conductance-Ensemble,0.9774305766995088,0.272309000004324,58.0,29.0
solar/h/long,RAES-Conductance-Ensemble,0.825998981411415,0.2865623361756594,33.0,31.0
solar/h/medium,RAES-Conductance-Ensemble,0.7835041073960479,0.2849643391941943,30.0,29.0
solar/h/short,RAES-Conductance-Ensemble,0.7441310898630435,0.2729783198944448,30.0,30.0
solar/w/short,RAES-Conductance-Ensemble,0.9796914798848104,0.132578599855591,19.0,14.0
sz_taxi/15t/long,RAES-Conductance-Ensemble,0.5068196787497227,0.2023465474045823,39.0,68.0
sz_taxi/15t/medium,RAES-Conductance-Ensemble,0.5346223794667724,0.2020288543789658,35.0,43.0
sz_taxi/15t/short,RAES-Conductance-Ensemble,0.5419250704615644,0.1995325610904478,30.0,31.0
sz_taxi/h/short,RAES-Conductance-Ensemble,0.561053714127632,0.1350022666169541,50.0,37.0
temperature_rain/d/short,RAES-Conductance-Ensemble,1.3007495402783231,0.5257566873227283,4.0,4.0
us_births/d/short,RAES-Conductance-Ensemble,0.3186777958568058,0.016058372725499,27.0,20.0
us_births/m/short,RAES-Conductance-Ensemble,0.6021487623089168,0.01244808623583,31.0,31.0
us_births/w/short,RAES-Conductance-Ensemble,0.871368351817683,0.0108180496375784,10.0,29.0
loop_seattle/5t/short,RacineCast-1-NC,0.5393770317958407,0.0458510233356869,27.0,24.0
loop_seattle/5t/medium,RacineCast-1-NC,0.7241214687470308,0.0636111682926294,24.0,23.0
loop_seattle/5t/long,RacineCast-1-NC,0.7901059862593817,0.0694704628003658,27.0,23.0
loop_seattle/d/short,RacineCast-1-NC,0.8584336464243211,0.0412591217613016,13.0,19.0
loop_seattle/h/short,RacineCast-1-NC,0.7698400681953009,0.053443450378554,23.0,22.0
loop_seattle/h/medium,RacineCast-1-NC,0.8242623141347286,0.0565470127387216,16.0,17.0
loop_seattle/h/long,RacineCast-1-NC,0.825371095606186,0.0558400685932816,19.0,16.0
m_dense/d/short,RacineCast-1-NC,0.6337240950915833,0.0610223878459531,30.0,32.0
m_dense/h/short,RacineCast-1-NC,0.7363048546132152,0.1213807972159611,8.0,10.0
m_dense/h/medium,RacineCast-1-NC,0.6765608452935511,0.1118107114665909,27.0,20.0
m_dense/h/long,RacineCast-1-NC,0.6684560006291135,0.1115212032348926,21.0,27.0
sz_taxi/15t/short,RacineCast-1-NC,0.5398706375111004,0.1987186820684886,15.0,17.0
sz_taxi/15t/medium,RacineCast-1-NC,0.5328234506558843,0.2004391931376478,15.0,15.0
sz_taxi/15t/long,RacineCast-1-NC,0.5056159285329425,0.1976138739035983,24.0,32.0
sz_taxi/h/short,RacineCast-1-NC,0.5578478473798386,0.1342184838512632,17.0,19.0
bitbrains_fast_storage/5t/short,RacineCast-1-NC,0.6211655653174548,0.3510944071348423,11.0,15.0
bitbrains_fast_storage/5t/medium,RacineCast-1-NC,0.9214467901547028,0.6052314413058304,14.0,28.0
bitbrains_fast_storage/5t/long,RacineCast-1-NC,0.8271596990801724,0.6454067435383669,15.0,23.0
bitbrains_fast_storage/h/short,RacineCast-1-NC,0.9308869739236764,0.6588561212202122,11.0,62.0
bitbrains_rnd/5t/short,RacineCast-1-NC,1.577614496677107,0.377537233799028,16.0,21.0
bitbrains_rnd/5t/medium,RacineCast-1-NC,4.320249192400397,0.6640566037829252,12.0,81.0
bitbrains_rnd/5t/long,RacineCast-1-NC,3.244382923772648,0.6358773303160027,11.0,57.0
bitbrains_rnd/h/short,RacineCast-1-NC,5.768953436823789,0.6503268202133674,18.0,71.0
bizitobs_application/10s/short,RacineCast-1-NC,0.9548585850222758,0.0097142932943232,16.0,36.0
bizitobs_application/10s/medium,RacineCast-1-NC,2.360774310724525,0.0371628970018422,50.0,54.0
bizitobs_application/10s/long,RacineCast-1-NC,3.212752446223704,0.0532996621124005,49.0,56.0
bizitobs_l2c/5t/short,RacineCast-1-NC,0.2095998801825781,0.0551008169926736,14.0,14.0
bizitobs_l2c/5t/medium,RacineCast-1-NC,0.4725742567164778,0.1953719290570531,23.0,20.0
bizitobs_l2c/5t/long,RacineCast-1-NC,0.4948150832910403,0.2153209530143032,26.0,19.0
bizitobs_l2c/h/short,RacineCast-1-NC,0.43221605596358,0.1847817125018463,40.0,39.0
bizitobs_l2c/h/medium,RacineCast-1-NC,0.4825493540202819,0.2297328683436247,24.0,27.0
bizitobs_l2c/h/long,RacineCast-1-NC,0.5430469728133942,0.2487568877477249,15.0,13.0
bizitobs_service/10s/short,RacineCast-1-NC,0.6840545295339372,0.0098465787187014,15.0,9.0
bizitobs_service/10s/medium,RacineCast-1-NC,0.9901374408566797,0.0214231676730977,31.0,32.0
bizitobs_service/10s/long,RacineCast-1-NC,1.2825050534200113,0.0518284420517472,15.0,38.0
car_parts/m/short,RacineCast-1-NC,0.9006347205769348,1.0317827234082948,91.0,79.0
covid_deaths/d/short,RacineCast-1-NC,29.4187306727566,0.0271307266365797,9.0,16.0
electricity/15t/short,RacineCast-1-NC,0.945493507022175,0.0800674200275499,46.0,33.0
electricity/15t/medium,RacineCast-1-NC,0.7914132567543297,0.0701631703567067,11.0,10.0
electricity/15t/long,RacineCast-1-NC,0.8418461332145774,0.0703952464746656,11.0,10.0
electricity/d/short,RacineCast-1-NC,1.3508121185973423,0.0530828817540657,12.0,13.0
electricity/h/short,RacineCast-1-NC,0.9223976089408132,0.0655246986903892,48.0,47.0
electricity/h/medium,RacineCast-1-NC,1.0302860293426606,0.0724998866000661,21.0,23.0
electricity/h/long,RacineCast-1-NC,1.138684579237815,0.0806720223638084,24.0,24.0
electricity/w/short,RacineCast-1-NC,1.4016126916282394,0.0471869870803013,21.0,19.0
ett1/15t/short,RacineCast-1-NC,0.664369354739866,0.1535191791703124,17.0,22.0
ett1/15t/medium,RacineCast-1-NC,0.9597263263601888,0.2232592344618593,11.0,13.0
ett1/15t/long,RacineCast-1-NC,0.9681963243783758,0.2215444404989648,13.0,12.0
ett1/d/short,RacineCast-1-NC,1.6167722039376633,0.2632375122963931,17.0,10.0
ett1/h/short,RacineCast-1-NC,0.7887573217515963,0.1705672869865131,15.0,16.0
ett1/h/medium,RacineCast-1-NC,1.2456385270188857,0.2491668808716934,30.0,19.0
ett1/h/long,RacineCast-1-NC,1.340571325406057,0.2570185167078523,28.0,10.0
ett1/w/short,RacineCast-1-NC,1.5568792263099045,0.2571153996801185,51.0,38.0
ett2/15t/short,RacineCast-1-NC,0.7097927530201257,0.0615357379594715,19.0,18.0
ett2/15t/medium,RacineCast-1-NC,0.8481901041452212,0.0869809130475759,21.0,18.0
ett2/15t/long,RacineCast-1-NC,0.8557652905383826,0.0890164650239303,9.0,10.0
ett2/d/short,RacineCast-1-NC,1.2658999702192089,0.0907567559625881,20.0,28.0
ett2/h/short,RacineCast-1-NC,0.719027425525464,0.0629254517513723,16.0,18.0
ett2/h/medium,RacineCast-1-NC,1.0111284267822376,0.1016094206746032,22.0,27.0
ett2/h/long,RacineCast-1-NC,0.9973412601433886,0.100636957717791,18.0,20.0
ett2/w/short,RacineCast-1-NC,0.7794837346511273,0.0820660679306822,40.0,15.0
hierarchical_sales/d/short,RacineCast-1-NC,0.7402429666564827,0.5699056558105321,19.0,26.0
hierarchical_sales/w/short,RacineCast-1-NC,0.7147874845037938,0.3404642359196693,28.0,23.0
hospital/m/short,RacineCast-1-NC,0.7412490399836493,0.0483951518614414,15.0,13.0
jena_weather/10t/short,RacineCast-1-NC,0.2608514683474155,0.0268809010785373,24.0,28.0
jena_weather/10t/medium,RacineCast-1-NC,0.5701788738962037,0.0455689609713538,18.0,11.0
jena_weather/10t/long,RacineCast-1-NC,0.6141936925929256,0.0464176415823963,15.0,12.0
jena_weather/d/short,RacineCast-1-NC,1.025468035637675,0.0447727255163523,39.0,31.0
jena_weather/h/short,RacineCast-1-NC,0.513475727612414,0.0401457653297241,15.0,7.0
jena_weather/h/medium,RacineCast-1-NC,0.767015415413121,0.0473702203851776,39.0,4.0
jena_weather/h/long,RacineCast-1-NC,0.9172262622862274,0.0526395738269253,32.0,18.0
kdd_cup_2018/d/short,RacineCast-1-NC,1.1922669712311882,0.3743735025976311,49.0,43.0
kdd_cup_2018/h/short,RacineCast-1-NC,0.9529203850097948,0.3792395620364592,77.0,62.0
kdd_cup_2018/h/medium,RacineCast-1-NC,1.0510961366478575,0.4248257118495187,71.0,61.0
kdd_cup_2018/h/long,RacineCast-1-NC,1.019980902361988,0.4467381969721129,56.0,55.0
m4_daily/d/short,RacineCast-1-NC,3.2358390668881167,0.0211553133023048,43.0,34.0
m4_hourly/h/short,RacineCast-1-NC,0.6420077561455616,0.0182820896749979,8.0,6.0
m4_monthly/m/short,RacineCast-1-NC,0.8948710560634361,0.0892544315354886,12.0,10.0
m4_quarterly/q/short,RacineCast-1-NC,1.1126998712987357,0.0713551052992786,4.0,7.0
m4_weekly/w/short,RacineCast-1-NC,1.85587408494234,0.0347389588405143,9.0,3.0
m4_yearly/a/short,RacineCast-1-NC,3.0284497062098983,0.1069477736626552,24.0,15.0
restaurant/d/short,RacineCast-1-NC,0.6765671198490473,0.2533752243087223,17.0,15.0
saugeen/d/short,RacineCast-1-NC,2.781864288027814,0.3365234031443186,37.0,38.0
saugeen/m/short,RacineCast-1-NC,0.7276620285319035,0.2877719613521221,53.0,36.0
saugeen/w/short,RacineCast-1-NC,1.1811894811281738,0.3484184805960987,41.0,33.0
solar/10t/short,RacineCast-1-NC,0.8315442000419206,0.4145547313466397,34.0,31.0
solar/10t/medium,RacineCast-1-NC,0.7979562971844383,0.2974201963788244,31.0,26.0
solar/10t/long,RacineCast-1-NC,0.7713864540678467,0.2842445986068016,12.0,9.0
solar/d/short,RacineCast-1-NC,0.9642419618891106,0.2724426944060273,33.0,32.0
solar/h/short,RacineCast-1-NC,0.7207673119177838,0.2603827426177059,24.0,22.0
solar/h/medium,RacineCast-1-NC,0.8240972814183856,0.2843495352418189,41.0,28.0
solar/h/long,RacineCast-1-NC,0.8368376734014421,0.2863441493497383,37.0,27.0
solar/w/short,RacineCast-1-NC,1.0717459537318488,0.1444097294536316,47.0,38.0
temperature_rain/d/short,RacineCast-1-NC,1.3067739018041762,0.5357929248911721,12.0,11.0
us_births/d/short,RacineCast-1-NC,0.3048966098357693,0.0152708020225671,8.0,6.0
us_births/m/short,RacineCast-1-NC,0.6555234389281743,0.0138524268116923,54.0,58.0
us_births/w/short,RacineCast-1-NC,0.9101986448291732,0.0105768577061405,25.0,21.0
loop_seattle/5t/short,RacineCast-1,0.5399312764713017,0.0458896753000992,29.0,25.0
loop_seattle/5t/medium,RacineCast-1,0.7259580275097635,0.0637633229783042,27.0,25.0
loop_seattle/5t/long,RacineCast-1,0.7920962927599993,0.0696145527715141,29.0,25.0
loop_seattle/d/short,RacineCast-1,0.8582679904119545,0.0412052457729092,12.0,17.0
loop_seattle/h/short,RacineCast-1,0.7638368919115264,0.0529317349024328,20.0,19.0
loop_seattle/h/medium,RacineCast-1,0.8152198377338041,0.0558166864607765,15.0,15.0
loop_seattle/h/long,RacineCast-1,0.8207873202445313,0.0554664432993932,15.0,14.0
m_dense/d/short,RacineCast-1,0.6350016292963128,0.0612973807197907,31.0,35.0
m_dense/h/short,RacineCast-1,0.7333646597950015,0.1207910108034129,6.0,8.0
m_dense/h/medium,RacineCast-1,0.6774418469861534,0.1121492632305313,29.0,26.0
m_dense/h/long,RacineCast-1,0.6700039352641116,0.1121696801376738,24.0,30.0
sz_taxi/15t/short,RacineCast-1,0.5398824335186866,0.1987203754423738,17.0,18.0
sz_taxi/15t/medium,RacineCast-1,0.532918487118058,0.2005726825702422,18.0,19.0
sz_taxi/15t/long,RacineCast-1,0.5057917882694111,0.1980117237726673,26.0,37.0
sz_taxi/h/short,RacineCast-1,0.5574602963713677,0.1341413192616596,11.0,14.0
bitbrains_fast_storage/5t/short,RacineCast-1,0.6175600308082011,0.3506017498882164,7.0,13.0
bitbrains_fast_storage/5t/medium,RacineCast-1,0.919296588527603,0.6063054077299461,12.0,29.0
bitbrains_fast_storage/5t/long,RacineCast-1,0.8243728684545701,0.6453583557933933,12.0,22.0
bitbrains_fast_storage/h/short,RacineCast-1,0.9378277413818248,0.6583670513582712,17.0,61.0
bitbrains_rnd/5t/short,RacineCast-1,1.573556279495222,0.3774167594955464,11.0,20.0
bitbrains_rnd/5t/medium,RacineCast-1,4.3189361207534365,0.670291793823554,10.0,84.0
bitbrains_rnd/5t/long,RacineCast-1,3.241854707524042,0.6390514806115839,8.0,60.0
bitbrains_rnd/h/short,RacineCast-1,5.766891753850004,0.6526873267071677,16.0,73.0
bizitobs_application/10s/short,RacineCast-1,0.9416831151875436,0.0096426645415948,10.0,29.0
bizitobs_application/10s/medium,RacineCast-1,2.375877346367096,0.0373523502168704,53.0,55.0
bizitobs_application/10s/long,RacineCast-1,3.231717577836178,0.0537766739486151,56.0,63.0
bizitobs_l2c/5t/short,RacineCast-1,0.2074632192724631,0.054497163615622,13.0,12.0
bizitobs_l2c/5t/medium,RacineCast-1,0.4759630790696787,0.1972064802280764,24.0,22.0
bizitobs_l2c/5t/long,RacineCast-1,0.5056655601644087,0.2199010476437357,30.0,24.0
bizitobs_l2c/h/short,RacineCast-1,0.4325117437673919,0.1850971189614148,42.0,40.0
bizitobs_l2c/h/medium,RacineCast-1,0.4847507096227255,0.2313443336563239,29.0,35.0
bizitobs_l2c/h/long,RacineCast-1,0.5444142940717691,0.2496145615700402,17.0,15.0
bizitobs_service/10s/short,RacineCast-1,0.6822785137410737,0.0098049380320189,13.0,4.0
bizitobs_service/10s/medium,RacineCast-1,0.9900164767252256,0.0213297732589613,30.0,31.0
bizitobs_service/10s/long,RacineCast-1,1.2857380912664509,0.0520813530381085,18.0,45.0
car_parts/m/short,RacineCast-1,0.8730396293640557,1.0290941117340853,73.0,75.0
covid_deaths/d/short,RacineCast-1,29.28985215193532,0.0268400647492891,6.0,13.0
electricity/15t/short,RacineCast-1,0.941527003166412,0.079756541576015,44.0,31.0
electricity/15t/medium,RacineCast-1,0.7917582392199584,0.0702408689829364,13.0,13.0
electricity/15t/long,RacineCast-1,0.8423602467527772,0.070553867691086,14.0,15.0
electricity/d/short,RacineCast-1,1.3528903206795877,0.0531878730172248,15.0,16.0
electricity/h/short,RacineCast-1,0.9212709339655576,0.0654892150636951,46.0,46.0
electricity/h/medium,RacineCast-1,1.0317402827915731,0.0727710462801757,22.0,29.0
electricity/h/long,RacineCast-1,1.1430630030933195,0.0812366648389595,27.0,25.0
electricity/w/short,RacineCast-1,1.4149426996210026,0.0477632947923133,26.0,25.0
ett1/15t/short,RacineCast-1,0.6642743522246257,0.1533895340088072,16.0,21.0
ett1/15t/medium,RacineCast-1,0.9593073763590644,0.2231570533335262,8.0,12.0
ett1/15t/long,RacineCast-1,0.9675921704578838,0.2215235699306114,11.0,11.0
ett1/d/short,RacineCast-1,1.6215729963933354,0.2636233453667752,19.0,11.0
ett1/h/short,RacineCast-1,0.7891391899580946,0.1706340010994321,17.0,17.0
ett1/h/medium,RacineCast-1,1.2462884173681108,0.2492928932060261,31.0,20.0
ett1/h/long,RacineCast-1,1.3367353861848137,0.2566064620068621,25.0,8.0
ett1/w/short,RacineCast-1,1.5745548270252705,0.2606602743265923,62.0,44.0
ett2/15t/short,RacineCast-1,0.7087391432433581,0.0614563366310877,15.0,17.0
ett2/15t/medium,RacineCast-1,0.8481634200714068,0.0870165560838679,20.0,19.0
ett2/15t/long,RacineCast-1,0.8556046065288282,0.0891159737200114,7.0,11.0
ett2/d/short,RacineCast-1,1.2616584146011576,0.0906675155328566,17.0,25.0
ett2/h/short,RacineCast-1,0.7205716547995111,0.0630819199500111,24.0,25.0
ett2/h/medium,RacineCast-1,1.0140329114291606,0.1021065472490843,26.0,32.0
ett2/h/long,RacineCast-1,0.9970602242635708,0.1007303431960587,17.0,23.0
ett2/w/short,RacineCast-1,0.7745276654138713,0.0821627548509545,33.0,17.0
hierarchical_sales/d/short,RacineCast-1,0.7403303075820825,0.570101560902887,21.0,28.0
hierarchical_sales/w/short,RacineCast-1,0.7164393262874165,0.3415404760796228,38.0,29.0
hospital/m/short,RacineCast-1,0.742582445679876,0.0486242584058695,17.0,16.0
jena_weather/10t/short,RacineCast-1,0.2601818161171177,0.0268712978617883,21.0,27.0
jena_weather/10t/medium,RacineCast-1,0.5701843559533069,0.0456780447168602,19.0,12.0
jena_weather/10t/long,RacineCast-1,0.6157997136022629,0.0465293089005019,19.0,14.0
jena_weather/d/short,RacineCast-1,1.0338759666523265,0.0449632336699952,42.0,36.0
jena_weather/h/short,RacineCast-1,0.512826790363343,0.0401164434042109,10.0,6.0
jena_weather/h/medium,RacineCast-1,0.7671722304131939,0.0474417411473913,40.0,5.0
jena_weather/h/long,RacineCast-1,0.9264630666024234,0.0528880433767267,34.0,23.0
kdd_cup_2018/d/short,RacineCast-1,1.192381039757318,0.3742361453317517,50.0,40.0
kdd_cup_2018/h/short,RacineCast-1,0.9513073172254318,0.3784260304441211,75.0,56.0
kdd_cup_2018/h/medium,RacineCast-1,1.05067789359125,0.4245922538613594,69.0,58.0
kdd_cup_2018/h/long,RacineCast-1,1.0201888234797942,0.4465274647389379,59.0,54.0
m4_daily/d/short,RacineCast-1,3.219953626864316,0.0210510323243868,36.0,27.0
m4_hourly/h/short,RacineCast-1,0.6415415718557004,0.0183638947713882,7.0,7.0
m4_monthly/m/short,RacineCast-1,0.8965906743899786,0.0893827309124052,14.0,12.0
m4_quarterly/q/short,RacineCast-1,1.1163299566705216,0.071440347917219,9.0,8.0
m4_weekly/w/short,RacineCast-1,1.8578732026438949,0.0348836478675446,12.0,8.0
m4_yearly/a/short,RacineCast-1,3.0566124659520653,0.1076216587364544,26.0,20.0
restaurant/d/short,RacineCast-1,0.676840322359864,0.2535685106694437,19.0,17.0
saugeen/d/short,RacineCast-1,2.8139627342804956,0.3403987989909611,43.0,47.0
saugeen/m/short,RacineCast-1,0.7282267133218633,0.2883726036611832,54.0,38.0
saugeen/w/short,RacineCast-1,1.1810171069933852,0.3481154646934097,40.0,32.0
solar/10t/short,RacineCast-1,0.8291621433430684,0.4136936557467723,33.0,30.0
solar/10t/medium,RacineCast-1,0.7998173533769994,0.2978775765491489,32.0,27.0
solar/10t/long,RacineCast-1,0.7693084176443353,0.2835643520735691,11.0,7.0
solar/d/short,RacineCast-1,0.9631925701709956,0.2728600102321279,28.0,38.0
solar/h/short,RacineCast-1,0.7019226119750446,0.2530616378697179,22.0,20.0
solar/h/medium,RacineCast-1,0.8035863807627008,0.2776506888111186,36.0,24.0
solar/h/long,RacineCast-1,0.816593271539106,0.2803033885306113,28.0,25.0
solar/w/short,RacineCast-1,1.0941389318349712,0.1472539273586849,51.0,47.0
temperature_rain/d/short,RacineCast-1,1.306801524692383,0.5359858858334041,13.0,12.0
us_births/d/short,RacineCast-1,0.3046313153269019,0.0152178620488413,7.0,3.0
us_births/m/short,RacineCast-1,0.6558193527193229,0.0137443000531484,55.0,56.0
us_births/w/short,RacineCast-1,0.9065715672219462,0.010536182218582,24.0,18.0
solar/w/short,RegLab-AH-1,1.0930875226955818,0.1471396248725139,49.0,46.0
us_births/d/short,RegLab-AH-1,0.3058830594033866,0.0152659724676165,10.0,5.0
us_births/m/short,RegLab-AH-1,0.6609950558646267,0.0142162890598594,57.0,66.0
us_births/w/short,RegLab-AH-1,0.9031510992231012,0.0104881755222364,20.0,16.0
covid_deaths/d/short,RegLab-AH-1,29.07261875863896,0.0272907808363134,5.0,19.0
saugeen/m/short,RegLab-AH-1,0.7274733639490283,0.2874738855311329,52.0,35.0
solar/d/short,RegLab-AH-1,0.963909037171697,0.2724740781601468,32.0,33.0
saugeen/d/short,RegLab-AH-1,2.782905305002405,0.3391715100730702,38.0,45.0
saugeen/w/short,RegLab-AH-1,1.1846094197260413,0.3498878897021702,45.0,38.0
m4_weekly/w/short,RegLab-AH-1,1.851711438614664,0.0347640552088458,7.0,4.0
m4_hourly/h/short,RegLab-AH-1,0.6443694157395036,0.0186355110111289,10.0,10.0
solar/h/medium,RegLab-AH-1,0.5647136175388019,0.2018646546012193,16.0,14.0
solar/h/long,RegLab-AH-1,0.5944353339187818,0.2090209007705703,16.0,15.0
hospital/m/short,RegLab-AH-1,0.7411528197790037,0.048297419879203,14.0,12.0
electricity/w/short,RegLab-AH-1,1.396895470416266,0.0474064430156138,18.0,23.0
kdd_cup_2018/d/short,RegLab-AH-1,1.1860984627165831,0.3746605557706488,34.0,46.0
hierarchical_sales/w/short,RegLab-AH-1,0.7159716516831602,0.3408303871363778,34.0,27.0
restaurant/d/short,RegLab-AH-1,0.6751699268694675,0.2530096693599421,11.0,10.0
hierarchical_sales/d/short,RegLab-AH-1,0.7406694412946057,0.5704492261071215,27.0,33.0
kdd_cup_2018/h/medium,RegLab-AH-1,1.0511609985440125,0.4250989427745536,72.0,63.0
electricity/d/short,RegLab-AH-1,1.3511797209598695,0.0532915911122735,13.0,19.0
kdd_cup_2018/h/long,RegLab-AH-1,1.0366794318922463,0.4529084514000741,82.0,69.0
loop_seattle/d/short,RegLab-AH-1,0.8589345877340532,0.0412121681951915,16.0,18.0
loop_seattle/h/medium,RegLab-AH-1,0.82641739097318,0.0567170235740836,18.0,18.0
car_parts/m/short,RegLab-AH-1,0.880056121521604,1.0250957039505966,78.0,73.0
loop_seattle/h/long,RegLab-AH-1,0.8198399648822813,0.0554088796365349,13.0,13.0
sz_taxi/15t/medium,RegLab-AH-1,0.5328347745872317,0.2005250205820697,16.0,18.0
sz_taxi/15t/long,RegLab-AH-1,0.5060223288402929,0.1982300677210967,32.0,41.0
sz_taxi/15t/short,RegLab-AH-1,0.5398774081185876,0.1987338036954036,16.0,19.0
sz_taxi/h/short,RegLab-AH-1,0.5575294920867597,0.1341343188989744,12.0,12.0
m_dense/d/short,RegLab-AH-1,0.6321699540129505,0.0608893214172659,28.0,31.0
m_dense/h/medium,RegLab-AH-1,0.6742141942427411,0.1115644645304157,22.0,15.0
m_dense/h/long,RegLab-AH-1,0.6654396662851554,0.1110227137707858,19.0,24.0
solar/h/short,RegLab-AH-1,0.5698968203032952,0.1939479452731069,19.0,15.0
ett1/15t/long,RegLab-AH-1,0.9689304396493352,0.2221549563221464,15.0,14.0
ett1/h/medium,RegLab-AH-1,1.2419431791606863,0.2493550692249455,25.0,21.0
ett1/h/long,RegLab-AH-1,1.3332529107433344,0.2562392709535774,19.0,7.0
ett1/15t/medium,RegLab-AH-1,0.9593466093614182,0.2225260436653906,9.0,8.0
ett1/d/short,RegLab-AH-1,1.6038074144697037,0.2611663574368168,11.0,7.0
ett1/h/short,RegLab-AH-1,0.7896863193259498,0.1708882834669083,20.0,20.0
ett1/w/short,RegLab-AH-1,1.536517796489447,0.2521977175780434,43.0,27.0
ett1/15t/short,RegLab-AH-1,0.6664584514743755,0.1561793764056126,21.0,34.0
m_dense/h/short,RegLab-AH-1,0.7382198520243621,0.1217940116941802,11.0,11.0
ett2/h/medium,RegLab-AH-1,1.011392540747923,0.1014374364669641,24.0,26.0
m4_daily/d/short,RegLab-AH-1,3.2457734559060287,0.0212356049272193,45.0,35.0
ett2/h/long,RegLab-AH-1,1.002961583686834,0.100902301610083,23.0,25.0
ett2/d/short,RegLab-AH-1,1.2536092005206814,0.089829549160435,10.0,15.0
ett2/w/short,RegLab-AH-1,0.8077252520280922,0.0829882413762325,53.0,22.0
ett2/h/short,RegLab-AH-1,0.7199899456108848,0.0630200833719388,20.0,23.0
ett2/15t/long,RegLab-AH-1,0.8543591812335561,0.0885032717409972,6.0,7.0
ett2/15t/medium,RegLab-AH-1,0.8464362357457663,0.086219082694028,15.0,10.0
jena_weather/h/medium,RegLab-AH-1,0.7712003917675327,0.0473468702840704,44.0,1.0
jena_weather/h/long,RegLab-AH-1,0.9135246157884778,0.0520439711132613,30.0,12.0
ett2/15t/short,RegLab-AH-1,0.7078200443414683,0.0614418716210093,14.0,16.0
jena_weather/d/short,RegLab-AH-1,1.009555185572516,0.0447449743927816,26.0,29.0
jena_weather/h/short,RegLab-AH-1,0.514638331935714,0.0401683628762961,22.0,8.0
jena_weather/10t/long,RegLab-AH-1,0.6156493196620627,0.0465181656157194,18.0,13.0
jena_weather/10t/medium,RegLab-AH-1,0.5671439820442234,0.0455537461694919,8.0,10.0
solar/10t/long,RegLab-AH-1,0.7848378523050609,0.2885938109560004,20.0,14.0
jena_weather/10t/short,RegLab-AH-1,0.2602358290960338,0.0269076757300729,22.0,29.0
electricity/h/long,RegLab-AH-1,1.13300933643492,0.079849742215359,23.0,20.0
kdd_cup_2018/h/short,RegLab-AH-1,0.9664853054367448,0.3828708233860022,87.0,70.0
bizitobs_application/10s/short,RegLab-AH-1,0.940249993701324,0.0096259007197141,9.0,27.0
bizitobs_application/10s/medium,RegLab-AH-1,2.3420894640404737,0.0369529553089953,46.0,52.0
bizitobs_application/10s/long,RegLab-AH-1,3.212843300679014,0.0529424171614627,50.0,52.0
bitbrains_fast_storage/h/short,RegLab-AH-1,0.921087094845042,0.6461697654144852,6.0,55.0
bitbrains_rnd/h/short,RegLab-AH-1,5.741131855254042,0.6269600373589169,10.0,56.0
bizitobs_service/10s/medium,RegLab-AH-1,1.0018070636958616,0.0216482103032032,35.0,33.0
bizitobs_service/10s/long,RegLab-AH-1,1.2875770161180913,0.0520646516485325,20.0,43.0
bizitobs_l2c/5t/medium,RegLab-AH-1,0.460755906078876,0.1927135235993324,19.0,19.0
solar/10t/medium,RegLab-AH-1,0.8179337855215982,0.3080073582221056,45.0,37.0
bizitobs_l2c/h/short,RegLab-AH-1,0.4262974790175335,0.1831988591012062,28.0,30.0
bizitobs_l2c/h/medium,RegLab-AH-1,0.482046940708471,0.2295179725379494,23.0,24.0
bizitobs_l2c/h/long,RegLab-AH-1,0.543803100932047,0.2494710146226146,16.0,14.0
bizitobs_l2c/5t/long,RegLab-AH-1,0.4762464465739744,0.2062885983988733,18.0,12.0
bizitobs_service/10s/short,RegLab-AH-1,0.6806726821554842,0.0098112980069651,12.0,5.0
bizitobs_l2c/5t/short,RegLab-AH-1,0.2071993224032634,0.0534096326282869,11.0,7.0
loop_seattle/h/short,RegLab-AH-1,0.778013808802933,0.0538466435246901,25.0,23.0
bitbrains_rnd/5t/medium,RegLab-AH-1,4.313947127907695,0.6553872810766787,8.0,73.0
bitbrains_rnd/5t/long,RegLab-AH-1,3.241187669173468,0.6082494435192588,7.0,33.0
electricity/h/medium,RegLab-AH-1,1.0292277389667754,0.0725778636893422,20.0,27.0
bitbrains_fast_storage/5t/medium,RegLab-AH-1,0.915652731063548,0.6017744835366915,6.0,25.0
bitbrains_fast_storage/5t/long,RegLab-AH-1,0.8204661382474804,0.6346610546493031,10.0,20.0
solar/10t/short,RegLab-AH-1,0.8280831225734779,0.4114040046403959,32.0,27.0
m4_yearly/a/short,RegLab-AH-1,2.995448091471097,0.106257297161446,20.0,11.0
m4_quarterly/q/short,RegLab-AH-1,1.1163230885403317,0.0714737874561848,8.0,10.0
bitbrains_rnd/5t/short,RegLab-AH-1,1.5720160686613365,0.3768366274204953,9.0,19.0
electricity/h/short,RegLab-AH-1,0.9254040464344364,0.0659746006576118,50.0,50.0
m4_monthly/m/short,RegLab-AH-1,0.8938864684322394,0.0892303760298095,8.0,9.0
loop_seattle/5t/long,RegLab-AH-1,0.78744393039545,0.0693632593538849,25.0,21.0
bitbrains_fast_storage/5t/short,RegLab-AH-1,0.6353906156719167,0.3460325805107128,18.0,8.0
temperature_rain/d/short,RegLab-AH-1,1.3047011346492714,0.535317180793241,9.0,10.0
loop_seattle/5t/medium,RegLab-AH-1,0.725646021820084,0.0637868938110759,26.0,26.0
loop_seattle/5t/short,RegLab-AH-1,0.5400318032290691,0.0459192030088118,30.0,26.0
electricity/15t/long,RegLab-AH-1,0.8416198305962767,0.0704719771269997,9.0,14.0
electricity/15t/medium,RegLab-AH-1,0.790969625679511,0.0700783339907829,10.0,8.0
electricity/15t/short,RegLab-AH-1,0.9298956497995866,0.0788214695072104,34.0,29.0
loop_seattle/5t/short,Reverso-Nano,0.5845054870553053,0.0633082462780446,86.0,104.0
loop_seattle/5t/medium,Reverso-Nano,0.885615348117569,0.0988230926775987,86.0,100.0
loop_seattle/5t/long,Reverso-Nano,0.947676852637334,0.1055929539170779,86.0,102.0
loop_seattle/d/short,Reverso-Nano,0.8796738429090301,0.0520406447666293,54.0,111.0
loop_seattle/h/short,Reverso-Nano,0.8739181746553026,0.0761837170021629,78.0,110.0
loop_seattle/h/medium,Reverso-Nano,0.9299851977239832,0.0800733537493393,70.0,104.0
loop_seattle/h/long,Reverso-Nano,0.8941511926630756,0.0762229112347959,67.0,101.0
m_dense/d/short,Reverso-Nano,0.7497701530756641,0.0905564297735701,91.0,110.0
m_dense/h/short,Reverso-Nano,0.8329249110928778,0.1672434144050077,83.0,110.0
m_dense/h/medium,Reverso-Nano,0.7172976365549745,0.1433761789743109,71.0,101.0
m_dense/h/long,Reverso-Nano,0.7341263548957591,0.1463888593248378,73.0,100.0
sz_taxi/15t/short,Reverso-Nano,0.554761975778704,0.2594432080044354,91.0,116.0
sz_taxi/15t/medium,Reverso-Nano,0.5452393103759737,0.2598478216332539,78.0,114.0
sz_taxi/15t/long,Reverso-Nano,0.5157634713169389,0.2526959347736545,76.0,109.0
sz_taxi/h/short,Reverso-Nano,0.5950467266115307,0.1814796626192117,112.0,116.0
bitbrains_fast_storage/5t/short,Reverso-Nano,0.7309894352816998,0.5502074037257559,70.0,111.0
bitbrains_fast_storage/5t/medium,Reverso-Nano,1.017263805004158,0.9034893466503348,73.0,114.0
bitbrains_fast_storage/5t/long,Reverso-Nano,0.9310415709639503,0.8913886670446397,72.0,105.0
bitbrains_fast_storage/h/short,Reverso-Nano,1.0635855028672054,1.0335182403894931,58.0,122.0
bitbrains_rnd/5t/short,Reverso-Nano,1.6919440164161097,0.5128291687499551,73.0,108.0
bitbrains_rnd/5t/medium,Reverso-Nano,4.4186325685631225,0.621879924777543,68.0,50.0
bitbrains_rnd/5t/long,Reverso-Nano,3.368919969081514,1.001878127637306,68.0,116.0
bitbrains_rnd/h/short,Reverso-Nano,5.852857598186539,0.72717799317773,69.0,104.0
bizitobs_application/10s/short,Reverso-Nano,1.72638553550398,0.0270801015456225,92.0,99.0
bizitobs_application/10s/medium,Reverso-Nano,2.6100378701137483,0.0494282046325335,81.0,103.0
bizitobs_application/10s/long,Reverso-Nano,3.1281702888075458,0.0562646573515138,33.0,86.0
bizitobs_l2c/5t/short,Reverso-Nano,0.3009462437335921,0.1007829515413108,103.0,116.0
bizitobs_l2c/5t/medium,Reverso-Nano,0.4864685280186423,0.2566781532953645,28.0,66.0
bizitobs_l2c/5t/long,Reverso-Nano,0.4893684037940222,0.2769739595943266,23.0,50.0
bizitobs_l2c/h/short,Reverso-Nano,0.5418799382941615,0.2972850869572306,94.0,104.0
bizitobs_l2c/h/medium,Reverso-Nano,0.5684261692527944,0.3403287823655634,89.0,98.0
bizitobs_l2c/h/long,Reverso-Nano,0.6138240906698081,0.3537642632997488,81.0,96.0
bizitobs_service/10s/short,Reverso-Nano,0.8925409775017216,0.0180719668712684,80.0,94.0
bizitobs_service/10s/medium,Reverso-Nano,1.155748895544649,0.0343171543447945,72.0,85.0
bizitobs_service/10s/long,Reverso-Nano,1.3328748210171235,0.0560013104345278,52.0,83.0
car_parts/m/short,Reverso-Nano,0.8829650302289865,1.1643365505020904,81.0,104.0
covid_deaths/d/short,Reverso-Nano,44.45735318201277,0.1080791874548297,107.0,116.0
electricity/15t/short,Reverso-Nano,1.149181793006992,0.1209257225614457,97.0,105.0
electricity/15t/medium,Reverso-Nano,0.8910574436780119,0.0989802107550085,83.0,109.0
electricity/15t/long,Reverso-Nano,0.9378261832206518,0.0997788315920266,81.0,109.0
electricity/d/short,Reverso-Nano,1.565535256914708,0.0794353934019681,101.0,111.0
electricity/h/short,Reverso-Nano,1.0106460298079147,0.0887874141019421,87.0,114.0
electricity/h/medium,Reverso-Nano,1.09979939479678,0.0989668389554674,85.0,112.0
electricity/h/long,Reverso-Nano,1.2422430875193071,0.1167374977404301,82.0,110.0
electricity/w/short,Reverso-Nano,1.6864599856384856,0.0871540941683894,91.0,107.0
ett1/15t/short,Reverso-Nano,0.7439914568351449,0.221203232513327,97.0,110.0
ett1/15t/medium,Reverso-Nano,1.0496855451370324,0.3231151189300955,85.0,107.0
ett1/15t/long,Reverso-Nano,1.06073000457028,0.3168695898489515,83.0,108.0
ett1/d/short,Reverso-Nano,1.664639393308704,0.3630627557533021,46.0,115.0
ett1/h/short,Reverso-Nano,0.8451250759278834,0.2388168009916562,84.0,116.0
ett1/h/medium,Reverso-Nano,1.2876537270826596,0.3352419152626809,68.0,114.0
ett1/h/long,Reverso-Nano,1.3616813359737885,0.343375306002025,48.0,109.0
ett1/w/short,Reverso-Nano,1.4335327229476025,0.3047194986860477,8.0,100.0
ett2/15t/short,Reverso-Nano,0.7922300240989024,0.0873176516898488,91.0,115.0
ett2/15t/medium,Reverso-Nano,0.9120062905890524,0.1188556516657361,80.0,109.0
ett2/15t/long,Reverso-Nano,0.8927291432829425,0.1134896864744342,59.0,100.0
ett2/d/short,Reverso-Nano,1.3935217890844336,0.1172238044640055,93.0,110.0
ett2/h/short,Reverso-Nano,0.7430652007396688,0.0828198175734754,76.0,112.0
ett2/h/medium,Reverso-Nano,1.015383117124123,0.1260716654479109,28.0,108.0
ett2/h/long,Reverso-Nano,1.0977676191346928,0.134770930154045,89.0,109.0
ett2/w/short,Reverso-Nano,0.9852254444277924,0.1286522342496703,93.0,110.0
hierarchical_sales/d/short,Reverso-Nano,0.7526808435927826,0.7147532474038365,93.0,115.0
hierarchical_sales/w/short,Reverso-Nano,0.7575646599792292,0.4296604717564974,100.0,114.0
hospital/m/short,Reverso-Nano,0.807297016775085,0.072482750381314,102.0,119.0
jena_weather/10t/short,Reverso-Nano,0.3152930795263431,0.0354728957511219,84.0,90.0
jena_weather/10t/medium,Reverso-Nano,0.6421287938945309,0.0630096392788969,87.0,99.0
jena_weather/10t/long,Reverso-Nano,0.6517659152056909,0.0613941202836603,70.0,94.0
jena_weather/d/short,Reverso-Nano,1.319568525380862,0.0656436390740064,106.0,109.0
jena_weather/h/short,Reverso-Nano,0.5316801718572122,0.0502634027618084,69.0,106.0
jena_weather/h/medium,Reverso-Nano,0.7998555308750138,0.0647583746938865,65.0,99.0
jena_weather/h/long,Reverso-Nano,1.1204868724214228,0.0715766249723662,103.0,99.0
kdd_cup_2018/d/short,Reverso-Nano,1.2206392476410055,0.4771250572070514,104.0,116.0
kdd_cup_2018/h/short,Reverso-Nano,0.9792138406875156,0.4919392449413793,92.0,115.0
kdd_cup_2018/h/medium,Reverso-Nano,1.0724023146409796,0.5417069647592704,88.0,116.0
kdd_cup_2018/h/long,Reverso-Nano,1.0522378069250296,0.5863608187712988,100.0,116.0
m4_daily/d/short,Reverso-Nano,3.334934356237542,0.0279724834118903,78.0,111.0
m4_hourly/h/short,Reverso-Nano,1.1537955491889462,0.0401998050342908,99.0,117.0
m4_monthly/m/short,Reverso-Nano,1.0060390988285932,0.1215962799039611,94.0,115.0
m4_quarterly/q/short,Reverso-Nano,1.2846254970878823,0.0993555143126315,96.0,119.0
m4_weekly/w/short,Reverso-Nano,2.5393373749528414,0.0582024556548727,101.0,115.0
m4_yearly/a/short,Reverso-Nano,3.5435992886589927,0.1501046821914011,90.0,113.0
restaurant/d/short,Reverso-Nano,0.7083599974462982,0.340666271334956,93.0,117.0
saugeen/d/short,Reverso-Nano,3.071595311807888,0.4478309226564181,91.0,114.0
saugeen/m/short,Reverso-Nano,0.752329905150152,0.3854949961434929,81.0,111.0
saugeen/w/short,Reverso-Nano,1.2686892898154087,0.4721209036045597,86.0,107.0
solar/10t/short,Reverso-Nano,1.2557323377661609,0.8226542015157579,114.0,114.0
solar/10t/medium,Reverso-Nano,0.9530105815231896,0.4828950932037693,93.0,101.0
solar/10t/long,Reverso-Nano,1.0098423378468897,0.4992589909355877,97.0,102.0
solar/d/short,Reverso-Nano,1.0011569975884704,0.370963476309708,88.0,114.0
solar/h/short,Reverso-Nano,0.8528458924545167,0.4068383250943971,60.0,111.0
solar/h/medium,Reverso-Nano,0.9063968345334542,0.4263707760493155,83.0,114.0
solar/h/long,Reverso-Nano,0.961128481889692,0.4375383915641568,75.0,107.0
solar/w/short,Reverso-Nano,1.4022187091950846,0.2598762706712394,99.0,114.0
temperature_rain/d/short,Reverso-Nano,1.408278247438171,0.7224124235596381,90.0,117.0
us_births/d/short,Reverso-Nano,0.3942425550017734,0.0251111730242901,74.0,93.0
us_births/m/short,Reverso-Nano,0.888990380207837,0.0244712790751698,108.0,115.0
us_births/w/short,Reverso-Nano,1.4337779542286893,0.0214213458288083,108.0,122.0
loop_seattle/5t/short,Reverso-Small,0.558668839304035,0.0604109659139155,64.0,101.0
loop_seattle/5t/medium,Reverso-Small,0.7983577861042669,0.0892433550465331,62.0,91.0
loop_seattle/5t/long,Reverso-Small,0.8822885010948113,0.0984113553187222,71.0,97.0
loop_seattle/d/short,Reverso-Small,0.8797196977694665,0.0521084838991951,55.0,112.0
loop_seattle/h/short,Reverso-Small,0.8200326278155772,0.0713606892388616,50.0,101.0
loop_seattle/h/medium,Reverso-Small,0.906166762156268,0.078080668801854,49.0,101.0
loop_seattle/h/long,Reverso-Small,0.8708501790041169,0.0743435539814785,50.0,96.0
m_dense/d/short,Reverso-Small,0.7127961109578637,0.0818083130159291,76.0,104.0
m_dense/h/short,Reverso-Small,0.8339446417618248,0.1688006344748071,84.0,113.0
m_dense/h/medium,Reverso-Small,0.6844872011166516,0.1365622821646046,41.0,94.0
m_dense/h/long,Reverso-Small,0.6973864429020364,0.1382410329650147,54.0,91.0
sz_taxi/15t/short,Reverso-Small,0.5455267744897646,0.2554932664211876,62.0,115.0
sz_taxi/15t/medium,Reverso-Small,0.5374194606735674,0.2563963108461463,59.0,112.0
sz_taxi/15t/long,Reverso-Small,0.5068301336114447,0.2485364323876253,41.0,107.0
sz_taxi/h/short,Reverso-Small,0.5815128153160676,0.1772568053977895,104.0,115.0
bitbrains_fast_storage/5t/short,Reverso-Small,0.6854537711277456,0.5014573152441328,54.0,106.0
bitbrains_fast_storage/5t/medium,Reverso-Small,1.0093530563675128,0.864471340553978,72.0,108.0
bitbrains_fast_storage/5t/long,Reverso-Small,0.906724506743722,0.8177946622132759,60.0,94.0
bitbrains_fast_storage/h/short,Reverso-Small,0.9916231837917068,1.1095571664074773,36.0,123.0
bitbrains_rnd/5t/short,Reverso-Small,1.6480136710900797,0.5080380611802329,55.0,107.0
bitbrains_rnd/5t/medium,Reverso-Small,4.401331154488395,0.60781213468144,59.0,35.0
bitbrains_rnd/5t/long,Reverso-Small,3.3633801653724262,0.914612017841622,67.0,113.0
bitbrains_rnd/h/short,Reverso-Small,5.828694373678671,0.7242936904018484,60.0,102.0
bizitobs_application/10s/short,Reverso-Small,1.2610833257250018,0.015220964121336,70.0,79.0
bizitobs_application/10s/medium,Reverso-Small,2.358555564545439,0.0410692707000618,49.0,79.0
bizitobs_application/10s/long,Reverso-Small,3.3389248089127563,0.0582935038323123,79.0,96.0
bizitobs_l2c/5t/short,Reverso-Small,0.2775371258462197,0.0917411843411475,74.0,112.0
bizitobs_l2c/5t/medium,Reverso-Small,0.4564805176644196,0.2391052980735838,16.0,49.0
bizitobs_l2c/5t/long,Reverso-Small,0.4418454284887992,0.2471335976472321,12.0,36.0
bizitobs_l2c/h/short,Reverso-Small,0.4990361258721705,0.2775561633149215,82.0,99.0
bizitobs_l2c/h/medium,Reverso-Small,0.5297191196582466,0.3208681627776284,80.0,94.0
bizitobs_l2c/h/long,Reverso-Small,0.5654057984042451,0.3245115415852722,46.0,86.0
bizitobs_service/10s/short,Reverso-Small,0.8346290972568889,0.0153747781634644,71.0,84.0
bizitobs_service/10s/medium,Reverso-Small,1.0607230263640075,0.0283103775693314,57.0,65.0
bizitobs_service/10s/long,Reverso-Small,1.3836594067403003,0.0578425315964978,74.0,95.0
car_parts/m/short,Reverso-Small,0.8821473348653782,1.186967287870084,79.0,107.0
covid_deaths/d/short,Reverso-Small,37.51697401428701,0.0630770938775293,84.0,99.0
electricity/15t/short,Reverso-Small,1.0515670306574605,0.1091394757541483,75.0,102.0
electricity/15t/medium,Reverso-Small,0.8531382290082533,0.0954350889279162,63.0,105.0
electricity/15t/long,Reverso-Small,0.903408218810261,0.0954690977519888,64.0,104.0
electricity/d/short,Reverso-Small,1.5068495683721843,0.0771124388119229,94.0,107.0
electricity/h/short,Reverso-Small,0.9879554875036995,0.0856673189945457,78.0,110.0
electricity/h/medium,Reverso-Small,1.0711332505857554,0.0941804764446369,64.0,108.0
electricity/h/long,Reverso-Small,1.18751493399923,0.1083487781113175,52.0,107.0
electricity/w/short,Reverso-Small,1.649697077885574,0.076666061074661,87.0,102.0
ett1/15t/short,Reverso-Small,0.7010962108985133,0.2089192628709514,73.0,107.0
ett1/15t/medium,Reverso-Small,1.0197569849283528,0.3147211300695229,67.0,104.0
ett1/15t/long,Reverso-Small,1.0431997075419488,0.3132206334006138,76.0,107.0
ett1/d/short,Reverso-Small,1.6136443842693238,0.3424919886567678,15.0,110.0
ett1/h/short,Reverso-Small,0.8156136971147826,0.2286359867384821,50.0,111.0
ett1/h/medium,Reverso-Small,1.2508043345326607,0.3187045059224918,38.0,106.0
ett1/h/long,Reverso-Small,1.3563275947330111,0.3421501828261568,44.0,108.0
ett1/w/short,Reverso-Small,1.514717762061007,0.3253129118266382,33.0,115.0
ett2/15t/short,Reverso-Small,0.7575083356657596,0.0835834969892112,74.0,111.0
ett2/15t/medium,Reverso-Small,0.8821034464398907,0.1145553122573602,62.0,104.0
ett2/15t/long,Reverso-Small,0.9029007516933176,0.1142912568842048,67.0,101.0
ett2/d/short,Reverso-Small,1.3072770573816976,0.1166763757666513,60.0,108.0
ett2/h/short,Reverso-Small,0.7196858041291935,0.0793704362900005,19.0,109.0
ett2/h/medium,Reverso-Small,0.982617833680534,0.1221053898575048,7.0,102.0
ett2/h/long,Reverso-Small,1.0005420491172383,0.1244381137495089,20.0,96.0
ett2/w/short,Reverso-Small,0.8235675317379746,0.1075974760692591,61.0,96.0
hierarchical_sales/d/short,Reverso-Small,0.7489388419348415,0.7136663631477659,78.0,114.0
hierarchical_sales/w/short,Reverso-Small,0.7314807399320065,0.4156184786844191,73.0,110.0
hospital/m/short,Reverso-Small,0.791945090494984,0.0692332779139049,95.0,115.0
jena_weather/10t/short,Reverso-Small,0.2838665345426088,0.0357115788987829,62.0,91.0
jena_weather/10t/medium,Reverso-Small,0.6146520935201242,0.062970787329191,69.0,98.0
jena_weather/10t/long,Reverso-Small,0.6420693954598913,0.0611734825252611,53.0,93.0
jena_weather/d/short,Reverso-Small,1.3085252136052272,0.0661420768343395,105.0,110.0
jena_weather/h/short,Reverso-Small,0.5140472751710953,0.0494795928720273,21.0,102.0
jena_weather/h/medium,Reverso-Small,0.7998861953600803,0.0665167316944679,66.0,103.0
jena_weather/h/long,Reverso-Small,1.0538389900449128,0.0711915903682424,80.0,98.0
kdd_cup_2018/d/short,Reverso-Small,1.20938751697858,0.4756177409110622,88.0,115.0
kdd_cup_2018/h/short,Reverso-Small,0.9592029089003647,0.4798194383894431,85.0,113.0
kdd_cup_2018/h/medium,Reverso-Small,1.05227817842397,0.5328676815230461,75.0,114.0
kdd_cup_2018/h/long,Reverso-Small,1.0350594869694132,0.5785552309533847,80.0,114.0
m4_daily/d/short,Reverso-Small,3.364215184395057,0.0278085018018335,84.0,110.0
m4_hourly/h/short,Reverso-Small,0.8619210891053847,0.0314276839484463,77.0,100.0
m4_monthly/m/short,Reverso-Small,0.9472883817796516,0.1161980186562832,63.0,113.0
m4_quarterly/q/short,Reverso-Small,1.2185298612740507,0.0969791412450007,76.0,116.0
m4_weekly/w/short,Reverso-Small,2.17453347866156,0.0524774073223614,73.0,112.0
m4_yearly/a/short,Reverso-Small,3.5277336655649956,0.1486391987189961,88.0,112.0
restaurant/d/short,Reverso-Small,0.6993737771005242,0.3372270378170563,81.0,115.0
saugeen/d/short,Reverso-Small,2.906358085344583,0.4237466964063237,58.0,109.0
saugeen/m/short,Reverso-Small,0.7667669934907616,0.3928645715646049,98.0,115.0
saugeen/w/short,Reverso-Small,1.2949824481404906,0.4817602179003441,89.0,109.0
solar/10t/short,Reverso-Small,1.09326430274056,0.7218271190111554,86.0,106.0
solar/10t/medium,Reverso-Small,0.8456019225699513,0.4284945993091034,63.0,94.0
solar/10t/long,Reverso-Small,0.9203305702715894,0.4536788786287131,89.0,95.0
solar/d/short,Reverso-Small,1.0178680499859605,0.3762605230676323,104.0,116.0
solar/h/short,Reverso-Small,0.8398173682933303,0.4005052128166512,55.0,108.0
solar/h/medium,Reverso-Small,0.8635052589172323,0.4061843687901242,60.0,107.0
solar/h/long,Reverso-Small,0.9573722436282174,0.4353138236007172,71.0,106.0
solar/w/short,Reverso-Small,1.487490252269332,0.2757048506453845,107.0,118.0
temperature_rain/d/short,Reverso-Small,1.3949130115645405,0.7165096428170751,87.0,116.0
us_births/d/short,Reverso-Small,0.3729252545417031,0.0237335939067247,62.0,88.0
us_births/m/short,Reverso-Small,0.8903067037182648,0.0243906243589844,109.0,114.0
us_births/w/short,Reverso-Small,1.213292689723097,0.0181186808907196,85.0,110.0
loop_seattle/5t/short,Reverso,0.5531433084095438,0.0598205773229805,56.0,99.0
loop_seattle/5t/medium,Reverso,0.8008178953037198,0.0894936759262156,65.0,92.0
loop_seattle/5t/long,Reverso,0.8879720415943456,0.0989563891250565,72.0,98.0
loop_seattle/d/short,Reverso,0.8817787960999898,0.0523741063182176,60.0,113.0
loop_seattle/h/short,Reverso,0.8113060034478188,0.0705153428320243,41.0,100.0
loop_seattle/h/medium,Reverso,0.9009445375532196,0.0776452756974171,45.0,100.0
loop_seattle/h/long,Reverso,0.8667830845768202,0.0738995520012254,46.0,94.0
m_dense/d/short,Reverso,0.7038465636783665,0.0818013465260424,71.0,103.0
m_dense/h/short,Reverso,0.8145597882863347,0.1645387857512705,80.0,109.0
m_dense/h/medium,Reverso,0.6702526195151011,0.1337185259474181,16.0,88.0
m_dense/h/long,Reverso,0.6776546764911341,0.1330879912266905,30.0,85.0
sz_taxi/15t/short,Reverso,0.5441355161815703,0.2549643741831723,51.0,114.0
sz_taxi/15t/medium,Reverso,0.5419706879559428,0.258412049815078,73.0,113.0
sz_taxi/15t/long,Reverso,0.5148471708638769,0.2527153719549921,73.0,110.0
sz_taxi/h/short,Reverso,0.5697590142308887,0.1740958845037138,78.0,113.0
bitbrains_fast_storage/5t/short,Reverso,0.6702749114085718,0.49750012731182,42.0,105.0
bitbrains_fast_storage/5t/medium,Reverso,0.9882707766257894,0.785316362344733,58.0,97.0
bitbrains_fast_storage/5t/long,Reverso,0.8827872465017299,0.7652542542012558,44.0,81.0
bitbrains_fast_storage/h/short,Reverso,1.0029178485116803,0.9461641044246424,39.0,119.0
bitbrains_rnd/5t/short,Reverso,1.6286416033941424,0.5188095429957503,42.0,109.0
bitbrains_rnd/5t/medium,Reverso,4.376602442077448,0.5993416889589258,43.0,24.0
bitbrains_rnd/5t/long,Reverso,3.3421798159993785,1.0172506207899068,62.0,117.0
bitbrains_rnd/h/short,Reverso,5.813244215159692,0.7842310023749072,48.0,109.0
bizitobs_application/10s/short,Reverso,1.0613617484279538,0.0116930236127902,42.0,64.0
bizitobs_application/10s/medium,Reverso,1.5192977275385162,0.0230786637122547,4.0,8.0
bizitobs_application/10s/long,Reverso,3.237314984957008,0.0578094287533685,58.0,94.0
bizitobs_l2c/5t/short,Reverso,0.2824764785882737,0.0952555954956681,85.0,114.0
bizitobs_l2c/5t/medium,Reverso,0.4682758863370816,0.2461916520547726,21.0,53.0
bizitobs_l2c/5t/long,Reverso,0.4890549595639066,0.2747587313177911,22.0,49.0
bizitobs_l2c/h/short,Reverso,0.438345163447048,0.2422379760921637,48.0,92.0
bizitobs_l2c/h/medium,Reverso,0.4881434201656874,0.2917466286676852,40.0,86.0
bizitobs_l2c/h/long,Reverso,0.547295591894345,0.3099723361726851,22.0,80.0
bizitobs_service/10s/short,Reverso,0.7725235799071669,0.0132660099516563,55.0,71.0
bizitobs_service/10s/medium,Reverso,0.9604990259138496,0.0205024762570385,15.0,25.0
bizitobs_service/10s/long,Reverso,1.3776207441471249,0.0568318023281346,69.0,91.0
car_parts/m/short,Reverso,0.8652331348279495,1.1581348306060315,68.0,102.0
covid_deaths/d/short,Reverso,34.361338908049675,0.0473771295107751,60.0,86.0
electricity/15t/short,Reverso,1.0297251678494623,0.1062714488334568,66.0,101.0
electricity/15t/medium,Reverso,0.8463493902899706,0.0952523130928878,60.0,104.0
electricity/15t/long,Reverso,0.8917276138003151,0.0935460595991417,57.0,100.0
electricity/d/short,Reverso,1.4780677463314789,0.0754240119949247,83.0,105.0
electricity/h/short,Reverso,0.9649392490364396,0.0833920599945877,70.0,108.0
electricity/h/medium,Reverso,1.0626228877751438,0.0936545834598154,51.0,106.0
electricity/h/long,Reverso,1.1939721595637678,0.1083055128297524,64.0,106.0
electricity/w/short,Reverso,1.6038300886809411,0.0767426933211957,79.0,103.0
ett1/15t/short,Reverso,0.6924302221448659,0.2071741160196072,66.0,106.0
ett1/15t/medium,Reverso,1.041854420963661,0.3235375485941461,81.0,108.0
ett1/15t/long,Reverso,1.0498347242992814,0.3116652561237858,78.0,106.0
ett1/d/short,Reverso,1.6065898351484555,0.3357877652411541,13.0,107.0
ett1/h/short,Reverso,0.811171914032813,0.2300823931002137,43.0,113.0
ett1/h/medium,Reverso,1.2476324179803209,0.3208101719131767,33.0,107.0
ett1/h/long,Reverso,1.3335629317273348,0.3411295873432893,21.0,106.0
ett1/w/short,Reverso,1.4936460256083846,0.308557436623664,27.0,103.0
ett2/15t/short,Reverso,0.7478609137150616,0.0817976885703669,61.0,108.0
ett2/15t/medium,Reverso,0.8902832083065758,0.1160694243892923,70.0,106.0
ett2/15t/long,Reverso,0.9261187870845332,0.1177583464422912,79.0,106.0
ett2/d/short,Reverso,1.34493251559662,0.1152607370527133,80.0,106.0
ett2/h/short,Reverso,0.714010829763408,0.0788407945491446,9.0,108.0
ett2/h/medium,Reverso,0.9900276773249654,0.1239706946684129,10.0,104.0
ett2/h/long,Reverso,0.9873352315203536,0.1221240040913831,12.0,95.0
ett2/w/short,Reverso,0.7538306532275748,0.1023310445131339,16.0,88.0
hierarchical_sales/d/short,Reverso,0.7456013288611033,0.7101789744240296,54.0,112.0
hierarchical_sales/w/short,Reverso,0.7468691080158291,0.4199498649997064,90.0,112.0
hospital/m/short,Reverso,0.7862559733805203,0.0668426912779145,90.0,113.0
jena_weather/10t/short,Reverso,0.2907217798059438,0.0371920691361638,72.0,96.0
jena_weather/10t/medium,Reverso,0.6179350144136233,0.06291861631084,74.0,97.0
jena_weather/10t/long,Reverso,0.6427200998800168,0.0635434979576877,54.0,96.0
jena_weather/d/short,Reverso,1.300311593286955,0.0663637211327024,102.0,111.0
jena_weather/h/short,Reverso,0.5126171755898256,0.0493309964360986,9.0,101.0
jena_weather/h/medium,Reverso,0.7811542646086442,0.0670772568879564,50.0,104.0
jena_weather/h/long,Reverso,1.007521225700756,0.0703997562795931,63.0,96.0
kdd_cup_2018/d/short,Reverso,1.2125542782692198,0.4794942617024083,96.0,117.0
kdd_cup_2018/h/short,Reverso,0.9512714176007964,0.4748595202323406,74.0,111.0
kdd_cup_2018/h/medium,Reverso,1.045378276597699,0.5259414511495097,60.0,111.0
kdd_cup_2018/h/long,Reverso,1.0414760233311289,0.5748278436272722,87.0,112.0
m4_daily/d/short,Reverso,3.328038187662337,0.0276919338181134,77.0,109.0
m4_hourly/h/short,Reverso,0.78197500457088,0.0345925002423089,61.0,109.0
m4_monthly/m/short,Reverso,0.947244001964259,0.1157405866970415,62.0,112.0
m4_quarterly/q/short,Reverso,1.2158741962353083,0.0970694780110497,74.0,117.0
m4_weekly/w/short,Reverso,2.0522175227384434,0.0486843306854818,58.0,102.0
m4_yearly/a/short,Reverso,3.425081742085065,0.1480862373799717,81.0,111.0
restaurant/d/short,Reverso,0.6935865404462932,0.334231132272185,73.0,114.0
saugeen/d/short,Reverso,2.860124642209978,0.4169520850001711,51.0,103.0
saugeen/m/short,Reverso,0.7680884999556791,0.3936007494937942,100.0,116.0
saugeen/w/short,Reverso,1.2568986557689008,0.4676371620191896,84.0,104.0
solar/10t/short,Reverso,1.1668751966846744,0.7681360740051263,102.0,109.0
solar/10t/medium,Reverso,0.8224154015003333,0.4163998798983502,48.0,93.0
solar/10t/long,Reverso,0.859266352822312,0.4235359803068158,74.0,92.0
solar/d/short,Reverso,1.016751880984084,0.3758621421624866,101.0,115.0
solar/h/short,Reverso,0.8385650524715959,0.4000619276082574,53.0,107.0
solar/h/medium,Reverso,0.8805997061679521,0.4142469502086207,71.0,109.0
solar/h/long,Reverso,0.9416100891758954,0.4281217932596174,64.0,103.0
solar/w/short,Reverso,1.4687165370697286,0.2743911958820116,103.0,117.0
temperature_rain/d/short,Reverso,1.385285088711618,0.7094986914860398,85.0,115.0
us_births/d/short,Reverso,0.3505168013358206,0.0223078956329405,54.0,77.0
us_births/m/short,Reverso,0.7934235667392094,0.0217784112961348,98.0,110.0
us_births/w/short,Reverso,1.0961373751091228,0.0163752273341559,70.0,99.0
ett1/15t/medium,STRIDE (+Chronos-2),0.9313177853440836,0.2156674922615124,3.0,3.0
ett1/h/medium,STRIDE (+Chronos-2),1.2359120466891644,0.2494065982249788,22.0,22.0
ett2/15t/medium,STRIDE (+Chronos-2),0.7991730685241393,0.0814458821701667,3.0,3.0
ett2/h/medium,STRIDE (+Chronos-2),0.9852234535007052,0.0989871362988432,8.0,11.0
bizitobs_l2c/h/long,STRIDE (+Chronos-2),0.5513812773138917,0.255158917249686,31.0,32.0
electricity/15t/short,STRIDE (+Chronos-2),1.0508904992427877,0.0886178000049716,74.0,63.0
electricity/h/short,STRIDE (+Chronos-2),0.9466001855218096,0.0661223428377445,60.0,51.0
electricity/d/short,STRIDE (+Chronos-2),1.3794527485463446,0.0558458295273983,39.0,60.0
electricity/w/short,STRIDE (+Chronos-2),1.4265942058086507,0.0516613713691536,35.0,59.0
solar/10t/short,STRIDE (+Chronos-2),0.7117288340536145,0.3464934010961457,12.0,5.0
solar/h/short,STRIDE (+Chronos-2),0.5627655129210789,0.2112799965230212,18.0,18.0
solar/d/short,STRIDE (+Chronos-2),0.4347200817870773,0.1263780833533342,1.0,1.0
solar/w/short,STRIDE (+Chronos-2),0.3146988530266777,0.0482031862762853,1.0,1.0
hospital/m/short,STRIDE (+Chronos-2),0.741555172268488,0.0487256214995261,16.0,18.0
covid_deaths/d/short,STRIDE (+Chronos-2),58.68637121571867,0.1992316280964311,124.0,125.0
us_births/d/short,STRIDE (+Chronos-2),0.4571060278629681,0.022838936917826,89.0,81.0
us_births/m/short,STRIDE (+Chronos-2),0.6265474360858291,0.0141269038605812,42.0,65.0
us_births/w/short,STRIDE (+Chronos-2),0.9848008013043016,0.0117210153243876,45.0,46.0
saugeen/d/short,STRIDE (+Chronos-2),2.835311677751413,0.3377373501092242,45.0,39.0
saugeen/m/short,STRIDE (+Chronos-2),0.754092400195826,0.3046127222257078,85.0,77.0
saugeen/w/short,STRIDE (+Chronos-2),1.136936406106785,0.3398454805536934,12.0,11.0
temperature_rain/d/short,STRIDE (+Chronos-2),1.3290581292949537,0.5417152129446104,39.0,23.0
kdd_cup_2018/h/short,STRIDE (+Chronos-2),0.7268151506363564,0.2953251045868664,13.0,12.0
kdd_cup_2018/d/short,STRIDE (+Chronos-2),1.0110730315446594,0.3068441375571189,4.0,3.0
car_parts/m/short,STRIDE (+Chronos-2),0.8361033982219371,0.9248127344406962,36.0,6.0
restaurant/d/short,STRIDE (+Chronos-2),0.69235385352393,0.2603350979722798,67.0,65.0
hierarchical_sales/d/short,STRIDE (+Chronos-2),0.7379017700613866,0.5658625703755442,10.0,9.0
hierarchical_sales/w/short,STRIDE (+Chronos-2),0.7040509716655653,0.3317615944846054,7.0,7.0
loop_seattle/5t/short,STRIDE (+Chronos-2),0.5492874580407409,0.0474440343308643,51.0,51.0
loop_seattle/h/short,STRIDE (+Chronos-2),0.6663845529269419,0.0462293188937758,3.0,2.0
loop_seattle/d/short,STRIDE (+Chronos-2),0.5305910445916016,0.0243789871404952,1.0,1.0
sz_taxi/15t/short,STRIDE (+Chronos-2),0.5466070416405345,0.2012746454922588,70.0,59.0
sz_taxi/h/short,STRIDE (+Chronos-2),0.5561698441229773,0.1341809187982803,6.0,17.0
m_dense/h/short,STRIDE (+Chronos-2),0.701435292708281,0.1135730107292118,5.0,5.0
m_dense/d/short,STRIDE (+Chronos-2),0.5194426618051616,0.0459867719252177,3.0,2.0
ett1/15t/short,STRIDE (+Chronos-2),0.6864628109938155,0.1568715557849468,55.0,39.0
ett1/h/short,STRIDE (+Chronos-2),0.8354293309303162,0.1801548234391007,73.0,63.0
ett1/d/short,STRIDE (+Chronos-2),1.6149741930896049,0.274256724878075,16.0,39.0
ett1/w/short,STRIDE (+Chronos-2),1.5575353120636772,0.2520830037217689,52.0,25.0
ett2/15t/short,STRIDE (+Chronos-2),0.7066008061572634,0.0607250259211904,12.0,12.0
ett2/h/short,STRIDE (+Chronos-2),0.7297701467986009,0.063731422613907,44.0,40.0
ett2/d/short,STRIDE (+Chronos-2),1.3307703924805203,0.0917304326328415,71.0,38.0
ett2/w/short,STRIDE (+Chronos-2),0.9396971135006266,0.0877846201265261,85.0,52.0
jena_weather/10t/short,STRIDE (+Chronos-2),0.3064988260768445,0.0284018566502718,79.0,60.0
jena_weather/h/short,STRIDE (+Chronos-2),0.568776630183965,0.047223293981642,99.0,97.0
jena_weather/d/short,STRIDE (+Chronos-2),1.0473763254294408,0.04708606598109,50.0,61.0
bitbrains_fast_storage/5t/short,STRIDE (+Chronos-2),0.7602508237639014,0.4131778041655745,80.0,65.0
bitbrains_fast_storage/h/short,STRIDE (+Chronos-2),1.1039852830059371,0.5219628404686295,81.0,4.0
bitbrains_rnd/5t/short,STRIDE (+Chronos-2),1.6897355110064876,0.4310059175745046,72.0,72.0
bitbrains_rnd/h/short,STRIDE (+Chronos-2),5.410193016192036,0.5145035748406723,2.0,1.0
bizitobs_application/10s/short,STRIDE (+Chronos-2),1.2110393323855846,0.0116030810761921,66.0,61.0
bizitobs_service/10s/short,STRIDE (+Chronos-2),0.8086527484618291,0.0130396463663007,67.0,69.0
bizitobs_l2c/5t/short,STRIDE (+Chronos-2),0.2944016186498748,0.0785954640016235,99.0,87.0
bizitobs_l2c/h/short,STRIDE (+Chronos-2),0.4698289024180657,0.1993530005646414,64.0,64.0
electricity/15t/medium,STRIDE (+Chronos-2),0.8350786774486045,0.0729629644312759,53.0,42.0
electricity/h/medium,STRIDE (+Chronos-2),1.0786468882624587,0.0738835670428622,71.0,43.0
solar/10t/medium,STRIDE (+Chronos-2),0.6607717947014834,0.2687846473974601,4.0,3.0
solar/h/medium,STRIDE (+Chronos-2),0.5392573156575061,0.2020865574382193,15.0,15.0
kdd_cup_2018/h/medium,STRIDE (+Chronos-2),0.7647735983588785,0.3068134269766066,5.0,5.0
loop_seattle/5t/medium,STRIDE (+Chronos-2),0.6319917990946439,0.0567725228444982,7.0,7.0
loop_seattle/h/medium,STRIDE (+Chronos-2),0.7039650788709285,0.0482630681689495,3.0,4.0
sz_taxi/15t/medium,STRIDE (+Chronos-2),0.5320571842007586,0.1997721512478033,6.0,6.0
m_dense/h/medium,STRIDE (+Chronos-2),0.68831914268913,0.1120667382930475,43.0,25.0
jena_weather/10t/medium,STRIDE (+Chronos-2),0.5978464554832732,0.050499863311713,47.0,67.0
jena_weather/h/medium,STRIDE (+Chronos-2),0.757290289926665,0.0535466103934648,27.0,64.0
bitbrains_fast_storage/5t/medium,STRIDE (+Chronos-2),1.001712861870819,0.5520330510108695,68.0,3.0
bitbrains_rnd/5t/medium,STRIDE (+Chronos-2),4.406766900776002,0.5269822620809231,62.0,1.0
bizitobs_application/10s/medium,STRIDE (+Chronos-2),1.7177908432065832,0.0166679016335838,6.0,2.0
bizitobs_service/10s/medium,STRIDE (+Chronos-2),0.9464267201945348,0.0170088643155628,8.0,4.0
bizitobs_l2c/5t/medium,STRIDE (+Chronos-2),0.4028462624501128,0.165247923226563,3.0,2.0
bizitobs_l2c/h/medium,STRIDE (+Chronos-2),0.4994720702396824,0.2352284255212457,61.0,45.0
electricity/15t/long,STRIDE (+Chronos-2),0.8854960982372947,0.0738227513419438,54.0,45.0
electricity/h/long,STRIDE (+Chronos-2),1.1599515380404806,0.0843567041953639,37.0,38.0
solar/10t/long,STRIDE (+Chronos-2),0.6639025775106535,0.2653691482362146,3.0,4.0
solar/h/long,STRIDE (+Chronos-2),0.6825577606259207,0.2469925546224803,20.0,20.0
kdd_cup_2018/h/long,STRIDE (+Chronos-2),0.7205754689856206,0.3145912609447799,4.0,5.0
loop_seattle/5t/long,STRIDE (+Chronos-2),0.6379965092967731,0.0571389569607352,7.0,8.0
loop_seattle/h/long,STRIDE (+Chronos-2),0.7585939434211358,0.051817425818883,4.0,7.0
sz_taxi/15t/long,STRIDE (+Chronos-2),0.501615984193254,0.1931398342158801,3.0,3.0
m_dense/h/long,STRIDE (+Chronos-2),0.6799291274421979,0.1098219078153884,37.0,20.0
ett1/15t/long,STRIDE (+Chronos-2),0.9687724232162376,0.2198318721320991,14.0,6.0
ett1/h/long,STRIDE (+Chronos-2),1.4214427350005172,0.2736324724715033,88.0,58.0
ett2/15t/long,STRIDE (+Chronos-2),0.8570443110902306,0.0875327600112494,12.0,4.0
ett2/h/long,STRIDE (+Chronos-2),1.012750470754618,0.1015333311010274,39.0,29.0
jena_weather/10t/long,STRIDE (+Chronos-2),0.6363053184427799,0.0509578515896081,44.0,64.0
jena_weather/h/long,STRIDE (+Chronos-2),0.8691882449010763,0.0594414323293296,19.0,62.0
bitbrains_fast_storage/5t/long,STRIDE (+Chronos-2),0.8969832790654502,0.5919439414595115,53.0,10.0
bitbrains_rnd/5t/long,STRIDE (+Chronos-2),3.330295227268027,0.5964236578831296,58.0,27.0
bizitobs_application/10s/long,STRIDE (+Chronos-2),2.7305087901140364,0.0382679211727899,4.0,3.0
bizitobs_service/10s/long,STRIDE (+Chronos-2),1.230080717762228,0.0476336675577658,5.0,3.0
bizitobs_l2c/5t/long,STRIDE (+Chronos-2),0.4285657469185464,0.1879664885306519,8.0,6.0
m4_yearly/a/short,STRIDE (+Chronos-2),6.3795856943340485,0.1805690753579315,126.0,122.0
m4_quarterly/q/short,STRIDE (+Chronos-2),2.03279528559001,0.110654321086308,126.0,123.0
m4_monthly/m/short,STRIDE (+Chronos-2),1.1481731701753053,0.1050675145073757,114.0,105.0
m4_weekly/w/short,STRIDE (+Chronos-2),5.55603759229503,0.0588268250909629,126.0,116.0
m4_daily/d/short,STRIDE (+Chronos-2),4.657635101754588,0.0313583185710101,122.0,118.0
m4_hourly/h/short,STRIDE (+Chronos-2),1.1696947832434128,0.023328349923571,101.0,64.0
ett1/15t/medium,STRIDE (+Timer-S1),0.9615790747079525,0.2294773476245927,13.0,34.0
ett1/h/medium,STRIDE (+Timer-S1),1.2526538537213945,0.2711647013174976,42.0,76.0
ett2/15t/medium,STRIDE (+Timer-S1),0.8417382947924624,0.0893519558972953,10.0,53.0
ett2/h/medium,STRIDE (+Timer-S1),1.0535589222882908,0.1041184394415318,78.0,49.0
bizitobs_l2c/h/long,STRIDE (+Timer-S1),0.5455111605102733,0.2552028554783936,18.0,33.0
electricity/15t/short,STRIDE (+Timer-S1),0.940114219891076,0.0816194343180229,43.0,41.0
electricity/h/short,STRIDE (+Timer-S1),0.9303442642730811,0.0684339241415551,52.0,69.0
electricity/d/short,STRIDE (+Timer-S1),1.372025634532198,0.054185807274598,27.0,38.0
electricity/w/short,STRIDE (+Timer-S1),1.5066743773440734,0.0484121307335908,58.0,35.0
solar/10t/short,STRIDE (+Timer-S1),0.6927006357822495,0.3534068226632982,10.0,9.0
solar/h/short,STRIDE (+Timer-S1),0.5550794342853163,0.209407634885094,17.0,17.0
solar/d/short,STRIDE (+Timer-S1),0.925550495627316,0.2570573417331858,6.0,5.0
solar/w/short,STRIDE (+Timer-S1),1.224799776872976,0.1695770323545231,84.0,80.0
hospital/m/short,STRIDE (+Timer-S1),0.7759547989921798,0.0522669444230859,74.0,59.0
covid_deaths/d/short,STRIDE (+Timer-S1),38.63344263175425,0.0492231635062323,89.0,89.0
us_births/d/short,STRIDE (+Timer-S1),0.3031568938815556,0.0156029144212772,5.0,11.0
us_births/m/short,STRIDE (+Timer-S1),0.4316338168282667,0.0097948335304848,5.0,7.0
us_births/w/short,STRIDE (+Timer-S1),0.9572261278641242,0.0115224617407953,36.0,40.0
saugeen/d/short,STRIDE (+Timer-S1),2.2885760096561243,0.2806511696380475,2.0,2.0
saugeen/m/short,STRIDE (+Timer-S1),0.7267600541399274,0.2859835415611851,48.0,26.0
saugeen/w/short,STRIDE (+Timer-S1),0.9738667067359958,0.2962922544686979,4.0,4.0
temperature_rain/d/short,STRIDE (+Timer-S1),1.355972003611262,0.549960474986174,66.0,48.0
kdd_cup_2018/h/short,STRIDE (+Timer-S1),0.6814553769216859,0.2783034575840732,8.0,7.0
kdd_cup_2018/d/short,STRIDE (+Timer-S1),1.175066704289955,0.3700685222403955,15.0,19.0
car_parts/m/short,STRIDE (+Timer-S1),0.8538773565980375,0.9541479543481411,59.0,34.0
restaurant/d/short,STRIDE (+Timer-S1),0.6842260429605003,0.2568758454533751,51.0,47.0
hierarchical_sales/d/short,STRIDE (+Timer-S1),0.7407711377626105,0.566854957564001,29.0,10.0
hierarchical_sales/w/short,STRIDE (+Timer-S1),0.7268728870901904,0.3513621607153163,67.0,71.0
loop_seattle/5t/short,STRIDE (+Timer-S1),0.551450301313058,0.0467546845491286,52.0,44.0
loop_seattle/h/short,STRIDE (+Timer-S1),0.778199380229826,0.0550691337883036,26.0,29.0
loop_seattle/d/short,STRIDE (+Timer-S1),0.6957758662169882,0.0333312639253477,4.0,5.0
sz_taxi/15t/short,STRIDE (+Timer-S1),0.5463859346923953,0.2006244622471764,66.0,47.0
sz_taxi/h/short,STRIDE (+Timer-S1),0.5641471032304524,0.1357776858715007,65.0,55.0
m_dense/h/short,STRIDE (+Timer-S1),0.6792292450224638,0.1128630152891429,3.0,4.0
m_dense/d/short,STRIDE (+Timer-S1),0.5455097617454854,0.0506349757411162,4.0,3.0
ett1/15t/short,STRIDE (+Timer-S1),0.6524556703349379,0.1492016792114609,6.0,5.0
ett1/h/short,STRIDE (+Timer-S1),0.7462308992265931,0.1629598896490468,4.0,5.0
ett1/d/short,STRIDE (+Timer-S1),1.7243919071167684,0.2779575292930923,84.0,58.0
ett1/w/short,STRIDE (+Timer-S1),1.6230639720518618,0.2721543520931472,89.0,66.0
ett2/15t/short,STRIDE (+Timer-S1),0.720705631375991,0.0620944634766106,31.0,26.0
ett2/h/short,STRIDE (+Timer-S1),0.7150823471225262,0.060425174712337,10.0,5.0
ett2/d/short,STRIDE (+Timer-S1),1.3029073568228922,0.0917924438837057,57.0,40.0
ett2/w/short,STRIDE (+Timer-S1),0.7882920405601482,0.0932707320844546,43.0,70.0
jena_weather/10t/short,STRIDE (+Timer-S1),0.28574115073546,0.0283547968311033,65.0,59.0
jena_weather/h/short,STRIDE (+Timer-S1),0.5422606856181066,0.045108122482756,83.0,88.0
jena_weather/d/short,STRIDE (+Timer-S1),1.0754887886495543,0.0487651312487105,62.0,72.0
bitbrains_fast_storage/5t/short,STRIDE (+Timer-S1),0.6908481895967914,0.3720004033990905,61.0,31.0
bitbrains_fast_storage/h/short,STRIDE (+Timer-S1),0.9973926372165,0.5556236222412508,38.0,11.0
bitbrains_rnd/5t/short,STRIDE (+Timer-S1),1.670784409242814,0.3816077081050065,70.0,26.0
bitbrains_rnd/h/short,STRIDE (+Timer-S1),5.815581775887541,0.6030012600799348,50.0,29.0
bizitobs_application/10s/short,STRIDE (+Timer-S1),1.1340850959726552,0.0090085124623581,62.0,5.0
bizitobs_service/10s/short,STRIDE (+Timer-S1),0.7724131299792786,0.0115552914680346,54.0,52.0
bizitobs_l2c/5t/short,STRIDE (+Timer-S1),0.2385697025677909,0.0624172017549482,27.0,26.0
bizitobs_l2c/h/short,STRIDE (+Timer-S1),0.407070629597961,0.175516151335352,9.0,11.0
electricity/15t/medium,STRIDE (+Timer-S1),0.8557221663157266,0.0794245991788254,69.0,70.0
electricity/h/medium,STRIDE (+Timer-S1),1.0791384619555775,0.0819610226966062,72.0,78.0
solar/10t/medium,STRIDE (+Timer-S1),0.8214740913722683,0.3147737655452018,47.0,45.0
solar/h/medium,STRIDE (+Timer-S1),0.6173892346371592,0.2329855966527839,18.0,18.0
kdd_cup_2018/h/medium,STRIDE (+Timer-S1),0.7627464443892554,0.3136187302595888,4.0,6.0
loop_seattle/5t/medium,STRIDE (+Timer-S1),0.7540801694795448,0.0683343925810983,39.0,49.0
loop_seattle/h/medium,STRIDE (+Timer-S1),0.8585334944085192,0.061026779608082,29.0,36.0
sz_taxi/15t/medium,STRIDE (+Timer-S1),0.5340426580711192,0.2092749702312447,30.0,80.0
m_dense/h/medium,STRIDE (+Timer-S1),0.6477321578385692,0.1087421535125966,7.0,7.0
jena_weather/10t/medium,STRIDE (+Timer-S1),0.6002446184051967,0.0496680721255189,51.0,65.0
jena_weather/h/medium,STRIDE (+Timer-S1),0.7715702473420852,0.0545873811126144,46.0,71.0
bitbrains_fast_storage/5t/medium,STRIDE (+Timer-S1),1.005793675437992,0.5965078494182422,70.0,24.0
bitbrains_rnd/5t/medium,STRIDE (+Timer-S1),4.446760248038229,0.5974321112294589,73.0,22.0
bizitobs_application/10s/medium,STRIDE (+Timer-S1),1.87226196865596,0.0228777149623954,13.0,7.0
bizitobs_service/10s/medium,STRIDE (+Timer-S1),0.9250575924814964,0.015837023809446,3.0,2.0
bizitobs_l2c/5t/medium,STRIDE (+Timer-S1),0.4986955241030308,0.2035009891356407,33.0,26.0
bizitobs_l2c/h/medium,STRIDE (+Timer-S1),0.4751860335923499,0.2298417780737907,14.0,30.0
electricity/15t/long,STRIDE (+Timer-S1),0.9113868839472404,0.0812304258257828,73.0,73.0
electricity/h/long,STRIDE (+Timer-S1),1.2448079283419435,0.1004053450771186,83.0,85.0
solar/10t/long,STRIDE (+Timer-S1),0.8478320702766349,0.3229554057661243,68.0,61.0
solar/h/long,STRIDE (+Timer-S1),0.5910009822511917,0.2156545425376124,15.0,16.0
kdd_cup_2018/h/long,STRIDE (+Timer-S1),0.7510025586964914,0.3300407496028766,9.0,8.0
loop_seattle/5t/long,STRIDE (+Timer-S1),0.8125183051632743,0.075392488257054,38.0,52.0
loop_seattle/h/long,STRIDE (+Timer-S1),0.8396086641057783,0.0604587408305301,28.0,57.0
sz_taxi/15t/long,STRIDE (+Timer-S1),0.50520548133394,0.2095077773417738,21.0,79.0
m_dense/h/long,STRIDE (+Timer-S1),0.6828482606678624,0.1143069689318376,43.0,47.0
ett1/15t/long,STRIDE (+Timer-S1),0.967178526216742,0.2322779653471988,10.0,42.0
ett1/h/long,STRIDE (+Timer-S1),1.4638935572305365,0.3221385136101904,103.0,102.0
ett2/15t/long,STRIDE (+Timer-S1),0.8705108685378943,0.0927096540453984,30.0,58.0
ett2/h/long,STRIDE (+Timer-S1),1.0947065916956884,0.1111612004236204,86.0,74.0
jena_weather/10t/long,STRIDE (+Timer-S1),0.6548591328686529,0.0516581990196566,71.0,71.0
jena_weather/h/long,STRIDE (+Timer-S1),0.9537761606254824,0.0612701665530734,47.0,73.0
bitbrains_fast_storage/5t/long,STRIDE (+Timer-S1),0.906787073863939,0.6319775337888719,61.0,19.0
bitbrains_rnd/5t/long,STRIDE (+Timer-S1),3.375728427978981,0.5984741052608837,70.0,28.0
bizitobs_application/10s/long,STRIDE (+Timer-S1),2.7186513650415485,0.041583622394887,3.0,6.0
bizitobs_service/10s/long,STRIDE (+Timer-S1),1.1679385991249798,0.0489523116314451,2.0,7.0
bizitobs_l2c/5t/long,STRIDE (+Timer-S1),0.5015156049854609,0.2196592369856733,28.0,23.0
m4_yearly/a/short,STRIDE (+Timer-S1),3.9531823698981214,0.1376936269895278,109.0,105.0
m4_quarterly/q/short,STRIDE (+Timer-S1),1.4080246590609071,0.0815459585852763,111.0,89.0
m4_monthly/m/short,STRIDE (+Timer-S1),1.007541823996553,0.094796710248987,95.0,68.0
m4_weekly/w/short,STRIDE (+Timer-S1),3.1389035165730137,0.0452828442668568,118.0,92.0
m4_daily/d/short,STRIDE (+Timer-S1),3.6678049151974945,0.0239370793789577,108.0,96.0
m4_hourly/h/short,STRIDE (+Timer-S1),0.8075630429708978,0.0286187018679599,68.0,90.0
ett1/h/medium,STRIDE_w_Synapse,1.1921210204842154,0.2435490201480419,4.0,3.0
ett1/h/short,STRIDE_w_Synapse,0.7630443479332807,0.1657381876976071,7.0,8.0
ett1/h/long,STRIDE_w_Synapse,1.350638742286614,0.2672367435672533,35.0,44.0
ett2/15t/medium,STRIDE_w_Synapse,0.8102596684875462,0.0830537957684885,5.0,4.0
ett2/15t/short,STRIDE_w_Synapse,0.7026943159666919,0.0603190964298601,9.0,9.0
ett2/15t/long,STRIDE_w_Synapse,0.8524265598472113,0.0873024554465971,4.0,3.0
car_parts/m/short,STRIDE_w_Synapse,0.826614223143124,0.9191295009234836,17.0,3.0
ett1/w/short,STRIDE_w_Synapse,1.5768212355926343,0.2572746066700989,64.0,39.0
m4_weekly/w/short,STRIDE_w_Synapse,1.8685017421735008,0.0362942471856286,20.0,32.0
bitbrains_rnd/5t/medium,STRIDE_w_Synapse,4.325277225962738,0.5637006737014801,16.0,4.0
bitbrains_rnd/5t/short,STRIDE_w_Synapse,1.5868338742427324,0.3633751751576128,24.0,3.0
bitbrains_rnd/5t/long,STRIDE_w_Synapse,3.2505778249486195,0.5740197005636946,15.0,13.0
hospital/m/short,STRIDE_w_Synapse,0.7428829151545531,0.048427121065185,18.0,14.0
us_births/w/short,STRIDE_w_Synapse,0.8347985454046493,0.0098850353781036,5.0,4.0
bizitobs_l2c/5t/medium,STRIDE_w_Synapse,0.4218277908244183,0.1706145872686414,5.0,3.0
bizitobs_l2c/5t/short,STRIDE_w_Synapse,0.2154508321246334,0.056596798275423,16.0,16.0
bizitobs_l2c/5t/long,STRIDE_w_Synapse,0.4514645790732698,0.1899316869443991,13.0,7.0
jena_weather/d/short,STRIDE_w_Synapse,1.089478435886185,0.0462284599268428,68.0,51.0
hierarchical_sales/d/short,STRIDE_w_Synapse,0.7354542141507695,0.5629804390709559,7.0,6.0
saugeen/d/short,STRIDE_w_Synapse,2.571491581122334,0.3069457936994192,7.0,6.0
solar/h/medium,STRIDE_w_Synapse,0.5305747604044029,0.1945158522381455,13.0,13.0
solar/h/short,STRIDE_w_Synapse,0.5005506162580379,0.1892978578488725,13.0,13.0
solar/h/long,STRIDE_w_Synapse,0.5435342129512417,0.1981445927515946,13.0,14.0
m_dense/d/short,STRIDE_w_Synapse,0.5149677165891376,0.0458163760598219,2.0,1.0
bizitobs_service/10s/medium,STRIDE_w_Synapse,0.8477885343785082,0.0139595840265963,1.0,1.0
bizitobs_service/10s/short,STRIDE_w_Synapse,0.6890311434827757,0.0098170113909361,22.0,6.0
bizitobs_service/10s/long,STRIDE_w_Synapse,1.1625097018054735,0.0481222820212918,1.0,6.0
m4_yearly/a/short,STRIDE_w_Synapse,3.207508262781232,0.1125596830874025,40.0,39.0
electricity/15t/medium,STRIDE_w_Synapse,0.7895356098864635,0.0701767986713515,6.0,12.0
electricity/15t/short,STRIDE_w_Synapse,0.8885273271973475,0.0759749478599949,16.0,12.0
electricity/15t/long,STRIDE_w_Synapse,0.8389070884568633,0.0704486073419703,7.0,12.0
kdd_cup_2018/h/medium,STRIDE_w_Synapse,0.7149841856520281,0.2898834600207059,3.0,2.0
kdd_cup_2018/h/short,STRIDE_w_Synapse,0.6692004509067357,0.2715048986543258,6.0,4.0
kdd_cup_2018/h/long,STRIDE_w_Synapse,0.6943901625588659,0.3010865428309715,3.0,4.0
ett2/h/medium,STRIDE_w_Synapse,0.992839039469906,0.0982305010400895,11.0,10.0
ett2/h/short,STRIDE_w_Synapse,0.7045908974241603,0.0606701017643196,4.0,7.0
ett2/h/long,STRIDE_w_Synapse,0.9988326437287854,0.0984784862363193,19.0,11.0
m4_daily/d/short,STRIDE_w_Synapse,3.139131494417965,0.0208432445320163,9.0,18.0
us_births/m/short,STRIDE_w_Synapse,0.4808292578688779,0.0105759268039312,11.0,12.0
us_births/d/short,STRIDE_w_Synapse,0.2883574682095829,0.0153574154449298,2.0,7.0
electricity/h/medium,STRIDE_w_Synapse,1.020583403706634,0.0717967749246826,10.0,15.0
electricity/h/short,STRIDE_w_Synapse,0.8598461376555451,0.0615600550738991,8.0,11.0
electricity/h/long,STRIDE_w_Synapse,1.15323286993528,0.083396863789425,33.0,29.0
ett2/w/short,STRIDE_w_Synapse,0.7449443422837739,0.0825163808165294,13.0,19.0
solar/w/short,STRIDE_w_Synapse,0.6550590928272942,0.1011884873087681,3.0,3.0
covid_deaths/d/short,STRIDE_w_Synapse,30.37435583316523,0.0309982263742403,17.0,36.0
hierarchical_sales/w/short,STRIDE_w_Synapse,0.7090744452348913,0.3336805428446204,11.0,9.0
kdd_cup_2018/d/short,STRIDE_w_Synapse,1.114603714832297,0.3447032649104137,6.0,5.0
electricity/w/short,STRIDE_w_Synapse,1.4509535793365025,0.0486396068294958,45.0,37.0
bizitobs_application/10s/medium,STRIDE_w_Synapse,1.903275343447655,0.0232692778892342,14.0,9.0
bizitobs_application/10s/short,STRIDE_w_Synapse,1.0369083139829411,0.0085964228001323,37.0,1.0
bizitobs_application/10s/long,STRIDE_w_Synapse,2.8333152362277985,0.0434661147116355,7.0,7.0
m4_quarterly/q/short,STRIDE_w_Synapse,1.137826009235108,0.073277427287163,24.0,35.0
m4_hourly/h/short,STRIDE_w_Synapse,0.6669007986549782,0.0232692942684634,19.0,62.0
bizitobs_l2c/h/medium,STRIDE_w_Synapse,0.4730395715684535,0.2242547984362625,12.0,11.0
bizitobs_l2c/h/short,STRIDE_w_Synapse,0.4205013950354627,0.1789246961522409,18.0,16.0
bizitobs_l2c/h/long,STRIDE_w_Synapse,0.5370242317488277,0.247759158027702,8.0,11.0
restaurant/d/short,STRIDE_w_Synapse,0.6789630616215628,0.2545150034172509,39.0,32.0
sz_taxi/15t/medium,STRIDE_w_Synapse,0.5298538287833098,0.2002109725598336,1.0,10.0
sz_taxi/15t/short,STRIDE_w_Synapse,0.5385491892832059,0.1981824502245849,3.0,3.0
sz_taxi/15t/long,STRIDE_w_Synapse,0.5002624079133438,0.1949042988504485,1.0,10.0
loop_seattle/5t/medium,STRIDE_w_Synapse,0.655299564686962,0.057457684864241,8.0,8.0
loop_seattle/5t/short,STRIDE_w_Synapse,0.5292474733355894,0.0449096864197573,10.0,9.0
loop_seattle/5t/long,STRIDE_w_Synapse,0.6968754788220639,0.060649780273412,8.0,9.0
m4_monthly/m/short,STRIDE_w_Synapse,0.9035540175978274,0.0900780176274043,23.0,24.0
temperature_rain/d/short,STRIDE_w_Synapse,1.331451356098549,0.5430712194728833,42.0,28.0
electricity/d/short,STRIDE_w_Synapse,1.3397923269131615,0.0533419887895517,6.0,22.0
loop_seattle/h/medium,STRIDE_w_Synapse,0.7731814776721417,0.051263098571741,9.0,8.0
loop_seattle/h/short,STRIDE_w_Synapse,0.7295625425859228,0.0497009878633811,14.0,8.0
loop_seattle/h/long,STRIDE_w_Synapse,0.7952362584899629,0.0522397881334497,11.0,9.0
solar/10t/medium,STRIDE_w_Synapse,0.6568558251859482,0.257853469614411,3.0,2.0
solar/10t/short,STRIDE_w_Synapse,0.5432998049187905,0.284181317570124,3.0,2.0
solar/10t/long,STRIDE_w_Synapse,0.6919199914242145,0.2632241042529757,4.0,3.0
jena_weather/10t/medium,STRIDE_w_Synapse,0.5688603667026569,0.046410833016755,11.0,26.0
jena_weather/10t/short,STRIDE_w_Synapse,0.2710489547940906,0.0271590481904622,42.0,33.0
jena_weather/10t/long,STRIDE_w_Synapse,0.6038290448805057,0.0476489114555012,8.0,32.0
ett1/d/short,STRIDE_w_Synapse,1.6552359145217954,0.2729654231676935,40.0,30.0
bitbrains_fast_storage/h/short,STRIDE_w_Synapse,0.9050063893311132,0.5129768447836524,2.0,3.0
sz_taxi/h/short,STRIDE_w_Synapse,0.5536566878325996,0.1330828962502762,4.0,5.0
bitbrains_rnd/h/short,STRIDE_w_Synapse,5.725713086365798,0.5499744106064508,8.0,4.0
jena_weather/h/medium,STRIDE_w_Synapse,0.7523219053728412,0.048761833380352,21.0,23.0
jena_weather/h/short,STRIDE_w_Synapse,0.5245312279848475,0.041648209446868,58.0,48.0
jena_weather/h/long,STRIDE_w_Synapse,0.894773921101188,0.0544367095416668,25.0,37.0
ett1/15t/medium,STRIDE_w_Synapse,0.942169144982998,0.2179781564056735,5.0,4.0
ett1/15t/short,STRIDE_w_Synapse,0.6603643511065933,0.1500296218283636,9.0,6.0
ett1/15t/long,STRIDE_w_Synapse,0.9469986221651632,0.2160692030751387,3.0,3.0
loop_seattle/d/short,STRIDE_w_Synapse,0.6237138153235251,0.0286886536181338,2.0,2.0
ett2/d/short,STRIDE_w_Synapse,1.2800418474830544,0.0906193492274123,39.0,22.0
saugeen/w/short,STRIDE_w_Synapse,1.0690536933558688,0.3191364992282661,7.0,7.0
solar/d/short,STRIDE_w_Synapse,0.5373111436733901,0.1640193119949598,2.0,2.0
m_dense/h/medium,STRIDE_w_Synapse,0.6384353704857149,0.1036128580095594,5.0,5.0
m_dense/h/short,STRIDE_w_Synapse,0.6692540249405987,0.1077410039124537,2.0,2.0
m_dense/h/long,STRIDE_w_Synapse,0.6522686670608756,0.1041532234456476,5.0,6.0
saugeen/m/short,STRIDE_w_Synapse,0.7246057788633384,0.2844702642272267,40.0,21.0
bitbrains_fast_storage/5t/medium,STRIDE_w_Synapse,0.924805818581474,0.5376629056977604,18.0,2.0
bitbrains_fast_storage/5t/short,STRIDE_w_Synapse,0.6233717934053115,0.3477486571088459,13.0,9.0
bitbrains_fast_storage/5t/long,STRIDE_w_Synapse,0.8247036435961103,0.5639420926311494,13.0,2.0
m4_yearly/a/short,Samay,3.2812051451008624,0.1125265291142284,54.0,38.0
m4_quarterly/q/short,Samay,1.1722414213321029,0.0736583340607427,56.0,42.0
m4_monthly/m/short,Samay,0.9094723812315676,0.0897767024948638,29.0,17.0
m4_weekly/w/short,Samay,1.972384306713629,0.0357992834570237,38.0,25.0
m4_daily/d/short,Samay,3.2584015299972577,0.0212990463272123,51.0,36.0
m4_hourly/h/short,Samay,0.7040695939820947,0.0195143057944333,36.0,21.0
electricity/15t/short,Samay,0.9236110401104844,0.0785471758892922,30.0,26.0
electricity/h/short,Samay,0.9009343379194178,0.0639810572983682,37.0,31.0
electricity/d/short,Samay,1.3643983541162252,0.0536763733848107,24.0,28.0
electricity/w/short,Samay,1.432356251682741,0.0479834378788082,38.0,29.0
solar/10t/short,Samay,0.8527204012009811,0.4303541085281823,40.0,39.0
solar/h/short,Samay,0.8722136313120288,0.3250354257450761,73.0,59.0
solar/d/short,Samay,0.9701223262280764,0.2752552884419362,47.0,48.0
solar/w/short,Samay,1.351401126556834,0.1829210550537137,97.0,91.0
hospital/m/short,Samay,0.7517305763387505,0.0502581073664659,31.0,34.0
covid_deaths/d/short,Samay,34.68868095799192,0.0360043118384795,64.0,62.0
us_births/d/short,Samay,0.3207889943010152,0.0164228636248603,32.0,30.0
us_births/m/short,Samay,0.5551576368957291,0.0117302841698487,17.0,20.0
us_births/w/short,Samay,0.9772119752576774,0.0113293849311792,41.0,34.0
saugeen/d/short,Samay,2.927543996187861,0.3487704338295977,65.0,56.0
saugeen/m/short,Samay,0.7097505379597879,0.2863103604660737,15.0,28.0
saugeen/w/short,Samay,1.2312135761294052,0.3629328721285453,74.0,59.0
temperature_rain/d/short,Samay,1.3336723305911375,0.5458441714941981,45.0,39.0
kdd_cup_2018/h/short,Samay,0.927054058152192,0.3696423112224992,45.0,40.0
kdd_cup_2018/d/short,Samay,1.185581292668937,0.3732955003904065,31.0,32.0
car_parts/m/short,Samay,0.8361147533214801,0.9443808343305322,37.0,24.0
restaurant/d/short,Samay,0.688724378241453,0.2588785589781934,60.0,59.0
hierarchical_sales/d/short,Samay,0.7382821566643768,0.5670185740295962,12.0,11.0
hierarchical_sales/w/short,Samay,0.7170959405621643,0.3436421992655509,43.0,41.0
loop_seattle/5t/short,Samay,0.5378221149403747,0.0460251500885219,20.0,28.0
loop_seattle/h/short,Samay,0.808238127676004,0.0570087749140559,39.0,43.0
loop_seattle/d/short,Samay,0.8681149143269017,0.041552691698511,36.0,29.0
sz_taxi/15t/short,Samay,0.5427728594082852,0.2000825753096237,40.0,40.0
sz_taxi/h/short,Samay,0.5610129588199412,0.1351278028546425,48.0,39.0
m_dense/h/short,Samay,0.7766761881736786,0.1275370931795377,50.0,44.0
m_dense/d/short,Samay,0.6453971032499232,0.0610795283329058,38.0,33.0
ett1/15t/short,Samay,0.6655749117590196,0.1542293727081914,18.0,25.0
ett1/h/short,Samay,0.8011600086460764,0.1743434993666022,32.0,35.0
ett1/d/short,Samay,1.6655863146445755,0.2725896391145538,47.0,28.0
ett1/w/short,Samay,1.531306496972603,0.2503168577017842,42.0,21.0
ett2/15t/short,Samay,0.7329797246606085,0.0631519605522973,47.0,39.0
ett2/h/short,Samay,0.730319750099228,0.0640519660201485,46.0,45.0
ett2/d/short,Samay,1.2679436100685777,0.0915267755372188,25.0,34.0
ett2/w/short,Samay,0.7444675804984574,0.0804042518361372,12.0,9.0
jena_weather/10t/short,Samay,0.283560623791611,0.0273280768883533,61.0,40.0
jena_weather/h/short,Samay,0.5132576045593908,0.0409357148597698,14.0,34.0
jena_weather/d/short,Samay,0.9926143817505416,0.0446166269086009,12.0,25.0
bitbrains_fast_storage/5t/short,Samay,0.656938041137114,0.379503567013003,35.0,36.0
bitbrains_fast_storage/h/short,Samay,0.9741020306043314,0.6212449436939622,28.0,34.0
bitbrains_rnd/5t/short,Samay,1.6220266978780402,0.3902978000948883,36.0,32.0
bitbrains_rnd/h/short,Samay,5.827441802638028,0.6109961597190564,59.0,36.0
bizitobs_application/10s/short,Samay,1.0776098847235676,0.0091123804565192,44.0,10.0
bizitobs_service/10s/short,Samay,0.745475591605829,0.010457487065329,45.0,39.0
bizitobs_l2c/5t/short,Samay,0.2608243000673791,0.0689421552739553,41.0,38.0
bizitobs_l2c/h/short,Samay,0.4309464278355327,0.1813924887731308,37.0,24.0
electricity/15t/medium,Samay,0.8155643784824596,0.0717736999148718,39.0,30.0
electricity/15t/long,Samay,0.8629403698089536,0.07202585658628,36.0,33.0
electricity/h/medium,Samay,1.0523750538643428,0.0736633658054768,42.0,39.0
electricity/h/long,Samay,1.1813708184531584,0.0862017244941693,47.0,47.0
solar/10t/medium,Samay,0.8022498268575012,0.305644721336971,34.0,33.0
solar/10t/long,Samay,0.8075674637014677,0.3025310328576442,49.0,40.0
solar/h/medium,Samay,0.8877630807476572,0.3210003685119622,76.0,55.0
solar/h/long,Samay,0.9429562336311031,0.3215983303293471,66.0,53.0
kdd_cup_2018/h/medium,Samay,1.0424006921905429,0.4217154135041678,58.0,52.0
kdd_cup_2018/h/long,Samay,1.041253092102275,0.455110853538054,86.0,75.0
loop_seattle/5t/medium,Samay,0.825651590194965,0.0734761590513988,75.0,68.0
loop_seattle/5t/long,Samay,0.890119499545923,0.0789892448602225,74.0,67.0
loop_seattle/h/medium,Samay,0.885137903674674,0.0615128016574829,37.0,38.0
loop_seattle/h/long,Samay,0.856750811967711,0.058758569772178,38.0,35.0
sz_taxi/15t/medium,Samay,0.5354706790602541,0.2024888818212803,47.0,51.0
sz_taxi/15t/long,Samay,0.5054051328792011,0.1987950917692964,23.0,48.0
m_dense/h/medium,Samay,0.6792082971851874,0.1129356576351953,33.0,37.0
m_dense/h/long,Samay,0.6816469103226492,0.1127276335336491,38.0,34.0
ett1/15t/medium,Samay,0.9802147271022836,0.2289892094377814,34.0,31.0
ett1/15t/long,Samay,0.9884787053475376,0.2293777847706224,35.0,34.0
ett1/h/medium,Samay,1.271158978713131,0.2564615875038838,58.0,52.0
ett1/h/long,Samay,1.3633763189751118,0.2651407303161724,49.0,37.0
ett2/15t/medium,Samay,0.8529263815546998,0.0869053592864997,35.0,16.0
ett2/15t/long,Samay,0.8746198944642622,0.0901168380555699,39.0,29.0
ett2/h/medium,Samay,1.0287662833596944,0.1051295429671233,48.0,57.0
ett2/h/long,Samay,1.0242180506017922,0.10452193366625,48.0,46.0
jena_weather/10t/medium,Samay,0.5933178855888651,0.0472854466800201,42.0,36.0
jena_weather/10t/long,Samay,0.61376268673841,0.0479500295668371,13.0,37.0
jena_weather/h/medium,Samay,0.7803319002710077,0.0475930460114697,49.0,8.0
jena_weather/h/long,Samay,0.9425618498653976,0.0533290992759895,41.0,31.0
bitbrains_fast_storage/5t/medium,Samay,0.9650566072233672,0.6463556716447275,42.0,63.0
bitbrains_fast_storage/5t/long,Samay,0.8797344577743398,0.7370077396582204,42.0,72.0
bitbrains_rnd/5t/medium,Samay,4.378173538814573,0.6703578403955308,44.0,85.0
bitbrains_rnd/5t/long,Samay,3.303269718340693,0.678537706849988,43.0,77.0
bizitobs_application/10s/medium,Samay,2.01561800029345,0.028854031805611,17.0,18.0
bizitobs_application/10s/long,Samay,3.2224657093011544,0.0524764306459226,53.0,45.0
bizitobs_service/10s/medium,Samay,0.9567322623373726,0.020673693040407,12.0,28.0
bizitobs_service/10s/long,Samay,1.3282142542461493,0.0520805772291165,50.0,44.0
bizitobs_l2c/5t/medium,Samay,0.7354054720992385,0.3020996691747571,81.0,75.0
bizitobs_l2c/5t/long,Samay,0.8375486229964803,0.3666668469769763,74.0,77.0
bizitobs_l2c/h/medium,Samay,0.4987315095061558,0.2336920910672835,58.0,43.0
bizitobs_l2c/h/long,Samay,0.5707786329117613,0.2618950443672843,55.0,46.0
loop_seattle/5t/short,Super-Linear,0.637858979,0.068993195,102.0,110.0
loop_seattle/5t/medium,Super-Linear,0.99967292,0.112908049,94.0,109.0
loop_seattle/5t/long,Super-Linear,1.048920947,0.117873443,97.0,110.0
loop_seattle/d/short,Super-Linear,0.942963466,0.056545372,105.0,117.0
loop_seattle/h/short,Super-Linear,1.02165685,0.089516621,108.0,117.0
loop_seattle/h/medium,Super-Linear,1.133117457,0.097904191,111.0,119.0
loop_seattle/h/long,Super-Linear,1.06284774,0.091603337,105.0,120.0
m_dense/d/short,Super-Linear,0.848282749,0.103630603,109.0,115.0
m_dense/h/short,Super-Linear,0.912087421,0.185039038,104.0,116.0
m_dense/h/medium,Super-Linear,0.861090893,0.171151053,102.0,114.0
m_dense/h/long,Super-Linear,0.924046269,0.184745242,104.0,115.0
sz_taxi/15t/short,Super-Linear,0.582178911,0.272584655,112.0,119.0
sz_taxi/15t/medium,Super-Linear,0.5647189,0.270268465,106.0,118.0
sz_taxi/15t/long,Super-Linear,0.528183745,0.259489955,87.0,111.0
sz_taxi/h/short,Super-Linear,0.610622638,0.187066548,116.0,120.0
bitbrains_fast_storage/5t/short,Super-Linear,1.088522326,0.695225603,115.0,123.0
bitbrains_fast_storage/5t/medium,Super-Linear,1.234288292,0.975839919,110.0,121.0
bitbrains_fast_storage/5t/long,Super-Linear,1.179291605,1.040506344,114.0,120.0
bitbrains_fast_storage/h/short,Super-Linear,1.357513756,1.135658254,114.0,124.0
bitbrains_rnd/5t/short,Super-Linear,2.071022037,0.691765092,120.0,123.0
bitbrains_rnd/5t/medium,Super-Linear,4.705386108,1.080524501,111.0,122.0
bitbrains_rnd/5t/long,Super-Linear,3.648978545,0.868501527,106.0,109.0
bitbrains_rnd/h/short,Super-Linear,6.166212489,1.106529569,116.0,123.0
bizitobs_application/10s/short,Super-Linear,1.55214917,0.022357234,85.0,95.0
bizitobs_application/10s/medium,Super-Linear,3.062634664,0.050734202,96.0,104.0
bizitobs_application/10s/long,Super-Linear,3.808987391,0.064663514,91.0,105.0
bizitobs_l2c/5t/short,Super-Linear,0.332813204,0.111041016,117.0,119.0
bizitobs_l2c/5t/medium,Super-Linear,0.830462652,0.453086025,98.0,113.0
bizitobs_l2c/5t/long,Super-Linear,0.9795113,0.574753466,83.0,98.0
bizitobs_l2c/h/short,Super-Linear,0.532393669,0.27738442,89.0,98.0
bizitobs_l2c/h/medium,Super-Linear,0.507342893,0.302636467,66.0,88.0
bizitobs_l2c/h/long,Super-Linear,0.585768696,0.334482616,63.0,90.0
bizitobs_service/10s/short,Super-Linear,0.938911077,0.019534923,84.0,96.0
bizitobs_service/10s/medium,Super-Linear,1.38965231,0.044700707,90.0,98.0
bizitobs_service/10s/long,Super-Linear,1.573524202,0.061132518,89.0,101.0
car_parts/m/short,Super-Linear,1.120194494,1.499174382,116.0,122.0
covid_deaths/d/short,Super-Linear,62.75110511,0.200358213,126.0,126.0
electricity/15t/short,Super-Linear,1.291156509,0.137635599,105.0,111.0
electricity/15t/medium,Super-Linear,1.040630992,0.113445058,106.0,115.0
electricity/15t/long,Super-Linear,1.090234411,0.114043684,108.0,113.0
electricity/d/short,Super-Linear,1.632086931,0.083514843,107.0,116.0
electricity/h/short,Super-Linear,1.035944471,0.087733593,92.0,113.0
electricity/h/medium,Super-Linear,1.169003567,0.1024021,98.0,114.0
electricity/h/long,Super-Linear,1.315389821,0.122135753,99.0,114.0
electricity/w/short,Super-Linear,1.878119791,0.103721785,106.0,119.0
ett1/15t/short,Super-Linear,0.725535227,0.21253945,89.0,108.0
ett1/15t/medium,Super-Linear,1.118244177,0.335152402,100.0,114.0
ett1/15t/long,Super-Linear,1.129991779,0.327411608,99.0,110.0
ett1/d/short,Super-Linear,1.933670367,0.408436882,121.0,126.0
ett1/h/short,Super-Linear,0.889736069,0.24790668,107.0,119.0
ett1/h/medium,Super-Linear,1.300366317,0.330178379,77.0,111.0
ett1/h/long,Super-Linear,1.367736053,0.355507616,52.0,114.0
ett1/w/short,Super-Linear,1.589916124,0.334608619,68.0,116.0
ett2/15t/short,Super-Linear,0.783481406,0.086415856,87.0,113.0
ett2/15t/medium,Super-Linear,0.922112233,0.119376907,85.0,111.0
ett2/15t/long,Super-Linear,0.963978668,0.124891921,94.0,110.0
ett2/d/short,Super-Linear,1.447874984,0.116983034,103.0,109.0
ett2/h/short,Super-Linear,0.78613625,0.087475307,104.0,114.0
ett2/h/medium,Super-Linear,1.135755,0.142446186,105.0,116.0
ett2/h/long,Super-Linear,1.14588589,0.142950689,101.0,114.0
ett2/w/short,Super-Linear,0.707299387,0.092706401,5.0,67.0
hierarchical_sales/d/short,Super-Linear,0.872396151,0.834023597,121.0,122.0
hierarchical_sales/w/short,Super-Linear,0.878312047,0.551711525,118.0,121.0
hospital/m/short,Super-Linear,0.798310488,0.070756836,99.0,118.0
jena_weather/10t/short,Super-Linear,0.417254472,0.054182987,116.0,111.0
jena_weather/10t/medium,Super-Linear,0.709689847,0.071271343,107.0,111.0
jena_weather/10t/long,Super-Linear,0.68993295,0.069803861,94.0,109.0
jena_weather/d/short,Super-Linear,1.49518306,0.080352047,113.0,119.0
jena_weather/h/short,Super-Linear,0.623499477,0.063680917,110.0,117.0
jena_weather/h/medium,Super-Linear,0.887942394,0.080598737,108.0,117.0
jena_weather/h/long,Super-Linear,1.203170563,0.083214289,109.0,110.0
kdd_cup_2018/d/short,Super-Linear,1.15669206,0.451086231,8.0,108.0
kdd_cup_2018/h/short,Super-Linear,0.990655402,0.491234907,97.0,114.0
kdd_cup_2018/h/medium,Super-Linear,1.065594318,0.528039681,85.0,112.0
kdd_cup_2018/h/long,Super-Linear,1.034155467,0.564705445,77.0,111.0
m4_daily/d/short,Super-Linear,3.930075915,0.033100014,113.0,121.0
m4_hourly/h/short,Super-Linear,2.014417923,0.033908867,116.0,106.0
m4_monthly/m/short,Super-Linear,1.239285329,0.142779883,119.0,123.0
m4_quarterly/q/short,Super-Linear,1.622539146,0.114539479,121.0,125.0
m4_weekly/w/short,Super-Linear,3.375359354,0.065409229,120.0,123.0
m4_yearly/a/short,Super-Linear,4.706003949,0.187436216,119.0,123.0
restaurant/d/short,Super-Linear,0.739742407,0.357182304,112.0,119.0
saugeen/d/short,Super-Linear,2.950002021,0.43022394,67.0,110.0
saugeen/m/short,Super-Linear,0.755339623,0.38698657,89.0,112.0
saugeen/w/short,Super-Linear,1.378000897,0.513019245,101.0,114.0
solar/10t/short,Super-Linear,1.472099751,0.976125016,121.0,125.0
solar/10t/medium,Super-Linear,1.089690776,0.555001687,103.0,108.0
solar/10t/long,Super-Linear,1.099151908,0.54526342,100.0,104.0
solar/d/short,Super-Linear,1.017106614,0.376790779,103.0,117.0
solar/h/short,Super-Linear,0.978943588,0.465600246,113.0,120.0
solar/h/medium,Super-Linear,0.966576604,0.455244827,100.0,116.0
solar/h/long,Super-Linear,1.100278244,0.500534391,109.0,115.0
solar/w/short,Super-Linear,1.630273789,0.302511229,112.0,119.0
temperature_rain/d/short,Super-Linear,1.745981849,0.798618699,118.0,123.0
us_births/d/short,Super-Linear,0.550739692,0.035091622,106.0,114.0
us_births/m/short,Super-Linear,1.742053859,0.047803063,128.0,127.0
us_births/w/short,Super-Linear,1.387696929,0.020730562,102.0,119.0
ett1/h/medium,Synapse,1.2520202351775702,0.2538212572586146,41.0,41.0
ett1/h/short,Synapse,0.8078586493757001,0.1773400784346221,39.0,51.0
ett1/h/long,Synapse,1.381653835345041,0.2694626772379737,67.0,48.0
ett2/15t/medium,Synapse,0.8767372941606136,0.0881407423454904,58.0,43.0
ett2/15t/short,Synapse,0.7425053643420214,0.0636393045062353,55.0,44.0
ett2/15t/long,Synapse,0.9095490203128408,0.0929551983787349,73.0,63.0
car_parts/m/short,Synapse,0.8227317658336394,0.9214493614470212,8.0,4.0
ett1/w/short,Synapse,1.4482045554314027,0.2362862020408518,14.0,5.0
m4_weekly/w/short,Synapse,1.908159359946333,0.0358958452396063,31.0,26.0
bitbrains_rnd/5t/medium,Synapse,4.371371748200497,0.569362580595316,40.0,5.0
bitbrains_rnd/5t/short,Synapse,1.6456569748656964,0.4037378643040601,52.0,50.0
bitbrains_rnd/5t/long,Synapse,3.30490457199308,0.5730204701512923,46.0,12.0
hospital/m/short,Synapse,0.7396826011034865,0.0486025714333033,6.0,15.0
us_births/w/short,Synapse,0.9230990334870104,0.0107312364793986,31.0,26.0
bizitobs_l2c/5t/medium,Synapse,0.5523995155251742,0.2388022969428518,53.0,48.0
bizitobs_l2c/5t/short,Synapse,0.2644536996257037,0.0704493936664133,46.0,47.0
bizitobs_l2c/5t/long,Synapse,0.6414238321334064,0.2962100542435223,61.0,60.0
jena_weather/d/short,Synapse,1.0089797978208577,0.0446547732622854,24.0,27.0
hierarchical_sales/d/short,Synapse,0.7377682104892537,0.5673425877971991,9.0,13.0
saugeen/d/short,Synapse,2.815609085509478,0.3387309062806614,44.0,43.0
solar/h/medium,Synapse,0.8231819667549871,0.3200316996228562,40.0,54.0
solar/h/short,Synapse,0.8369671029695357,0.3249162588013766,51.0,58.0
solar/h/long,Synapse,0.8611303967590513,0.3109348211916878,39.0,50.0
m_dense/d/short,Synapse,0.6499379365928549,0.0627383901090543,41.0,46.0
bizitobs_service/10s/medium,Synapse,1.0906921614162928,0.0313431974445886,64.0,78.0
bizitobs_service/10s/short,Synapse,0.7745537471512611,0.0117533548569934,57.0,56.0
bizitobs_service/10s/long,Synapse,1.2999571095698363,0.0518816336203644,31.0,39.0
m4_yearly/a/short,Synapse,3.125027075275981,0.1088648365883799,33.0,21.0
electricity/15t/medium,Synapse,0.8198643175185893,0.0740026993143613,42.0,44.0
electricity/15t/short,Synapse,0.9878637710823396,0.0839473763571108,57.0,54.0
electricity/15t/long,Synapse,0.8703973097099399,0.0739257626257306,42.0,46.0
kdd_cup_2018/h/medium,Synapse,1.0404898556759636,0.4188053019267645,55.0,44.0
kdd_cup_2018/h/short,Synapse,0.9289124710710708,0.3710148668516113,46.0,43.0
kdd_cup_2018/h/long,Synapse,1.015996323019437,0.4463653277836563,52.0,53.0
ett2/h/medium,Synapse,1.020314746171514,0.1014165651372813,39.0,25.0
ett2/h/short,Synapse,0.7220791245233226,0.0629563820182046,29.0,20.0
ett2/h/long,Synapse,1.0142504289715344,0.102282169215304,41.0,34.0
m4_daily/d/short,Synapse,3.1640393898299277,0.0207084043510823,16.0,10.0
us_births/m/short,Synapse,0.6810469795824474,0.0139450172563461,66.0,62.0
us_births/d/short,Synapse,0.3643589008871609,0.0190869522209751,60.0,59.0
electricity/h/medium,Synapse,1.0508267607828758,0.0742486021081844,40.0,47.0
electricity/h/short,Synapse,0.8911392230448414,0.0632452038016243,33.0,21.0
electricity/h/long,Synapse,1.188124215965291,0.0873607253934506,53.0,53.0
ett2/w/short,Synapse,0.8514538935432421,0.0876552923341272,67.0,51.0
solar/w/short,Synapse,1.0406283460235448,0.1413689343806533,37.0,30.0
covid_deaths/d/short,Synapse,34.76822942621669,0.0322807399352041,65.0,44.0
hierarchical_sales/w/short,Synapse,0.7153647093904841,0.3415550802474633,31.0,30.0
kdd_cup_2018/d/short,Synapse,1.1949101118806624,0.374212379990483,59.0,39.0
electricity/w/short,Synapse,1.4866042132857489,0.0530581119990483,51.0,62.0
bizitobs_application/10s/medium,Synapse,2.402684326071172,0.0385169302647742,57.0,60.0
bizitobs_application/10s/short,Synapse,1.1289557001904804,0.0108397328010548,61.0,53.0
bizitobs_application/10s/long,Synapse,3.28225897984727,0.0540797200910186,69.0,64.0
m4_quarterly/q/short,Synapse,1.1344178775177756,0.0722425192203886,21.0,20.0
m4_hourly/h/short,Synapse,0.6761003933068471,0.0195314602798149,22.0,22.0
bizitobs_l2c/h/medium,Synapse,0.4791288487875105,0.2336389808309401,18.0,42.0
bizitobs_l2c/h/short,Synapse,0.4532059615119996,0.191615783910041,60.0,55.0
bizitobs_l2c/h/long,Synapse,0.5892841360408446,0.2806884737460488,64.0,67.0
restaurant/d/short,Synapse,0.6879314750289621,0.258505632945248,57.0,56.0
sz_taxi/15t/medium,Synapse,0.5376984534533001,0.2025289108635015,61.0,52.0
sz_taxi/15t/short,Synapse,0.5429454585826672,0.1999092160154406,45.0,38.0
sz_taxi/15t/long,Synapse,0.5097701125222233,0.1977300197065558,60.0,35.0
loop_seattle/5t/medium,Synapse,0.7950069677115564,0.070023114995968,60.0,53.0
loop_seattle/5t/short,Synapse,0.53037125512481,0.0452808286074293,11.0,12.0
loop_seattle/5t/long,Synapse,0.856915549602864,0.0755394566911762,59.0,54.0
m4_monthly/m/short,Synapse,0.9055893443901412,0.0904017878907207,26.0,27.0
temperature_rain/d/short,Synapse,1.3456407126378602,0.5519994332832616,55.0,57.0
electricity/d/short,Synapse,1.384841407356544,0.0549055693358672,41.0,47.0
loop_seattle/h/medium,Synapse,0.9013433773364754,0.0618063590854122,46.0,40.0
loop_seattle/h/short,Synapse,0.80563462505355,0.0568416984316428,37.0,37.0
loop_seattle/h/long,Synapse,0.8677600225586954,0.0593480880431031,47.0,43.0
solar/10t/medium,Synapse,0.793256090250791,0.3123540128853747,22.0,42.0
solar/10t/short,Synapse,0.8924449634250201,0.4422164606151873,53.0,46.0
solar/10t/long,Synapse,0.8270466806722322,0.3174284895290182,60.0,54.0
jena_weather/10t/medium,Synapse,0.6057369517402115,0.0484903390122338,60.0,51.0
jena_weather/10t/short,Synapse,0.2746318749104626,0.0273720439294918,46.0,42.0
jena_weather/10t/long,Synapse,0.6513908336326328,0.0487150286312064,69.0,48.0
ett1/d/short,Synapse,1.679238404715881,0.2824028793236845,58.0,69.0
bitbrains_fast_storage/h/short,Synapse,1.032876739715154,0.583156367754806,49.0,19.0
sz_taxi/h/short,Synapse,0.5603673530165401,0.1347913277445439,35.0,30.0
bitbrains_rnd/h/short,Synapse,5.8224675269572925,0.5880745007883234,54.0,16.0
jena_weather/h/medium,Synapse,0.8045796246679728,0.0513485836542469,67.0,51.0
jena_weather/h/short,Synapse,0.5169484762506563,0.0408238981672407,26.0,28.0
jena_weather/h/long,Synapse,1.000252513353406,0.0550500046467677,60.0,39.0
ett1/15t/medium,Synapse,0.9863928747378472,0.2320640101544294,42.0,45.0
ett1/15t/short,Synapse,0.6773525695659657,0.1565547703839609,41.0,36.0
ett1/15t/long,Synapse,1.00716221096466,0.23198564523351,51.0,41.0
loop_seattle/d/short,Synapse,0.8668597823056257,0.0414263895765929,32.0,26.0
ett2/d/short,Synapse,1.2783255431109632,0.0914132873843379,38.0,33.0
saugeen/w/short,Synapse,1.2391523587254116,0.3714148127444749,77.0,67.0
solar/d/short,Synapse,0.9855218506528988,0.2811440913709339,68.0,69.0
m_dense/h/medium,Synapse,0.6732899546211619,0.1116340529796323,20.0,16.0
m_dense/h/short,Synapse,0.7761561419483677,0.1287031037819354,49.0,55.0
m_dense/h/long,Synapse,0.6878083215993914,0.1130239210587437,46.0,36.0
saugeen/m/short,Synapse,0.7330210933360634,0.2907421344741516,58.0,47.0
bitbrains_fast_storage/5t/medium,Synapse,0.9715503951117148,0.6040038588958575,46.0,27.0
bitbrains_fast_storage/5t/short,Synapse,0.6706583537531366,0.3638916331232154,43.0,23.0
bitbrains_fast_storage/5t/long,Synapse,0.8917345468769259,0.739296800111958,50.0,74.0
bitbrains_fast_storage/5t/long,TIMEHEDGE,0.8574279431599289,0.67060243699093,21.0,38.0
bitbrains_fast_storage/5t/medium,TIMEHEDGE,0.941029089867399,0.6285732353163562,24.0,47.0
bitbrains_fast_storage/5t/short,TIMEHEDGE,0.6536476820113717,0.3778420363062068,31.0,33.0
bitbrains_fast_storage/h/short,TIMEHEDGE,0.9747602115922008,0.7017826682743679,29.0,87.0
bitbrains_rnd/5t/long,TIMEHEDGE,3.2724781181421454,0.624111097229943,28.0,45.0
bitbrains_rnd/5t/medium,TIMEHEDGE,4.348231846013929,0.6447787906529983,27.0,68.0
bitbrains_rnd/5t/short,TIMEHEDGE,1.60306845941196,0.376088295481593,28.0,18.0
bitbrains_rnd/h/short,TIMEHEDGE,5.819406310386198,0.6130785867360973,51.0,41.0
bizitobs_application/10s/long,TIMEHEDGE,3.05031615021063,0.0490304348409092,24.0,25.0
bizitobs_application/10s/medium,TIMEHEDGE,2.1488884048414776,0.0319152892266761,29.0,30.0
bizitobs_application/10s/short,TIMEHEDGE,0.9470487907230538,0.009469538416084,12.0,18.0
bizitobs_l2c/5t/long,TIMEHEDGE,0.4716814700273365,0.2069999790692219,16.0,13.0
bizitobs_l2c/5t/medium,TIMEHEDGE,0.4634802935238713,0.1907644987751324,20.0,16.0
bizitobs_l2c/5t/short,TIMEHEDGE,0.2468636166990877,0.0656741968408189,32.0,28.0
bizitobs_l2c/h/long,TIMEHEDGE,0.537068355787012,0.2486318148642931,9.0,12.0
bizitobs_l2c/h/medium,TIMEHEDGE,0.4713513986165163,0.2228610267104183,11.0,10.0
bizitobs_l2c/h/short,TIMEHEDGE,0.4019941339630369,0.1701457076234495,6.0,4.0
bizitobs_service/10s/long,TIMEHEDGE,1.254588025791974,0.0501326326267613,11.0,10.0
bizitobs_service/10s/medium,TIMEHEDGE,0.948922820964805,0.0187598359721553,10.0,19.0
bizitobs_service/10s/short,TIMEHEDGE,0.6689193077923365,0.009980987708278,2.0,14.0
car_parts/m/short,TIMEHEDGE,0.8372247291149422,0.9411470787933892,41.0,21.0
covid_deaths/d/short,TIMEHEDGE,32.686088941643604,0.0269968530434387,45.0,14.0
electricity/15t/long,TIMEHEDGE,0.8453432991001736,0.0701043376642644,18.0,6.0
electricity/15t/medium,TIMEHEDGE,0.7980098527943404,0.0701678211597912,20.0,11.0
electricity/15t/short,TIMEHEDGE,0.9583201019985196,0.0807745057340404,49.0,37.0
electricity/d/short,TIMEHEDGE,1.351922753576419,0.0528803318905405,14.0,9.0
electricity/h/long,TIMEHEDGE,1.1179351328938811,0.0799968991815647,12.0,21.0
electricity/h/medium,TIMEHEDGE,1.0234081062851168,0.0713857749543285,11.0,13.0
electricity/h/short,TIMEHEDGE,0.8945893971229731,0.0626724601466813,34.0,18.0
electricity/w/short,TIMEHEDGE,1.377221839263703,0.0460296896315493,9.0,8.0
ett1/15t/long,TIMEHEDGE,0.9667809660382878,0.2207974550645882,9.0,9.0
ett1/15t/medium,TIMEHEDGE,0.9566928508469612,0.2215756141781708,7.0,5.0
ett1/15t/short,TIMEHEDGE,0.6674963456780832,0.1535766177100736,23.0,23.0
ett1/d/short,TIMEHEDGE,1.7155830301186,0.2824259072113692,82.0,70.0
ett1/h/long,TIMEHEDGE,1.344595515016075,0.2617930362869979,32.0,28.0
ett1/h/medium,TIMEHEDGE,1.2235616825929176,0.2468147190851798,9.0,10.0
ett1/h/short,TIMEHEDGE,0.8063565557348473,0.1734411114539645,36.0,31.0
ett1/w/short,TIMEHEDGE,1.5623905343535378,0.2612983736990686,57.0,48.0
ett2/15t/long,TIMEHEDGE,0.879552222122239,0.0912256805006548,47.0,45.0
ett2/15t/medium,TIMEHEDGE,0.8567885473886611,0.0873432520752723,41.0,28.0
ett2/15t/short,TIMEHEDGE,0.7109330006464867,0.0615437279411521,20.0,19.0
ett2/d/short,TIMEHEDGE,1.2760162317279926,0.0910782432182583,35.0,30.0
ett2/h/long,TIMEHEDGE,1.005288399234515,0.0993341523857146,25.0,15.0
ett2/h/medium,TIMEHEDGE,1.0167110762316476,0.1009073309913356,32.0,19.0
ett2/h/short,TIMEHEDGE,0.7252800022768543,0.0637600613636512,36.0,41.0
ett2/w/short,TIMEHEDGE,0.8225260846392419,0.0843797206408531,60.0,33.0
hierarchical_sales/d/short,TIMEHEDGE,0.7404654504468838,0.5672568806484528,23.0,12.0
hierarchical_sales/w/short,TIMEHEDGE,0.703704315263144,0.3336393653263565,6.0,8.0
hospital/m/short,TIMEHEDGE,0.7520314391616202,0.0497558447298941,32.0,30.0
jena_weather/10t/long,TIMEHEDGE,0.6036947228258153,0.0460106042129731,7.0,5.0
jena_weather/10t/medium,TIMEHEDGE,0.5597753434979901,0.0452717883419369,6.0,6.0
jena_weather/10t/short,TIMEHEDGE,0.2537365370546101,0.0258643311295816,11.0,9.0
jena_weather/d/short,TIMEHEDGE,1.0136482273750458,0.0443322439662295,28.0,16.0
jena_weather/h/long,TIMEHEDGE,0.8733649951449888,0.0528574790345766,20.0,21.0
jena_weather/h/medium,TIMEHEDGE,0.7484184638967576,0.0484662646864876,16.0,17.0
jena_weather/h/short,TIMEHEDGE,0.5110692744604505,0.0399450391627891,6.0,4.0
kdd_cup_2018/d/short,TIMEHEDGE,1.1969226200008216,0.3769923584576301,66.0,59.0
kdd_cup_2018/h/long,TIMEHEDGE,0.7375697490494469,0.3288063728377042,5.0,7.0
kdd_cup_2018/h/medium,TIMEHEDGE,0.7964421582272384,0.3302076707655098,9.0,11.0
kdd_cup_2018/h/short,TIMEHEDGE,0.6586325821345994,0.2725142207780656,4.0,6.0
loop_seattle/5t/long,TIMEHEDGE,0.7531918902739431,0.0664837884459235,10.0,11.0
loop_seattle/5t/medium,TIMEHEDGE,0.7059831348752531,0.0619684691736336,12.0,11.0
loop_seattle/5t/short,TIMEHEDGE,0.5433294245280811,0.0461870156191287,37.0,29.0
loop_seattle/d/short,TIMEHEDGE,0.857475442204251,0.0413235102702148,10.0,22.0
loop_seattle/h/long,TIMEHEDGE,0.7439280770368532,0.0502597638100074,2.0,3.0
loop_seattle/h/medium,TIMEHEDGE,0.7082290773715503,0.0478704639320832,4.0,3.0
loop_seattle/h/short,TIMEHEDGE,0.7429830832098799,0.0513905709543775,17.0,17.0
m4_daily/d/short,TIMEHEDGE,3.2581466032182784,0.0215122507939842,50.0,50.0
m4_hourly/h/short,TIMEHEDGE,0.6556362459723396,0.0174289238370306,15.0,3.0
m4_monthly/m/short,TIMEHEDGE,0.8941154747003038,0.0892875558998099,9.0,11.0
m4_quarterly/q/short,TIMEHEDGE,1.124619857965723,0.0717329633261169,13.0,11.0
m4_weekly/w/short,TIMEHEDGE,1.8463655053655643,0.0348049488525431,3.0,6.0
m4_yearly/a/short,TIMEHEDGE,3.2321085411978943,0.1174459278152281,43.0,64.0
m_dense/d/short,TIMEHEDGE,0.5936957685058879,0.0555582415534079,6.0,6.0
m_dense/h/long,TIMEHEDGE,0.5953461423347821,0.0959739631529658,3.0,4.0
m_dense/h/medium,TIMEHEDGE,0.6094239147880629,0.0998801209890552,3.0,3.0
m_dense/h/short,TIMEHEDGE,0.7509240726797669,0.123831400054906,22.0,19.0
restaurant/d/short,TIMEHEDGE,0.6697203716060579,0.2508286352664972,2.0,3.0
saugeen/d/short,TIMEHEDGE,2.700645016444734,0.3222399403078486,17.0,13.0
saugeen/m/short,TIMEHEDGE,0.7482216497124204,0.3015121819221393,76.0,72.0
saugeen/w/short,TIMEHEDGE,1.1720950928566602,0.3484406386739278,32.0,34.0
solar/10t/long,TIMEHEDGE,0.7977722111383874,0.3007461630113701,39.0,37.0
solar/10t/medium,TIMEHEDGE,0.80539029539475,0.3114338451202931,37.0,41.0
solar/10t/short,TIMEHEDGE,0.9525123644746843,0.4813419589116381,66.0,57.0
solar/d/short,TIMEHEDGE,0.9593323834635128,0.2715992293786657,15.0,24.0
solar/h/long,TIMEHEDGE,0.4747088295157828,0.170179105712262,10.0,10.0
solar/h/medium,TIMEHEDGE,0.4498866474272148,0.1649009929341426,8.0,8.0
solar/h/short,TIMEHEDGE,0.4231135815666488,0.1573615179952532,9.0,7.0
solar/w/short,TIMEHEDGE,1.1658857950618042,0.1581818639499134,74.0,65.0
sz_taxi/15t/long,TIMEHEDGE,0.5056324994524106,0.1950939410870716,25.0,11.0
sz_taxi/15t/medium,TIMEHEDGE,0.5335400892957649,0.200455621427395,23.0,17.0
sz_taxi/15t/short,TIMEHEDGE,0.5406139995650684,0.1989601806555682,21.0,21.0
sz_taxi/h/short,TIMEHEDGE,0.5572247728789447,0.1343644768677411,9.0,22.0
temperature_rain/d/short,TIMEHEDGE,1.3255282815454157,0.5435331000831092,34.0,29.0
us_births/d/short,TIMEHEDGE,0.3111593657617416,0.01595990120285,14.0,17.0
us_births/m/short,TIMEHEDGE,0.4412394319238029,0.0092520177236311,7.0,4.0
us_births/w/short,TIMEHEDGE,0.9970676537548286,0.0116777240715669,49.0,45.0
bitbrains_fast_storage/5t/long,TSOrchestra-test,0.9269540787531104,0.6493157422172859,70.0,26.0
bitbrains_fast_storage/5t/medium,TSOrchestra-test,0.9987420682463012,0.6105192205604982,66.0,31.0
bitbrains_fast_storage/5t/short,TSOrchestra-test,0.7029727859199087,0.3920441656326121,64.0,51.0
bitbrains_fast_storage/h/short,TSOrchestra-test,0.9865470511084616,0.584607682123271,34.0,21.0
bitbrains_rnd/5t/long,TSOrchestra-test,3.383457250497965,0.631509489967593,74.0,52.0
bitbrains_rnd/5t/medium,TSOrchestra-test,4.452550887955358,0.5808039507248792,77.0,9.0
bitbrains_rnd/5t/short,TSOrchestra-test,1.6659307680385191,0.403352349057457,67.0,49.0
bitbrains_rnd/h/short,TSOrchestra-test,5.809152255556768,0.5889087226784738,44.0,17.0
bizitobs_application/10s/long,TSOrchestra-test,3.213011035819848,0.0503051296002101,51.0,29.0
bizitobs_application/10s/medium,TSOrchestra-test,2.356715896820709,0.0369991787862529,48.0,53.0
bizitobs_application/10s/short,TSOrchestra-test,1.2483539298962758,0.0127843258467027,69.0,69.0
bizitobs_l2c/5t/long,TSOrchestra-test,0.6173795630481984,0.2847021405440567,58.0,56.0
bizitobs_l2c/5t/medium,TSOrchestra-test,0.6077701713344603,0.2484161002608965,63.0,59.0
bizitobs_l2c/5t/short,TSOrchestra-test,0.2773151837196029,0.0745043675525424,73.0,66.0
bizitobs_l2c/h/long,TSOrchestra-test,0.5915964014150494,0.2717095131496422,66.0,55.0
bizitobs_l2c/h/medium,TSOrchestra-test,0.4872094958753631,0.2297831314253154,35.0,29.0
bizitobs_l2c/h/short,TSOrchestra-test,0.4750951303999911,0.1994469349308772,66.0,65.0
bizitobs_service/10s/long,TSOrchestra-test,1.4999397997721398,0.0506102816981973,86.0,15.0
bizitobs_service/10s/medium,TSOrchestra-test,1.252231409318365,0.0304204698870069,83.0,74.0
bizitobs_service/10s/short,TSOrchestra-test,0.8410756046412172,0.0128854832452221,74.0,67.0
car_parts/m/short,TSOrchestra-test,0.8354162290912995,0.933131133376858,31.0,11.0
covid_deaths/d/short,TSOrchestra-test,33.01452582259661,0.0272617478091108,48.0,17.0
electricity/d/short,TSOrchestra-test,1.3902266944274326,0.0538406171882295,45.0,29.0
electricity/h/long,TSOrchestra-test,1.2219609718219435,0.0925612193602453,74.0,72.0
electricity/h/medium,TSOrchestra-test,1.0794100690495547,0.0778650105653855,73.0,67.0
electricity/w/short,TSOrchestra-test,1.4219617623728595,0.0452820611324487,33.0,6.0
ett1/15t/long,TSOrchestra-test,1.019936228932009,0.2315341704375025,62.0,40.0
ett1/15t/medium,TSOrchestra-test,1.0275573699156375,0.2398625076575753,72.0,63.0
ett1/15t/short,TSOrchestra-test,0.692003401866187,0.1588046263888257,63.0,50.0
ett1/d/short,TSOrchestra-test,1.6806150286411232,0.2725179724620256,62.0,27.0
ett1/h/long,TSOrchestra-test,1.3136035358866145,0.256173450764951,8.0,6.0
ett1/h/medium,TSOrchestra-test,1.2299896795059144,0.2473610485932525,14.0,12.0
ett1/h/short,TSOrchestra-test,0.8186681618457503,0.1774015397583596,55.0,52.0
ett1/w/short,TSOrchestra-test,1.494997089594253,0.2467594360180067,28.0,13.0
ett2/15t/long,TSOrchestra-test,0.9005037546896144,0.0916396359038175,65.0,48.0
ett2/15t/medium,TSOrchestra-test,0.889812784512305,0.0895711169001382,68.0,55.0
ett2/15t/short,TSOrchestra-test,0.7427096967836446,0.0649307567329398,56.0,57.0
ett2/d/short,TSOrchestra-test,1.2668341065190438,0.0906612914101508,23.0,24.0
ett2/h/long,TSOrchestra-test,1.041781590815038,0.1038574614019068,58.0,45.0
ett2/h/medium,TSOrchestra-test,1.0268141732646603,0.1035922956956065,43.0,45.0
ett2/h/short,TSOrchestra-test,0.738693513701533,0.0644437352637196,68.0,55.0
ett2/w/short,TSOrchestra-test,0.779092255795969,0.0838411613763393,39.0,26.0
hierarchical_sales/d/short,TSOrchestra-test,0.7376950524573519,0.565355362894863,8.0,8.0
hierarchical_sales/w/short,TSOrchestra-test,0.7169887615970751,0.3429796702761664,41.0,36.0
hospital/m/short,TSOrchestra-test,0.7458241606357002,0.049108556667034,23.0,21.0
jena_weather/10t/long,TSOrchestra-test,0.633012747166124,0.0482795008650062,38.0,41.0
jena_weather/10t/medium,TSOrchestra-test,0.5996706442160938,0.048503394488175,49.0,52.0
jena_weather/10t/short,TSOrchestra-test,0.2950321584416642,0.028285874272936,75.0,57.0
jena_weather/d/short,TSOrchestra-test,1.0522399271954166,0.0446467735129981,56.0,26.0
jena_weather/h/long,TSOrchestra-test,0.986955345172656,0.0556120978495563,58.0,42.0
jena_weather/h/medium,TSOrchestra-test,0.8207946346005405,0.0495441452055206,79.0,32.0
jena_weather/h/short,TSOrchestra-test,0.5223417034546075,0.0403982573536892,48.0,18.0
kdd_cup_2018/d/short,TSOrchestra-test,1.1673717958082008,0.3634636466224152,9.0,8.0
kdd_cup_2018/h/long,TSOrchestra-test,0.738931517147235,0.3286952493268724,6.0,6.0
kdd_cup_2018/h/medium,TSOrchestra-test,0.7958567399779825,0.3292789169351806,8.0,10.0
kdd_cup_2018/h/short,TSOrchestra-test,0.6575140143600239,0.2720765810906044,3.0,5.0
loop_seattle/5t/long,TSOrchestra-test,0.9361972757576484,0.0827925997498006,84.0,76.0
loop_seattle/5t/medium,TSOrchestra-test,0.8918757271521369,0.0790344109865617,87.0,82.0
loop_seattle/5t/short,TSOrchestra-test,0.5628349487096386,0.0485993845601641,70.0,65.0
loop_seattle/d/short,TSOrchestra-test,0.8744281573114658,0.0416299848994604,40.0,33.0
loop_seattle/h/long,TSOrchestra-test,0.8833852289631207,0.0597525848895843,61.0,51.0
loop_seattle/h/medium,TSOrchestra-test,0.93393472025802,0.0635718381799733,72.0,55.0
loop_seattle/h/short,TSOrchestra-test,0.8442688039515677,0.0588567012147225,70.0,56.0
m4_daily/d/short,TSOrchestra-test,3.0544616206385644,0.0200191578669637,3.0,2.0
m4_hourly/h/short,TSOrchestra-test,0.7044492460415077,0.019437390732106,37.0,19.0
m4_monthly/m/short,TSOrchestra-test,0.9246498736817312,0.0916051730657556,49.0,38.0
m4_quarterly/q/short,TSOrchestra-test,1.164283693257738,0.0735520572727876,51.0,40.0
m4_weekly/w/short,TSOrchestra-test,1.8754249439292183,0.0353332559292307,23.0,20.0
m4_yearly/a/short,TSOrchestra-test,3.251692440959419,0.1127099181619983,50.0,40.0
m_dense/d/short,TSOrchestra-test,0.67511425545139,0.0653445212396726,53.0,55.0
m_dense/h/long,TSOrchestra-test,0.7107365685947067,0.120083552253017,62.0,69.0
m_dense/h/medium,TSOrchestra-test,0.7019422396840811,0.1163188954216024,60.0,54.0
m_dense/h/short,TSOrchestra-test,0.7787776034677959,0.128942593000014,52.0,56.0
restaurant/d/short,TSOrchestra-test,0.6730968324205545,0.2531340237625726,7.0,11.0
saugeen/d/short,TSOrchestra-test,2.861161185196317,0.3387762405778192,52.0,44.0
saugeen/m/short,TSOrchestra-test,0.6842701086016695,0.2713357354698533,8.0,6.0
saugeen/w/short,TSOrchestra-test,1.153730949496004,0.346267406142088,20.0,22.0
solar/10t/long,TSOrchestra-test,0.7950534034317218,0.3077411716670427,37.0,47.0
solar/10t/medium,TSOrchestra-test,0.8237387751136988,0.3161087705778983,50.0,46.0
solar/10t/short,TSOrchestra-test,0.9851943846829878,0.4916986854738969,70.0,63.0
solar/d/short,TSOrchestra-test,0.982337273668483,0.2715448867667153,63.0,23.0
solar/h/long,TSOrchestra-test,0.7329388708800524,0.2532065481542812,21.0,22.0
solar/h/medium,TSOrchestra-test,0.7260339945860715,0.2604156398735464,23.0,22.0
solar/h/short,TSOrchestra-test,0.7143731464339246,0.2653870519859833,23.0,25.0
solar/w/short,TSOrchestra-test,0.7953183181692459,0.1190884689883655,6.0,5.0
sz_taxi/15t/long,TSOrchestra-test,0.5065839297050271,0.1960624504105242,36.0,17.0
sz_taxi/15t/medium,TSOrchestra-test,0.5364999836218196,0.2017452550322822,51.0,35.0
sz_taxi/15t/short,TSOrchestra-test,0.5435464969946024,0.2002327513367735,46.0,43.0
sz_taxi/h/short,TSOrchestra-test,0.560828326808545,0.1347733263741267,46.0,28.0
temperature_rain/d/short,TSOrchestra-test,1.3407939179828552,0.5496268645399822,52.0,46.0
us_births/d/short,TSOrchestra-test,0.3152231367580344,0.015865867586829,22.0,15.0
us_births/m/short,TSOrchestra-test,0.6911864780572511,0.0138570043642932,71.0,59.0
us_births/w/short,TSOrchestra-test,1.01342062000649,0.0117630325186122,51.0,47.0
electricity/15t/long,TSOrchestra-test,0.902348998043153,0.0759710850923222,63.0,55.0
electricity/15t/medium,TSOrchestra-test,0.8830145824975804,0.0788256077843689,78.0,67.0
electricity/15t/short,TSOrchestra-test,1.0677924492260855,0.0916334213879842,82.0,76.0
electricity/h/short,TSOrchestra-test,1.0125950798453054,0.0696454503161653,88.0,74.0
bitbrains_fast_storage/5t/long,TSOrchestra,0.901473426367395,0.8569765170641817,55.0,99.0
bitbrains_fast_storage/5t/medium,TSOrchestra,0.9755113575078024,0.6244223901352561,48.0,45.0
bitbrains_fast_storage/5t/short,TSOrchestra,0.6656270729567958,0.365964340187127,40.0,26.0
bitbrains_fast_storage/h/short,TSOrchestra,1.0675768306007718,0.6087710720492973,63.0,27.0
bitbrains_rnd/5t/long,TSOrchestra,3.333250711252761,0.6188268065990985,59.0,40.0
bitbrains_rnd/5t/medium,TSOrchestra,4.398683090057088,0.5979848836750823,56.0,23.0
bitbrains_rnd/5t/short,TSOrchestra,1.641868127256456,0.3750148337304279,49.0,17.0
bitbrains_rnd/h/short,TSOrchestra,5.82570641067154,0.6334180543872927,58.0,58.0
bizitobs_application/10s/long,TSOrchestra,3.273066065427611,0.051692036906652,66.0,38.0
bizitobs_application/10s/medium,TSOrchestra,2.112017627778224,0.0305904860945084,24.0,24.0
bizitobs_application/10s/short,TSOrchestra,1.0443476467186994,0.0089604197896585,39.0,3.0
bizitobs_l2c/5t/long,TSOrchestra,0.5696564400947636,0.2892075038115793,43.0,57.0
bizitobs_l2c/5t/medium,TSOrchestra,0.48960438687586,0.2234929985028826,31.0,43.0
bizitobs_l2c/5t/short,TSOrchestra,0.2440084874488821,0.0652488445674679,30.0,27.0
bizitobs_l2c/h/long,TSOrchestra,0.6140380201230761,0.3186120537518076,82.0,82.0
bizitobs_l2c/h/medium,TSOrchestra,0.5084998332319391,0.2657579988717222,67.0,77.0
bizitobs_l2c/h/short,TSOrchestra,0.4223228430760049,0.1791046004349885,20.0,18.0
bizitobs_service/10s/long,TSOrchestra,1.2994572040936647,0.0511866544270041,30.0,27.0
bizitobs_service/10s/medium,TSOrchestra,1.0328695904209553,0.0256455515962885,48.0,60.0
bizitobs_service/10s/short,TSOrchestra,0.7267567470449694,0.010455704230382,41.0,38.0
car_parts/m/short,TSOrchestra,0.8195973504475315,0.9327451811489212,6.0,9.0
covid_deaths/d/short,TSOrchestra,36.69020130413997,0.0309701459662416,77.0,35.0
electricity/15t/long,TSOrchestra,0.8395787020321144,0.0707787446331732,8.0,19.0
electricity/15t/medium,TSOrchestra,0.7903216412228886,0.0701145340638231,9.0,9.0
electricity/15t/short,TSOrchestra,0.8624967938156302,0.0734790224803248,6.0,6.0
electricity/d/short,TSOrchestra,1.3610285160018476,0.0527147867229691,21.0,7.0
electricity/h/long,TSOrchestra,1.0726853287241551,0.0867843767630209,6.0,48.0
electricity/h/medium,TSOrchestra,0.981482804326806,0.0720375131385696,6.0,17.0
electricity/h/short,TSOrchestra,0.8711263945444471,0.0605888341827548,14.0,6.0
electricity/w/short,TSOrchestra,1.4009793891654654,0.0489666350224332,20.0,42.0
ett1/15t/long,TSOrchestra,0.976190896208976,0.226670370262314,28.0,27.0
ett1/15t/medium,TSOrchestra,0.9638912242370012,0.225127574410428,18.0,19.0
ett1/15t/short,TSOrchestra,0.6627107203847414,0.1528031943911897,13.0,17.0
ett1/d/short,TSOrchestra,1.6687915589731777,0.2662914729773892,48.0,13.0
ett1/h/long,TSOrchestra,1.3710534517725228,0.2715791310055458,56.0,53.0
ett1/h/medium,TSOrchestra,1.227015679073317,0.2441497526406543,13.0,4.0
ett1/h/short,TSOrchestra,0.7911264709577285,0.1704711432819546,21.0,13.0
ett1/w/short,TSOrchestra,1.4413842667935195,0.2382186069678824,10.0,9.0
ett2/15t/long,TSOrchestra,0.8651548992265667,0.0898259725801528,20.0,23.0
ett2/15t/medium,TSOrchestra,0.8479812392777987,0.0874697726212914,19.0,34.0
ett2/15t/short,TSOrchestra,0.7318496047955346,0.0633022745111527,46.0,41.0
ett2/d/short,TSOrchestra,1.2717858005834717,0.0917119274639686,29.0,37.0
ett2/h/long,TSOrchestra,0.9938115170679755,0.1013221653223104,14.0,27.0
ett2/h/medium,TSOrchestra,1.0165991915547234,0.1009739051872204,31.0,21.0
ett2/h/short,TSOrchestra,0.7201984297442577,0.0626647022353241,22.0,13.0
ett2/w/short,TSOrchestra,0.8074475839845398,0.0858445831893209,51.0,41.0
hierarchical_sales/d/short,TSOrchestra,0.7349741957235518,0.5649973387605687,5.0,7.0
hierarchical_sales/w/short,TSOrchestra,0.7118111813530944,0.339992227803521,17.0,17.0
hospital/m/short,TSOrchestra,0.7541515116233255,0.0502628852966397,39.0,35.0
jena_weather/10t/long,TSOrchestra,0.6153420083676869,0.0486184534884789,17.0,46.0
jena_weather/10t/medium,TSOrchestra,0.5926309300085866,0.0473077385012322,41.0,37.0
jena_weather/10t/short,TSOrchestra,0.2793659524053724,0.0263968800056602,55.0,16.0
jena_weather/d/short,TSOrchestra,0.974992120156175,0.0441735332577431,6.0,13.0
jena_weather/h/long,TSOrchestra,0.9462749258591938,0.0533239308989769,42.0,30.0
jena_weather/h/medium,TSOrchestra,0.7873854779750674,0.0480816857441824,57.0,13.0
jena_weather/h/short,TSOrchestra,0.5083193095039987,0.0408853515209117,4.0,31.0
kdd_cup_2018/d/short,TSOrchestra,1.202172615033467,0.377505783346053,84.0,64.0
kdd_cup_2018/h/long,TSOrchestra,0.774968644478529,0.3745503545715841,12.0,15.0
kdd_cup_2018/h/medium,TSOrchestra,0.8403193290410146,0.3763040845198839,12.0,16.0
kdd_cup_2018/h/short,TSOrchestra,0.7971889638336594,0.3422814404886714,16.0,17.0
loop_seattle/5t/long,TSOrchestra,0.8458632953061199,0.0754862299023081,56.0,53.0
loop_seattle/5t/medium,TSOrchestra,0.789722063291649,0.0706484759419623,57.0,57.0
loop_seattle/5t/short,TSOrchestra,0.5249706771670014,0.0448415636615264,9.0,8.0
loop_seattle/d/short,TSOrchestra,0.8666274564465737,0.0418462594222781,30.0,35.0
loop_seattle/h/long,TSOrchestra,0.8637564806537221,0.0593585520464996,43.0,44.0
loop_seattle/h/medium,TSOrchestra,0.904308069768835,0.0633245862968145,47.0,52.0
loop_seattle/h/short,TSOrchestra,0.7992886529897059,0.0565810136355457,35.0,36.0
m4_daily/d/short,TSOrchestra,3.2995769295718285,0.0217718154112364,67.0,55.0
m4_hourly/h/short,TSOrchestra,0.7074862280789587,0.0199296247181108,38.0,26.0
m4_monthly/m/short,TSOrchestra,0.8961719320900801,0.0885745615599206,13.0,7.0
m4_quarterly/q/short,TSOrchestra,1.1396343937326596,0.0724809874402638,26.0,22.0
m4_weekly/w/short,TSOrchestra,1.9938194071484856,0.0365298513281534,42.0,37.0
m4_yearly/a/short,TSOrchestra,2.986572287394955,0.1062224423074585,17.0,10.0
m_dense/d/short,TSOrchestra,0.6429433015570036,0.0607345720647658,36.0,30.0
m_dense/h/long,TSOrchestra,0.6790073261674846,0.1111252189576625,34.0,25.0
m_dense/h/medium,TSOrchestra,0.6742254783039038,0.1122078029594581,23.0,27.0
m_dense/h/short,TSOrchestra,0.7532844146222547,0.122603551063729,24.0,15.0
restaurant/d/short,TSOrchestra,0.684479889695842,0.2572937243254204,52.0,48.0
saugeen/d/short,TSOrchestra,2.6395981842409126,0.327738521328172,11.0,17.0
saugeen/m/short,TSOrchestra,0.7153084955641655,0.2962968771743757,25.0,59.0
saugeen/w/short,TSOrchestra,1.1115333220824897,0.3473861588667375,8.0,27.0
solar/10t/long,TSOrchestra,0.7916271357300975,0.2905986800765083,27.0,24.0
solar/10t/medium,TSOrchestra,0.7900439667520253,0.2923231318893934,19.0,14.0
solar/10t/short,TSOrchestra,0.6394082291592021,0.3389465800320743,5.0,4.0
solar/d/short,TSOrchestra,1.0164320421404245,0.2896335207708216,100.0,88.0
solar/h/long,TSOrchestra,0.7500968224650443,0.2929021733813005,25.0,35.0
solar/h/medium,TSOrchestra,0.7585741798236169,0.3032320000904033,24.0,42.0
solar/h/short,TSOrchestra,0.7660174647846357,0.3044867747827744,33.0,47.0
solar/w/short,TSOrchestra,1.4181205261558905,0.2040665171403055,100.0,97.0
sz_taxi/15t/long,TSOrchestra,0.5067955601925199,0.1998557901179174,38.0,55.0
sz_taxi/15t/medium,TSOrchestra,0.5350636625429297,0.2020753575205816,42.0,46.0
sz_taxi/15t/short,TSOrchestra,0.5412170713721057,0.1993444355970598,23.0,27.0
sz_taxi/h/short,TSOrchestra,0.5593445069328163,0.1346363397583088,26.0,25.0
temperature_rain/d/short,TSOrchestra,1.3320718770543332,0.5518110006380146,43.0,54.0
us_births/d/short,TSOrchestra,0.3265413928981386,0.0165232988682387,37.0,34.0
us_births/m/short,TSOrchestra,0.5434104346508024,0.0114364322610615,16.0,15.0
us_births/w/short,TSOrchestra,0.8930040082350467,0.0103840207472239,16.0,10.0
m4_yearly/a/short,TTM-R1-Pretrained,5.112272262573242,0.1918129175901413,122.0,124.0
m4_quarterly/q/short,TTM-R1-Pretrained,1.9847232103347776,0.1276562511920929,124.0,126.0
m4_monthly/m/short,TTM-R1-Pretrained,1.4358307123184204,0.152469664812088,121.0,125.0
m4_weekly/w/short,TTM-R1-Pretrained,2.8267741203308105,0.0623296722769737,115.0,121.0
m4_daily/d/short,TTM-R1-Pretrained,4.402057647705078,0.0333751402795314,120.0,123.0
m4_hourly/h/short,TTM-R1-Pretrained,2.284323215484619,0.0374530255794525,118.0,111.0
electricity/15t/short,TTM-R1-Pretrained,1.5933691263198853,0.1743062138557434,115.0,120.0
electricity/h/short,TTM-R1-Pretrained,1.1588753461837769,0.099044419825077,112.0,119.0
electricity/d/short,TTM-R1-Pretrained,1.626549243927002,0.0878782570362091,106.0,118.0
electricity/w/short,TTM-R1-Pretrained,2.820096492767334,0.1640473008155822,126.0,127.0
solar/10t/short,TTM-R1-Pretrained,1.1646230220794678,0.7744134068489075,101.0,110.0
solar/h/short,TTM-R1-Pretrained,0.9356493949890136,0.446666806936264,104.0,118.0
solar/d/short,TTM-R1-Pretrained,0.9883174300193788,0.3659631907939911,72.0,113.0
solar/w/short,TTM-R1-Pretrained,2.70544981956482,0.4998683035373688,125.0,125.0
hospital/m/short,TTM-R1-Pretrained,0.9913527369499208,0.1185099706053733,124.0,125.0
covid_deaths/d/short,TTM-R1-Pretrained,44.56435394287109,0.0838366150856018,108.0,110.0
us_births/d/short,TTM-R1-Pretrained,1.6032034158706665,0.1020436808466911,122.0,125.0
us_births/m/short,TTM-R1-Pretrained,1.643504619598389,0.0451338477432727,127.0,126.0
us_births/w/short,TTM-R1-Pretrained,1.6510907411575315,0.0246641170233488,123.0,124.0
saugeen/d/short,TTM-R1-Pretrained,4.038330078125,0.589358389377594,125.0,125.0
saugeen/m/short,TTM-R1-Pretrained,0.7559629678726196,0.3873854577541351,91.0,113.0
saugeen/w/short,TTM-R1-Pretrained,1.7919658422470093,0.6673002243041992,120.0,121.0
temperature_rain/d/short,TTM-R1-Pretrained,1.636677384376526,0.7803150415420532,114.0,120.0
kdd_cup_2018/h/short,TTM-R1-Pretrained,0.9970476627349854,0.504953145980835,98.0,117.0
kdd_cup_2018/d/short,TTM-R1-Pretrained,1.1857279539108276,0.4581332802772522,32.0,111.0
car_parts/m/short,TTM-R1-Pretrained,1.3475180864334106,1.7814030647277832,125.0,124.0
restaurant/d/short,TTM-R1-Pretrained,0.8296910524368286,0.4068679809570312,119.0,122.0
hierarchical_sales/d/short,TTM-R1-Pretrained,0.8271127343177795,0.7866212129592896,117.0,118.0
hierarchical_sales/w/short,TTM-R1-Pretrained,0.9056759476661682,0.564317524433136,119.0,122.0
loop_seattle/5t/short,TTM-R1-Pretrained,0.8927099704742432,0.0983499959111213,124.0,125.0
loop_seattle/h/short,TTM-R1-Pretrained,1.1600669622421265,0.102383978664875,122.0,122.0
loop_seattle/d/short,TTM-R1-Pretrained,1.637539029121399,0.0949363484978675,124.0,123.0
sz_taxi/15t/short,TTM-R1-Pretrained,0.5838834047317505,0.2726800143718719,113.0,120.0
sz_taxi/h/short,TTM-R1-Pretrained,0.6016649603843689,0.1842598617076873,115.0,119.0
m_dense/h/short,TTM-R1-Pretrained,1.0748567581176758,0.2229579985141754,118.0,119.0
m_dense/d/short,TTM-R1-Pretrained,1.195383071899414,0.1496414393186569,120.0,124.0
ett1/15t/short,TTM-R1-Pretrained,0.929407835006714,0.2849410772323608,117.0,122.0
ett1/h/short,TTM-R1-Pretrained,0.9026903510093688,0.2581512928009033,111.0,123.0
ett1/d/short,TTM-R1-Pretrained,1.9342973232269287,0.4172302186489105,122.0,128.0
ett1/w/short,TTM-R1-Pretrained,1.447729229927063,0.3500610888004303,13.0,118.0
ett2/15t/short,TTM-R1-Pretrained,0.8757458925247192,0.0959373190999031,109.0,118.0
ett2/h/short,TTM-R1-Pretrained,0.7833001017570496,0.0868182480335235,101.0,113.0
ett2/d/short,TTM-R1-Pretrained,1.5472772121429443,0.1222556978464126,111.0,112.0
ett2/w/short,TTM-R1-Pretrained,1.2180850505828855,0.1741792559623718,114.0,118.0
jena_weather/10t/short,TTM-R1-Pretrained,0.3400033116340637,0.046553298830986,99.0,105.0
jena_weather/h/short,TTM-R1-Pretrained,0.5863804817199707,0.0611528381705284,106.0,115.0
jena_weather/d/short,TTM-R1-Pretrained,2.276055097579956,0.0920705199241638,127.0,121.0
bitbrains_fast_storage/5t/short,TTM-R1-Pretrained,1.171704649925232,0.5875253677368164,126.0,114.0
bitbrains_fast_storage/h/short,TTM-R1-Pretrained,1.3008264303207395,0.8413297533988953,108.0,110.0
bitbrains_rnd/5t/short,TTM-R1-Pretrained,2.705741167068481,0.604300320148468,127.0,116.0
bitbrains_rnd/h/short,TTM-R1-Pretrained,5.975783824920654,1.0699366331100464,99.0,121.0
bizitobs_application/10s/short,TTM-R1-Pretrained,4.147694110870361,0.0482934489846229,115.0,120.0
bizitobs_service/10s/short,TTM-R1-Pretrained,2.4597558975219727,0.0439827106893062,117.0,123.0
bizitobs_l2c/5t/short,TTM-R1-Pretrained,0.308409571647644,0.1018842011690139,109.0,117.0
bizitobs_l2c/h/short,TTM-R1-Pretrained,0.9571609497070312,0.5263938307762146,115.0,125.0
electricity/15t/medium,TTM-R1-Pretrained,1.6732470989227295,0.1825905889272689,125.0,124.0
electricity/h/medium,TTM-R1-Pretrained,1.2359539270401,0.107792317867279,106.0,115.0
solar/10t/medium,TTM-R1-Pretrained,1.1924405097961426,0.6044189929962158,108.0,110.0
solar/h/medium,TTM-R1-Pretrained,0.9503023624420166,0.447590559720993,95.0,115.0
kdd_cup_2018/h/medium,TTM-R1-Pretrained,1.081132888793945,0.5336055159568787,98.0,115.0
loop_seattle/5t/medium,TTM-R1-Pretrained,1.9841841459274288,0.2270019352436065,125.0,125.0
loop_seattle/h/medium,TTM-R1-Pretrained,1.3280991315841677,0.1159477308392524,123.0,123.0
sz_taxi/15t/medium,TTM-R1-Pretrained,0.5815892219543457,0.2772950232028961,113.0,120.0
m_dense/h/medium,TTM-R1-Pretrained,1.0112087726593018,0.2111529558897018,117.0,121.0
ett1/15t/medium,TTM-R1-Pretrained,1.4170336723327637,0.4562733471393585,125.0,125.0
ett1/h/medium,TTM-R1-Pretrained,1.3740049600601196,0.3579520285129547,102.0,117.0
ett2/15t/medium,TTM-R1-Pretrained,1.052714705467224,0.1343579739332199,112.0,119.0
ett2/h/medium,TTM-R1-Pretrained,1.2107949256896973,0.15353724360466,110.0,118.0
jena_weather/10t/medium,TTM-R1-Pretrained,0.680471658706665,0.0693378448486328,102.0,109.0
jena_weather/h/medium,TTM-R1-Pretrained,0.8401451706886292,0.0766787081956863,84.0,114.0
bitbrains_fast_storage/5t/medium,TTM-R1-Pretrained,2.242617607116699,0.8162752389907837,124.0,103.0
bitbrains_rnd/5t/medium,TTM-R1-Pretrained,7.39147138595581,0.8345540761947632,126.0,111.0
bizitobs_application/10s/medium,TTM-R1-Pretrained,13.303730010986328,0.1777581870555877,127.0,129.0
bizitobs_service/10s/medium,TTM-R1-Pretrained,7.098899841308594,0.1482285559177398,129.0,128.0
bizitobs_l2c/5t/medium,TTM-R1-Pretrained,1.0041199922561646,0.5414315462112427,123.0,126.0
bizitobs_l2c/h/medium,TTM-R1-Pretrained,1.2794169187545776,0.7912086844444275,118.0,120.0
electricity/15t/long,TTM-R1-Pretrained,1.7905689477920532,0.1947676688432693,124.0,124.0
electricity/h/long,TTM-R1-Pretrained,1.3680378198623655,0.1264143288135528,107.0,116.0
solar/10t/long,TTM-R1-Pretrained,1.218901753425598,0.602648138999939,109.0,110.0
solar/h/long,TTM-R1-Pretrained,1.0523871183395386,0.4791354835033417,102.0,113.0
kdd_cup_2018/h/long,TTM-R1-Pretrained,1.0037591457366943,0.5464968085289001,34.0,110.0
loop_seattle/5t/long,TTM-R1-Pretrained,1.972639441490173,0.2238836139440536,129.0,125.0
loop_seattle/h/long,TTM-R1-Pretrained,1.2037372589111328,0.1047250181436538,116.0,123.0
sz_taxi/15t/long,TTM-R1-Pretrained,0.5435872673988342,0.2660429775714874,101.0,115.0
m_dense/h/long,TTM-R1-Pretrained,1.0458335876464844,0.2189723551273346,113.0,118.0
ett1/15t/long,TTM-R1-Pretrained,1.488469123840332,0.4735270738601684,122.0,124.0
ett1/h/long,TTM-R1-Pretrained,1.3938250541687012,0.3573746681213379,69.0,115.0
ett2/15t/long,TTM-R1-Pretrained,1.0827611684799194,0.1386105567216873,112.0,120.0
ett2/h/long,TTM-R1-Pretrained,1.2191311120986938,0.1528596729040146,108.0,117.0
jena_weather/10t/long,TTM-R1-Pretrained,0.6737896203994751,0.0694972574710846,89.0,108.0
jena_weather/h/long,TTM-R1-Pretrained,1.0584625005722046,0.08615343272686,84.0,112.0
bitbrains_fast_storage/5t/long,TTM-R1-Pretrained,2.0263211727142334,0.9419013261795044,124.0,111.0
bitbrains_rnd/5t/long,TTM-R1-Pretrained,6.739154815673828,0.7401122450828552,127.0,93.0
bizitobs_application/10s/long,TTM-R1-Pretrained,11.375816345214844,0.1963201314210891,124.0,127.0
bizitobs_service/10s/long,TTM-R1-Pretrained,6.615731239318848,0.1795423477888107,127.0,128.0
bizitobs_l2c/5t/long,TTM-R1-Pretrained,1.3303046226501465,0.7953712940216064,123.0,128.0
bizitobs_l2c/h/long,TTM-R1-Pretrained,1.1981686353683472,0.7135219573974609,113.0,116.0
bitbrains_fast_storage/5t/long,TTM-R2-Finetuned,0.9394458164208644,0.936580219208045,74.0,109.0
bitbrains_fast_storage/5t/medium,TTM-R2-Finetuned,1.068926268149068,0.826709846974402,87.0,105.0
bitbrains_fast_storage/5t/short,TTM-R2-Finetuned,0.7361521349445582,0.5632991082577066,73.0,112.0
bitbrains_fast_storage/h/short,TTM-R2-Finetuned,1.203414758921277,1.0296736576079033,103.0,121.0
bitbrains_rnd/5t/long,TTM-R2-Finetuned,3.5032975288077983,0.7619744795916943,95.0,99.0
bitbrains_rnd/5t/medium,TTM-R2-Finetuned,4.529739862550385,0.7830223720104336,91.0,106.0
bitbrains_rnd/5t/short,TTM-R2-Finetuned,1.752523322122541,0.4672911821190151,85.0,95.0
bitbrains_rnd/h/short,TTM-R2-Finetuned,6.063022334614292,0.892160566815821,108.0,117.0
bizitobs_application/10s/long,TTM-R2-Finetuned,3.805221051216473,0.0576616997186825,90.0,92.0
bizitobs_application/10s/medium,TTM-R2-Finetuned,3.0532961256965945,0.048599971547467,95.0,99.0
bizitobs_application/10s/short,TTM-R2-Finetuned,1.6460449758139195,0.0222384547406303,90.0,94.0
bizitobs_l2c/5t/long,TTM-R2-Finetuned,0.505296526133817,0.2415972766784644,29.0,33.0
bizitobs_l2c/5t/medium,TTM-R2-Finetuned,0.5483145095504464,0.2471796327112555,51.0,54.0
bizitobs_l2c/5t/short,TTM-R2-Finetuned,0.2468623680809994,0.0689155581501164,31.0,37.0
bizitobs_l2c/h/long,TTM-R2-Finetuned,1.2040442447092374,0.6928988189299576,114.0,115.0
bizitobs_l2c/h/medium,TTM-R2-Finetuned,1.1379096971688818,0.6748325382897294,111.0,116.0
bizitobs_l2c/h/short,TTM-R2-Finetuned,0.5435152097394856,0.2687340421215659,95.0,94.0
bizitobs_service/10s/long,TTM-R2-Finetuned,1.484405498580213,0.0585457023184435,83.0,96.0
bizitobs_service/10s/medium,TTM-R2-Finetuned,1.2581486734750804,0.0425885641088247,84.0,91.0
bizitobs_service/10s/short,TTM-R2-Finetuned,0.8004796284569702,0.0141385329491915,65.0,77.0
car_parts/m/short,TTM-R2-Finetuned,0.8386547466107044,1.1033172198674626,45.0,97.0
covid_deaths/d/short,TTM-R2-Finetuned,30.802133756496268,0.0363315475135989,19.0,64.0
electricity/15t/long,TTM-R2-Finetuned,0.8690734747097738,0.0777052617484491,40.0,65.0
electricity/15t/medium,TTM-R2-Finetuned,0.8218928213652269,0.0770630364608743,44.0,59.0
electricity/15t/short,TTM-R2-Finetuned,0.9094568181618008,0.0820100155145277,24.0,44.0
electricity/d/short,TTM-R2-Finetuned,1.450006078761732,0.0582507098177698,77.0,79.0
electricity/h/long,TTM-R2-Finetuned,1.190830614263655,0.0900480630201141,55.0,68.0
electricity/h/medium,TTM-R2-Finetuned,1.088301608207917,0.0783165659213535,77.0,68.0
electricity/h/short,TTM-R2-Finetuned,0.9007559192273588,0.0679677625145763,36.0,66.0
electricity/w/short,TTM-R2-Finetuned,1.5231457560796156,0.0600722804856087,61.0,83.0
ett1/15t/long,TTM-R2-Finetuned,1.0361023047005702,0.2550946917689166,72.0,80.0
ett1/15t/medium,TTM-R2-Finetuned,1.0713683105231129,0.2724508766170448,89.0,92.0
ett1/15t/short,TTM-R2-Finetuned,0.7017014643993879,0.1746602561248265,75.0,87.0
ett1/d/short,TTM-R2-Finetuned,1.8783711731388808,0.3422974262160394,116.0,109.0
ett1/h/long,TTM-R2-Finetuned,1.3916495607179538,0.2814228178365797,68.0,70.0
ett1/h/medium,TTM-R2-Finetuned,1.283771562495028,0.2731913921366523,66.0,78.0
ett1/h/short,TTM-R2-Finetuned,0.8491898994946865,0.1956015298087723,88.0,96.0
ett1/w/short,TTM-R2-Finetuned,1.595421115270097,0.2826049995830222,73.0,82.0
ett2/15t/long,TTM-R2-Finetuned,0.9292484940203256,0.0954227469331208,80.0,73.0
ett2/15t/medium,TTM-R2-Finetuned,0.9162652491736158,0.0962783883370847,82.0,84.0
ett2/15t/short,TTM-R2-Finetuned,0.7265459281883621,0.0638024638580599,41.0,48.0
ett2/d/short,TTM-R2-Finetuned,1.2063392096600205,0.084808235456253,6.0,6.0
ett2/h/long,TTM-R2-Finetuned,1.0367416326474896,0.1047603839816333,55.0,47.0
ett2/h/medium,TTM-R2-Finetuned,1.0297214386196107,0.1043410179800058,51.0,53.0
ett2/h/short,TTM-R2-Finetuned,0.7490450306502651,0.0660197049007416,82.0,81.0
ett2/w/short,TTM-R2-Finetuned,0.7851441888401532,0.0938982197996595,42.0,71.0
hierarchical_sales/d/short,TTM-R2-Finetuned,0.7558194057222575,0.6055440831607339,99.0,106.0
hierarchical_sales/w/short,TTM-R2-Finetuned,0.7266241501560372,0.3623076482868095,66.0,92.0
hospital/m/short,TTM-R2-Finetuned,0.7501570429495468,0.052531347819068,29.0,63.0
jena_weather/10t/long,TTM-R2-Finetuned,0.7677551680933851,0.0679027734900091,116.0,103.0
jena_weather/10t/medium,TTM-R2-Finetuned,0.7166583775400284,0.0686871603404671,112.0,108.0
jena_weather/10t/short,TTM-R2-Finetuned,0.3199931574966327,0.0442038167557609,91.0,103.0
jena_weather/d/short,TTM-R2-Finetuned,1.3215369857400292,0.0722635366492006,107.0,114.0
jena_weather/h/long,TTM-R2-Finetuned,1.4615745692770212,0.1880689408600099,119.0,122.0
jena_weather/h/medium,TTM-R2-Finetuned,0.8607151865283422,0.0700992221744368,93.0,108.0
jena_weather/h/short,TTM-R2-Finetuned,0.5795535454775498,0.0620991881611656,103.0,116.0
kdd_cup_2018/d/short,TTM-R2-Finetuned,1.1973446875504572,0.3999446612737116,68.0,103.0
kdd_cup_2018/h/long,TTM-R2-Finetuned,1.0041888350478287,0.474812103000245,36.0,87.0
kdd_cup_2018/h/medium,TTM-R2-Finetuned,1.0300342985241164,0.4533451613555603,35.0,95.0
kdd_cup_2018/h/short,TTM-R2-Finetuned,0.9503651163898056,0.4150173649028795,70.0,97.0
loop_seattle/5t/long,TTM-R2-Finetuned,0.8712097454636959,0.0837589585066582,65.0,78.0
loop_seattle/5t/medium,TTM-R2-Finetuned,0.8081732986650807,0.0774842272883536,69.0,77.0
loop_seattle/5t/short,TTM-R2-Finetuned,0.5578499820149161,0.0512422104462477,61.0,85.0
loop_seattle/d/short,TTM-R2-Finetuned,0.8986515774335462,0.045484379909896,81.0,94.0
loop_seattle/h/long,TTM-R2-Finetuned,0.9041125930021258,0.0673313452421905,75.0,78.0
loop_seattle/h/medium,TTM-R2-Finetuned,0.923027931109258,0.0695813841844502,64.0,83.0
loop_seattle/h/short,TTM-R2-Finetuned,0.8765368514705689,0.0669154357819431,79.0,94.0
m4_daily/d/short,TTM-R2-Finetuned,3.3021415646450025,0.0236183882479448,68.0,94.0
m4_hourly/h/short,TTM-R2-Finetuned,1.0285249674517116,0.0345370165685745,93.0,108.0
m4_monthly/m/short,TTM-R2-Finetuned,0.9459661764045142,0.100139085311179,60.0,90.0
m4_quarterly/q/short,TTM-R2-Finetuned,1.1703985407478166,0.0793010071018279,55.0,79.0
m4_weekly/w/short,TTM-R2-Finetuned,1.9451689201983928,0.0439194912940532,34.0,89.0
m4_yearly/a/short,TTM-R2-Finetuned,3.248184285763506,0.1184634783883809,49.0,70.0
m_dense/d/short,TTM-R2-Finetuned,0.7308909878732596,0.070599366408306,83.0,77.0
m_dense/h/long,TTM-R2-Finetuned,0.7343058598768367,0.1284081069475143,74.0,77.0
m_dense/h/medium,TTM-R2-Finetuned,0.7093661857795744,0.1216492005248433,68.0,74.0
m_dense/h/short,TTM-R2-Finetuned,0.8089684686941805,0.1413059972310579,78.0,86.0
restaurant/d/short,TTM-R2-Finetuned,0.6993508872343396,0.268645343232859,80.0,83.0
saugeen/d/short,TTM-R2-Finetuned,2.995442968673398,0.406232631293201,79.0,99.0
saugeen/m/short,TTM-R2-Finetuned,0.7543076513874725,0.3402124650401258,87.0,104.0
saugeen/w/short,TTM-R2-Finetuned,1.3726144196481544,0.4449652484734065,100.0,99.0
solar/10t/long,TTM-R2-Finetuned,0.9967629971059592,0.4864949311521215,94.0,98.0
solar/10t/medium,TTM-R2-Finetuned,0.9964435246334038,0.4969546540739344,97.0,103.0
solar/10t/short,TTM-R2-Finetuned,0.8242733388399077,0.5438311696411915,31.0,77.0
solar/d/short,TTM-R2-Finetuned,0.983329700327178,0.3026790772642457,66.0,99.0
solar/h/long,TTM-R2-Finetuned,1.404319556197409,0.6070426439351164,120.0,120.0
solar/h/medium,TTM-R2-Finetuned,1.236835907212823,0.5594317517836956,122.0,122.0
solar/h/short,TTM-R2-Finetuned,0.8811319325347442,0.4086000223429751,83.0,112.0
solar/w/short,TTM-R2-Finetuned,0.9964112954738998,0.1713271204395393,26.0,82.0
sz_taxi/15t/long,TTM-R2-Finetuned,0.5878725560105701,0.2386006786721174,116.0,101.0
sz_taxi/15t/medium,TTM-R2-Finetuned,0.5453092252850363,0.2149692499086918,79.0,85.0
sz_taxi/15t/short,TTM-R2-Finetuned,0.5605156933694326,0.2104809215725871,98.0,97.0
sz_taxi/h/short,TTM-R2-Finetuned,0.5757605277865321,0.141545966002123,94.0,97.0
temperature_rain/d/short,TTM-R2-Finetuned,1.412977798224388,0.656265216764425,95.0,108.0
us_births/d/short,TTM-R2-Finetuned,0.3884755896720457,0.0204127443656561,69.0,66.0
us_births/m/short,TTM-R2-Finetuned,0.5114597475856147,0.0114450665117938,14.0,16.0
us_births/w/short,TTM-R2-Finetuned,1.1392721120886458,0.0142611268547496,77.0,79.0
m4_yearly/a/short,TTM-R2-Pretrained,5.130594253540039,0.1969102919101715,123.0,125.0
m4_quarterly/q/short,TTM-R2-Pretrained,2.027404546737671,0.1388260573148727,125.0,127.0
m4_monthly/m/short,TTM-R2-Pretrained,1.533287525177002,0.17743481695652,122.0,126.0
m4_weekly/w/short,TTM-R2-Pretrained,3.483421564102173,0.0693394094705581,121.0,125.0
m4_daily/d/short,TTM-R2-Pretrained,4.401748180389404,0.035170454531908,119.0,124.0
m4_hourly/h/short,TTM-R2-Pretrained,2.782658100128174,0.0401964597404003,121.0,116.0
electricity/15t/short,TTM-R2-Pretrained,1.4320731163024902,0.1518115699291229,109.0,115.0
electricity/h/short,TTM-R2-Pretrained,1.159241795539856,0.0969554930925369,113.0,118.0
electricity/d/short,TTM-R2-Pretrained,1.6594325304031372,0.0925828740000724,109.0,121.0
electricity/w/short,TTM-R2-Pretrained,2.5212364196777344,0.1593890190124511,125.0,126.0
solar/10t/short,TTM-R2-Pretrained,1.1790286302566528,0.7847028970718384,104.0,112.0
solar/h/short,TTM-R2-Pretrained,0.9796592593193054,0.4678918719291687,114.0,121.0
solar/d/short,TTM-R2-Pretrained,1.068386435508728,0.3958944082260132,114.0,119.0
solar/w/short,TTM-R2-Pretrained,2.877580165863037,0.5312492847442627,126.0,127.0
hospital/m/short,TTM-R2-Pretrained,1.050584316253662,0.1228719651699066,125.0,126.0
covid_deaths/d/short,TTM-R2-Pretrained,53.48585891723633,0.1230052486062049,122.0,118.0
us_births/d/short,TTM-R2-Pretrained,1.6285947561264038,0.1036574244499206,123.0,126.0
us_births/m/short,TTM-R2-Pretrained,1.3240991830825806,0.0363259203732013,122.0,123.0
us_births/w/short,TTM-R2-Pretrained,1.778560757637024,0.0265699550509452,124.0,125.0
saugeen/d/short,TTM-R2-Pretrained,4.034393787384033,0.5888414978981018,124.0,124.0
saugeen/m/short,TTM-R2-Pretrained,0.7903389930725098,0.4050070345401764,108.0,117.0
saugeen/w/short,TTM-R2-Pretrained,1.867565631866455,0.6955441236495972,122.0,123.0
temperature_rain/d/short,TTM-R2-Pretrained,1.6619073152542114,0.7908389568328857,115.0,122.0
kdd_cup_2018/h/short,TTM-R2-Pretrained,1.0117350816726685,0.5144221186637878,103.0,118.0
kdd_cup_2018/d/short,TTM-R2-Pretrained,1.172845721244812,0.4518692195415497,12.0,109.0
car_parts/m/short,TTM-R2-Pretrained,1.5749661922454834,2.2852225303649902,126.0,126.0
restaurant/d/short,TTM-R2-Pretrained,0.896973729133606,0.4384193122386932,122.0,123.0
hierarchical_sales/d/short,TTM-R2-Pretrained,0.8340859413146973,0.7924575209617615,118.0,119.0
hierarchical_sales/w/short,TTM-R2-Pretrained,1.086988925933838,0.7249835133552551,126.0,125.0
loop_seattle/5t/short,TTM-R2-Pretrained,0.6305468678474426,0.0684995502233505,100.0,109.0
loop_seattle/h/short,TTM-R2-Pretrained,1.0818450450897217,0.0953019112348556,116.0,119.0
loop_seattle/d/short,TTM-R2-Pretrained,1.7389246225357056,0.1007647663354873,128.0,124.0
sz_taxi/15t/short,TTM-R2-Pretrained,0.5735141634941101,0.2684645056724548,107.0,117.0
sz_taxi/h/short,TTM-R2-Pretrained,0.5973286032676697,0.183110624551773,113.0,118.0
m_dense/h/short,TTM-R2-Pretrained,1.0879967212677002,0.2253373265266418,119.0,120.0
m_dense/d/short,TTM-R2-Pretrained,1.20741868019104,0.1512509435415268,122.0,125.0
ett1/15t/short,TTM-R2-Pretrained,0.8118457794189453,0.2350325137376785,108.0,114.0
ett1/h/short,TTM-R2-Pretrained,0.8821736574172974,0.250457227230072,104.0,121.0
ett1/d/short,TTM-R2-Pretrained,1.962099552154541,0.4157183468341827,124.0,127.0
ett1/w/short,TTM-R2-Pretrained,1.5393426418304443,0.4479359984397888,45.0,126.0
ett2/15t/short,TTM-R2-Pretrained,0.8321967720985413,0.0930230841040611,102.0,116.0
ett2/h/short,TTM-R2-Pretrained,0.7901540994644165,0.087941400706768,106.0,118.0
ett2/d/short,TTM-R2-Pretrained,1.564162015914917,0.1193047389388084,114.0,111.0
ett2/w/short,TTM-R2-Pretrained,1.356560468673706,0.2001546621322631,116.0,122.0
jena_weather/10t/short,TTM-R2-Pretrained,0.3458213806152344,0.0453954376280307,103.0,104.0
jena_weather/h/short,TTM-R2-Pretrained,0.5753880739212036,0.0596417821943759,101.0,114.0
jena_weather/d/short,TTM-R2-Pretrained,2.5306453704833984,0.1237957179546356,128.0,124.0
bitbrains_fast_storage/5t/short,TTM-R2-Pretrained,0.965898871421814,0.5959958434104919,107.0,117.0
bitbrains_fast_storage/h/short,TTM-R2-Pretrained,1.2754968404769895,0.9262713193893432,106.0,118.0
bitbrains_rnd/5t/short,TTM-R2-Pretrained,2.053879737854004,0.6049767136573792,116.0,117.0
bitbrains_rnd/h/short,TTM-R2-Pretrained,6.163490295410156,1.060429334640503,115.0,120.0
bizitobs_application/10s/short,TTM-R2-Pretrained,4.214677333831787,0.0577621385455131,117.0,125.0
bizitobs_service/10s/short,TTM-R2-Pretrained,2.732959747314453,0.05308698117733,121.0,127.0
bizitobs_l2c/5t/short,TTM-R2-Pretrained,0.3244537711143493,0.1068026050925254,115.0,118.0
bizitobs_l2c/h/short,TTM-R2-Pretrained,0.9834961295127868,0.5490540862083435,116.0,127.0
electricity/15t/medium,TTM-R2-Pretrained,1.3208063840866089,0.1418533772230148,118.0,121.0
electricity/h/medium,TTM-R2-Pretrained,1.2517058849334717,0.109390951693058,109.0,116.0
solar/10t/medium,TTM-R2-Pretrained,1.1273674964904783,0.5728738903999329,105.0,109.0
solar/h/medium,TTM-R2-Pretrained,1.0454044342041016,0.4926668703556061,113.0,118.0
kdd_cup_2018/h/medium,TTM-R2-Pretrained,1.0737661123275757,0.5317556858062744,93.0,113.0
loop_seattle/5t/medium,TTM-R2-Pretrained,1.0654295682907104,0.1207940727472305,103.0,116.0
loop_seattle/h/medium,TTM-R2-Pretrained,1.1938070058822632,0.1039717271924018,117.0,121.0
sz_taxi/15t/medium,TTM-R2-Pretrained,0.5661407113075256,0.2702811956405639,108.0,119.0
m_dense/h/medium,TTM-R2-Pretrained,1.0201516151428225,0.2128457278013229,118.0,122.0
ett1/15t/medium,TTM-R2-Pretrained,1.137412428855896,0.333311915397644,103.0,113.0
ett1/h/medium,TTM-R2-Pretrained,1.3201416730880735,0.3386438190937042,86.0,115.0
ett2/15t/medium,TTM-R2-Pretrained,0.986796259880066,0.1278418749570846,103.0,117.0
ett2/h/medium,TTM-R2-Pretrained,1.097788691520691,0.1385928392410278,96.0,115.0
jena_weather/10t/medium,TTM-R2-Pretrained,0.6561654806137085,0.0693863630294799,94.0,110.0
jena_weather/h/medium,TTM-R2-Pretrained,0.8147535920143127,0.0733472928404808,73.0,113.0
bitbrains_fast_storage/5t/medium,TTM-R2-Pretrained,1.2348387241363523,0.9058074951171876,111.0,115.0
bitbrains_rnd/5t/medium,TTM-R2-Pretrained,4.8130364418029785,0.8347302675247192,119.0,112.0
bizitobs_application/10s/medium,TTM-R2-Pretrained,9.018702507019045,0.1258518248796463,120.0,126.0
bizitobs_service/10s/medium,TTM-R2-Pretrained,5.1217827796936035,0.1171448156237602,124.0,127.0
bizitobs_l2c/5t/medium,TTM-R2-Pretrained,0.9921779036521912,0.540264904499054,122.0,125.0
bizitobs_l2c/h/medium,TTM-R2-Pretrained,1.2396725416183472,0.7819526791572571,116.0,119.0
electricity/15t/long,TTM-R2-Pretrained,1.3471070528030396,0.1428497582674026,119.0,122.0
electricity/h/long,TTM-R2-Pretrained,1.3821061849594116,0.1282019466161728,108.0,118.0
solar/10t/long,TTM-R2-Pretrained,1.10085928440094,0.5454980134963989,101.0,105.0
solar/h/long,TTM-R2-Pretrained,1.1248584985733032,0.5120344758033752,113.0,116.0
kdd_cup_2018/h/long,TTM-R2-Pretrained,1.0000991821289062,0.5421940684318542,33.0,109.0
loop_seattle/5t/long,TTM-R2-Pretrained,1.1124976873397827,0.1254220902919769,106.0,114.0
loop_seattle/h/long,TTM-R2-Pretrained,1.114170789718628,0.0965467765927314,111.0,121.0
sz_taxi/15t/long,TTM-R2-Pretrained,0.5310652256011963,0.2602401971817016,92.0,112.0
m_dense/h/long,TTM-R2-Pretrained,1.0597881078720093,0.222294270992279,114.0,120.0
ett1/15t/long,TTM-R2-Pretrained,1.195629000663757,0.3515290319919586,110.0,114.0
ett1/h/long,TTM-R2-Pretrained,1.355435848236084,0.3417097628116607,43.0,107.0
ett2/15t/long,TTM-R2-Pretrained,0.986086905002594,0.1261162757873535,99.0,112.0
ett2/h/long,TTM-R2-Pretrained,1.131842017173767,0.1439172327518463,98.0,115.0
jena_weather/10t/long,TTM-R2-Pretrained,0.6489807367324829,0.0679807215929031,67.0,104.0
jena_weather/h/long,TTM-R2-Pretrained,1.0716230869293213,0.0837439969182014,92.0,111.0
bitbrains_fast_storage/5t/long,TTM-R2-Pretrained,1.1635642051696775,0.9391733407974244,113.0,110.0
bitbrains_rnd/5t/long,TTM-R2-Pretrained,3.782886266708374,0.7791520953178406,115.0,101.0
bizitobs_application/10s/long,TTM-R2-Pretrained,9.590826034545898,0.143584668636322,120.0,126.0
bizitobs_service/10s/long,TTM-R2-Pretrained,5.33817720413208,0.1398546993732452,125.0,127.0
bizitobs_l2c/5t/long,TTM-R2-Pretrained,1.316333532333374,0.7852683663368225,121.0,126.0
bizitobs_l2c/h/long,TTM-R2-Pretrained,1.2374670505523682,0.7507575154304504,116.0,120.0
m_dense/d/short,TTM-R3-FT,0.7886813733018818,0.0776278360397505,100.0,98.0
sz_taxi/15t/short,TTM-R3-FT,0.5438343706074762,0.2023830157583694,47.0,66.0
sz_taxi/h/short,TTM-R3-FT,0.570276328907444,0.1381840411726603,81.0,80.0
loop_seattle/d/short,TTM-R3-FT,0.9610789132627966,0.0458422034153352,110.0,98.0
loop_seattle/5t/short,TTM-R3-FT,0.5368146084990022,0.0479836947216083,18.0,56.0
sz_taxi/15t/medium,TTM-R3-FT,0.5329034873598613,0.2025838095749206,17.0,53.0
bitbrains_fast_storage/h/short,TTM-R3-FT,1.0629671272647747,0.7079384986107425,57.0,88.0
bitbrains_fast_storage/5t/short,TTM-R3-FT,0.6774335754577475,0.4256931271328021,50.0,76.0
bitbrains_rnd/5t/short,TTM-R3-FT,1.641410135935614,0.4267633896760772,48.0,67.0
loop_seattle/5t/medium,TTM-R3-FT,0.7563046904299139,0.0703485907798313,42.0,55.0
sz_taxi/15t/long,TTM-R3-FT,0.5067776015584053,0.1980014634243579,37.0,36.0
bitbrains_rnd/h/short,TTM-R3-FT,5.918240278646604,0.6123679930839835,92.0,38.0
bitbrains_rnd/5t/medium,TTM-R3-FT,4.431285050939004,0.6762331549549976,69.0,87.0
bitbrains_fast_storage/5t/medium,TTM-R3-FT,0.9852402749656384,0.6305636809964269,57.0,50.0
loop_seattle/5t/long,TTM-R3-FT,0.8384700811992231,0.0785279412811537,49.0,64.0
bizitobs_application/10s/short,TTM-R3-FT,1.1096877919157158,0.0165145864628651,56.0,85.0
bitbrains_rnd/5t/long,TTM-R3-FT,3.3449912431075703,0.6377165076026365,64.0,59.0
bizitobs_application/10s/medium,TTM-R3-FT,2.5487614028629197,0.0435642764997903,77.0,87.0
bitbrains_fast_storage/5t/long,TTM-R3-FT,0.9268936054166286,0.910356896305904,69.0,107.0
bizitobs_l2c/h/short,TTM-R3-FT,0.456794067982383,0.199963825050139,61.0,66.0
bizitobs_l2c/h/medium,TTM-R3-FT,0.5438890477799531,0.2594205330255293,84.0,73.0
bizitobs_l2c/h/long,TTM-R3-FT,0.6020294167574227,0.2796869528232107,72.0,64.0
bizitobs_application/10s/long,TTM-R3-FT,3.2702710264658497,0.0566954405787632,64.0,88.0
car_parts/m/short,TTM-R3-FT,0.944556149081917,1.0505165836004984,100.0,83.0
covid_deaths/d/short,TTM-R3-FT,31.119144467469265,0.0402629674916099,22.0,70.0
electricity/d/short,TTM-R3-FT,1.434543455859517,0.0551603759623584,69.0,50.0
bizitobs_service/10s/short,TTM-R3-FT,0.7833163130968244,0.0134986972316698,58.0,73.0
electricity/15t/short,TTM-R3-FT,0.8667002221921567,0.0749540629480313,8.0,9.0
electricity/h/short,TTM-R3-FT,0.8907128158082545,0.0641100282567002,32.0,33.0
electricity/h/medium,TTM-R3-FT,1.0771711797328865,0.0728826788278829,67.0,33.0
electricity/h/long,TTM-R3-FT,1.1846056063276544,0.0787424955807854,50.0,12.0
electricity/w/short,TTM-R3-FT,1.5692385583184043,0.0532065891934764,68.0,63.0
electricity/15t/medium,TTM-R3-FT,0.8232386073067746,0.0784159310747733,46.0,63.0
bizitobs_service/10s/medium,TTM-R3-FT,1.1477536375461317,0.0358625631853299,70.0,86.0
ett1/15t/short,TTM-R3-FT,0.6779060011280235,0.1672511738062546,43.0,74.0
m_dense/h/short,TTM-R3-FT,0.766145448948875,0.1264391824634153,37.0,39.0
electricity/15t/long,TTM-R3-FT,0.8712555509735309,0.0752711025656116,43.0,52.0
bizitobs_service/10s/long,TTM-R3-FT,1.3520892270534783,0.0540628986943326,58.0,75.0
ett1/15t/medium,TTM-R3-FT,0.98460941720324,0.2382372892367042,37.0,60.0
ett1/d/short,TTM-R3-FT,1.7339776049541935,0.2851748991946266,90.0,80.0
ett1/w/short,TTM-R3-FT,1.5578899564039832,0.2570305050259202,53.0,36.0
ett1/15t/long,TTM-R3-FT,1.0003421241948125,0.2364729216360924,44.0,55.0
bizitobs_l2c/5t/short,TTM-R3-FT,0.2796135260037026,0.0771995459738898,79.0,80.0
ett1/h/short,TTM-R3-FT,0.8421452319622613,0.1958563052202582,83.0,97.0
ett2/15t/short,TTM-R3-FT,0.7499620589552979,0.0669184781095112,62.0,73.0
ett2/d/short,TTM-R3-FT,1.3307501871601044,0.0959849693765196,70.0,79.0
ett2/15t/medium,TTM-R3-FT,0.8456670738185058,0.0871790810489174,14.0,22.0
ett1/h/medium,TTM-R3-FT,1.299318392926227,0.2581297046914094,74.0,55.0
ett2/h/short,TTM-R3-FT,0.7455695285994596,0.0666619015313602,79.0,85.0
ett2/15t/long,TTM-R3-FT,0.8778907040406116,0.0909530336630188,44.0,42.0
ett2/w/short,TTM-R3-FT,0.6296232222878092,0.0771890644047252,2.0,5.0
hierarchical_sales/d/short,TTM-R3-FT,0.7470020573928471,0.5794699705804601,68.0,71.0
ett2/h/medium,TTM-R3-FT,1.0394583194864433,0.1038732569575786,62.0,47.0
hierarchical_sales/w/short,TTM-R3-FT,0.7315311190567174,0.3512649048700819,74.0,70.0
ett1/h/long,TTM-R3-FT,1.333450388316787,0.2624779379277781,20.0,31.0
hospital/m/short,TTM-R3-FT,0.7788812533829188,0.0526976687360635,80.0,67.0
jena_weather/d/short,TTM-R3-FT,1.2293185755837823,0.0625444629793244,96.0,108.0
ett2/h/long,TTM-R3-FT,1.0782587664512762,0.1081122279217333,79.0,65.0
kdd_cup_2018/d/short,TTM-R3-FT,1.1989798552510722,0.3802029885222299,76.0,74.0
m_dense/h/medium,TTM-R3-FT,0.6809981320533899,0.1139551473487597,37.0,42.0
kdd_cup_2018/h/short,TTM-R3-FT,0.9511514954025428,0.3928342347542325,72.0,83.0
jena_weather/10t/short,TTM-R3-FT,0.2814232966715906,0.03161906602664,59.0,80.0
bizitobs_l2c/5t/medium,TTM-R3-FT,0.4925162240529063,0.2117141509272422,32.0,31.0
jena_weather/h/short,TTM-R3-FT,0.5267188918441501,0.0436358308266097,64.0,71.0
kdd_cup_2018/h/medium,TTM-R3-FT,1.0764636860389036,0.4340064925204361,95.0,74.0
kdd_cup_2018/h/long,TTM-R3-FT,1.0555474830805018,0.4761260960760033,102.0,88.0
loop_seattle/h/short,TTM-R3-FT,0.8255705222604549,0.0607965750789098,59.0,68.0
jena_weather/10t/medium,TTM-R3-FT,0.6173324936044513,0.0493745661468591,72.0,59.0
jena_weather/h/medium,TTM-R3-FT,0.7604462826727428,0.0503632886558654,33.0,41.0
m4_daily/d/short,TTM-R3-FT,3.312859319227388,0.0222692936614595,73.0,65.0
m4_hourly/h/short,TTM-R3-FT,0.7845934754083408,0.0275109136273803,63.0,87.0
jena_weather/h/long,TTM-R3-FT,0.9512821705466288,0.056753767058402,45.0,47.0
m4_monthly/m/short,TTM-R3-FT,1.0243898322362297,0.0989530155279388,98.0,86.0
jena_weather/10t/long,TTM-R3-FT,0.666249054682308,0.0513493807081983,82.0,65.0
m4_quarterly/q/short,TTM-R3-FT,1.168545138740635,0.0763045611753215,53.0,63.0
m_dense/h/long,TTM-R3-FT,0.6857198166025853,0.1149623081669485,45.0,50.0
restaurant/d/short,TTM-R3-FT,0.7149199173636365,0.2711371727451169,99.0,92.0
saugeen/d/short,TTM-R3-FT,2.612411924044652,0.3364277474353689,8.0,36.0
saugeen/m/short,TTM-R3-FT,0.7420154171557647,0.3036781331942381,70.0,74.0
m4_weekly/w/short,TTM-R3-FT,1.909853332223752,0.0369084206952136,32.0,47.0
solar/d/short,TTM-R3-FT,0.9911877602680546,0.2878593062279252,79.0,82.0
m4_yearly/a/short,TTM-R3-FT,3.198365218208955,0.117601905157921,39.0,65.0
solar/h/short,TTM-R3-FT,0.9118981311360538,0.3609980188185649,97.0,96.0
solar/w/short,TTM-R3-FT,1.007424796469512,0.1459440439208136,28.0,42.0
solar/h/medium,TTM-R3-FT,0.8843085911263986,0.3315794665624846,74.0,65.0
saugeen/w/short,TTM-R3-FT,1.2377367320122747,0.3932517387414134,75.0,83.0
bizitobs_l2c/5t/long,TTM-R3-FT,0.5009764452188179,0.2252398821037438,27.0,26.0
us_births/m/short,TTM-R3-FT,0.6815130540386622,0.0154816876681276,67.0,79.0
solar/h/long,TTM-R3-FT,0.9225603162979932,0.3364910545536033,61.0,65.0
solar/10t/short,TTM-R3-FT,1.121182321980518,0.6671856463597154,98.0,104.0
us_births/d/short,TTM-R3-FT,0.3642697194014271,0.0192658023730319,59.0,60.0
solar/10t/medium,TTM-R3-FT,0.9736787304288712,0.4109248533278223,94.0,90.0
us_births/w/short,TTM-R3-FT,0.974671693484418,0.0113624973685025,40.0,35.0
solar/10t/long,TTM-R3-FT,0.996197840157578,0.4149519380914624,93.0,90.0
temperature_rain/d/short,TTM-R3-FT,1.369189416092365,0.5660430180873128,77.0,76.0
loop_seattle/h/medium,TTM-R3-FT,0.9490303811910152,0.0682533993294364,80.0,78.0
loop_seattle/h/long,TTM-R3-FT,0.9006130962323186,0.0646281508424428,71.0,72.0
loop_seattle/d/short,TTM-R3-PT,0.96298080463589,0.0454620498522211,111.0,93.0
loop_seattle/h/short,TTM-R3-PT,0.8151167020182609,0.0606195558888565,45.0,65.0
m_dense/h/short,TTM-R3-PT,0.7995016088470455,0.133872557820258,71.0,73.0
m_dense/d/short,TTM-R3-PT,0.7337675934096091,0.071566321554502,86.0,78.0
loop_seattle/5t/short,TTM-R3-PT,0.53756735504369,0.048110961065833,19.0,59.0
m_dense/h/medium,TTM-R3-PT,0.7040475631031022,0.1190194732343718,65.0,63.0
loop_seattle/h/medium,TTM-R3-PT,0.9443554396197136,0.0682209292797526,78.0,77.0
m_dense/h/long,TTM-R3-PT,0.710854878085798,0.1200172937047188,63.0,68.0
loop_seattle/h/long,TTM-R3-PT,0.900383805700609,0.064596587294536,70.0,70.0
sz_taxi/15t/short,TTM-R3-PT,0.5450539817954253,0.2028974781767042,58.0,70.0
sz_taxi/15t/medium,TTM-R3-PT,0.5356671791669638,0.2041893609833412,48.0,66.0
sz_taxi/15t/long,TTM-R3-PT,0.5058739675899704,0.1991791257556037,28.0,49.0
sz_taxi/h/short,TTM-R3-PT,0.5795216991505026,0.1402886870084417,101.0,90.0
bitbrains_fast_storage/h/short,TTM-R3-PT,1.057575741506285,0.6701876387247568,54.0,76.0
bitbrains_rnd/h/short,TTM-R3-PT,5.892820562935453,0.6035301234335193,86.0,30.0
bizitobs_application/10s/short,TTM-R3-PT,1.08066504762359,0.0165704257973792,47.0,86.0
bizitobs_application/10s/medium,TTM-R3-PT,2.5250320994864244,0.0425114149074968,76.0,84.0
bizitobs_application/10s/long,TTM-R3-PT,3.20232881186776,0.0556274739734663,47.0,82.0
bizitobs_l2c/5t/short,TTM-R3-PT,0.2819313734114747,0.078096265935336,84.0,86.0
bizitobs_l2c/h/short,TTM-R3-PT,0.4857334010228268,0.2133647825961373,76.0,75.0
bizitobs_l2c/5t/medium,TTM-R3-PT,0.507699589490965,0.2211599393060698,36.0,42.0
bizitobs_l2c/h/medium,TTM-R3-PT,0.543889047779985,0.2594205330255477,85.0,74.0
bizitobs_l2c/5t/long,TTM-R3-PT,0.512472032635735,0.2295690094331267,32.0,27.0
bizitobs_l2c/h/long,TTM-R3-PT,0.6020294167574436,0.2796869528232328,73.0,65.0
bizitobs_service/10s/short,TTM-R3-PT,0.7953619927848292,0.0135089500906976,62.0,74.0
bizitobs_service/10s/medium,TTM-R3-PT,1.1506905997895145,0.0305299591952993,71.0,75.0
covid_deaths/d/short,TTM-R3-PT,31.22111026946774,0.0385761522332697,24.0,69.0
bizitobs_service/10s/long,TTM-R3-PT,1.3672867161138638,0.0536214559179932,64.0,71.0
car_parts/m/short,TTM-R3-PT,1.0312133901111615,1.1203777774175576,109.0,98.0
electricity/d/short,TTM-R3-PT,1.4521542247468862,0.0571884575090009,79.0,71.0
bitbrains_rnd/5t/short,TTM-R3-PT,1.6413547004059377,0.4263226550629616,47.0,66.0
bitbrains_rnd/5t/medium,TTM-R3-PT,4.443765590094579,0.760760123716467,71.0,104.0
electricity/w/short,TTM-R3-PT,1.600351481029172,0.0612996028441449,76.0,85.0
bitbrains_rnd/5t/long,TTM-R3-PT,3.354687572330701,0.7585535013969734,66.0,98.0
ett1/15t/short,TTM-R3-PT,0.6804703040970852,0.1686641147503152,51.0,80.0
ett1/d/short,TTM-R3-PT,1.6432118277707408,0.2712333232304969,31.0,24.0
ett1/15t/medium,TTM-R3-PT,1.0009999678995711,0.2444767318110926,55.0,67.0
ett1/15t/long,TTM-R3-PT,1.0186772958338302,0.2425496374416568,61.0,67.0
ett1/w/short,TTM-R3-PT,1.557889956405187,0.257030505026023,54.0,37.0
ett1/h/short,TTM-R3-PT,0.8370383271688403,0.194807712558989,77.0,95.0
ett1/h/medium,TTM-R3-PT,1.2818771354052032,0.257682421646398,65.0,54.0
ett1/h/long,TTM-R3-PT,1.3271873700140946,0.2639961340077341,16.0,36.0
electricity/h/short,TTM-R3-PT,0.8855727572937963,0.0633093575778218,26.0,23.0
ett2/d/short,TTM-R3-PT,1.3402405433068314,0.0956582857451057,74.0,78.0
ett2/15t/short,TTM-R3-PT,0.7630341719562513,0.0675172183720634,76.0,78.0
ett2/15t/medium,TTM-R3-PT,0.8516273667759785,0.0881295870853784,30.0,42.0
loop_seattle/5t/medium,TTM-R3-PT,0.7590287198251375,0.0707674412829808,47.0,58.0
ett2/15t/long,TTM-R3-PT,0.8668532136763621,0.0898587973895416,25.0,24.0
bitbrains_fast_storage/5t/short,TTM-R3-PT,0.6750223512538721,0.4425182012194846,46.0,86.0
ett2/h/short,TTM-R3-PT,0.7556686902715236,0.0676214092911848,87.0,90.0
ett2/h/medium,TTM-R3-PT,1.0270675086855063,0.1040341454759024,44.0,48.0
ett2/h/long,TTM-R3-PT,1.0745874818349517,0.1103919989342076,75.0,71.0
ett2/w/short,TTM-R3-PT,0.6296232222910001,0.0771890644047969,3.0,6.0
electricity/h/medium,TTM-R3-PT,1.0771816158238514,0.0728787026540132,68.0,32.0
hierarchical_sales/w/short,TTM-R3-PT,0.7442794073032029,0.3589804307172122,89.0,85.0
bitbrains_fast_storage/5t/medium,TTM-R3-PT,0.9939809085427858,0.6397200136877648,60.0,57.0
hierarchical_sales/d/short,TTM-R3-PT,0.7489960066123711,0.5810828999090295,80.0,77.0
electricity/h/long,TTM-R3-PT,1.1845999909889204,0.0787418949912624,49.0,11.0
hospital/m/short,TTM-R3-PT,0.780266181346368,0.0539934634732521,83.0,77.0
jena_weather/10t/short,TTM-R3-PT,0.2896065230080447,0.0340363836434109,70.0,86.0
bitbrains_fast_storage/5t/long,TTM-R3-PT,0.9264731980732224,0.8775036925776875,68.0,102.0
jena_weather/10t/medium,TTM-R3-PT,0.6141391294135026,0.0498708234368234,67.0,66.0
jena_weather/d/short,TTM-R3-PT,1.2669287013128214,0.0520575719973093,99.0,91.0
jena_weather/10t/long,TTM-R3-PT,0.6625251104121118,0.0515824761081335,79.0,69.0
jena_weather/h/short,TTM-R3-PT,0.5208236753871661,0.0437645367154425,40.0,77.0
jena_weather/h/medium,TTM-R3-PT,0.7693190863331089,0.0518844262708076,41.0,55.0
jena_weather/h/long,TTM-R3-PT,0.9516799664299608,0.0556299475790922,46.0,43.0
kdd_cup_2018/d/short,TTM-R3-PT,1.1718608671584063,0.3711263873471322,11.0,21.0
m4_daily/d/short,TTM-R3-PT,3.488234555443103,0.0235394201780899,99.0,91.0
m4_hourly/h/short,TTM-R3-PT,0.8119589610513025,0.0272631458367415,72.0,85.0
m4_weekly/w/short,TTM-R3-PT,2.1102195331270996,0.0406789892237891,67.0,70.0
kdd_cup_2018/h/short,TTM-R3-PT,0.9565218534548544,0.395514770095792,80.0,85.0
kdd_cup_2018/h/medium,TTM-R3-PT,1.1033478422377585,0.4483872946196917,103.0,89.0
kdd_cup_2018/h/long,TTM-R3-PT,1.0822088136922063,0.4832696618673259,111.0,95.0
loop_seattle/5t/long,TTM-R3-PT,0.8382236871925226,0.0784820543351804,48.0,63.0
restaurant/d/short,TTM-R3-PT,0.737328670064969,0.279805248476882,110.0,102.0
saugeen/m/short,TTM-R3-PT,0.7393071871273573,0.299957170847414,67.0,67.0
saugeen/d/short,TTM-R3-PT,2.693334782939217,0.3511477814103825,16.0,59.0
m4_quarterly/q/short,TTM-R3-PT,1.2237270106357034,0.0795825064303471,78.0,80.0
saugeen/w/short,TTM-R3-PT,1.199376764196669,0.3862416029926681,56.0,79.0
m4_yearly/a/short,TTM-R3-PT,3.555842904723933,0.1381033442600982,91.0,106.0
solar/d/short,TTM-R3-PT,1.0036277321236304,0.2904067015058376,91.0,91.0
solar/w/short,TTM-R3-PT,1.344993018008766,0.1865114347329705,95.0,93.0
electricity/15t/short,TTM-R3-PT,0.8681275257851683,0.0751826704595573,9.0,10.0
solar/h/short,TTM-R3-PT,0.9322890746100376,0.3682268674866975,101.0,99.0
solar/h/medium,TTM-R3-PT,0.8852994671669645,0.3304610237347856,75.0,62.0
solar/h/long,TTM-R3-PT,0.924041727779464,0.3345772267052871,62.0,64.0
solar/10t/short,TTM-R3-PT,1.119488012968734,0.6657527584956804,97.0,103.0
m4_monthly/m/short,TTM-R3-PT,1.0632492646997784,0.102278093274435,107.0,94.0
us_births/d/short,TTM-R3-PT,0.4109649833443992,0.0219054764349572,76.0,75.0
us_births/m/short,TTM-R3-PT,0.6815130540463361,0.0154816876682516,68.0,80.0
us_births/w/short,TTM-R3-PT,1.1987483719704748,0.0142700390951975,83.0,80.0
solar/10t/medium,TTM-R3-PT,0.978008757847893,0.4127460332876883,96.0,92.0
solar/10t/long,TTM-R3-PT,1.000698554932601,0.4171715095191357,96.0,91.0
temperature_rain/d/short,TTM-R3-PT,1.4061499950659764,0.5753783325207201,89.0,87.0
electricity/15t/medium,TTM-R3-PT,0.8290182604949133,0.0794518037153292,49.0,71.0
electricity/15t/long,TTM-R3-PT,0.8743335198898163,0.0765657881970688,47.0,56.0
bitbrains_fast_storage/5t/long,Taichu-TimeSeries-Agent,0.8656439779691396,0.7474144488210427,25.0,76.0
bitbrains_fast_storage/5t/medium,Taichu-TimeSeries-Agent,0.9471244484520196,0.6210484005057453,28.0,40.0
bitbrains_fast_storage/5t/short,Taichu-TimeSeries-Agent,0.6486507354036165,0.4028115813753529,27.0,55.0
bitbrains_fast_storage/h/short,Taichu-TimeSeries-Agent,0.9761329797505944,0.8055166380336267,31.0,104.0
bitbrains_rnd/5t/long,Taichu-TimeSeries-Agent,3.3128384516164857,0.6369256600221341,50.0,58.0
bitbrains_rnd/5t/medium,Taichu-TimeSeries-Agent,4.383913922827235,0.7000353215854729,46.0,92.0
bitbrains_rnd/5t/short,Taichu-TimeSeries-Agent,1.6343950529869655,0.3923141314058795,45.0,37.0
bitbrains_rnd/h/short,Taichu-TimeSeries-Agent,5.820945580665052,0.7480437001666177,52.0,107.0
bizitobs_application/10s/long,Taichu-TimeSeries-Agent,2.8714013425857674,0.0472745483702797,8.0,18.0
bizitobs_application/10s/medium,Taichu-TimeSeries-Agent,2.073871452723604,0.0315709518755304,19.0,29.0
bizitobs_application/10s/short,Taichu-TimeSeries-Agent,0.9569875063683588,0.0091764788155773,17.0,11.0
bizitobs_l2c/5t/long,Taichu-TimeSeries-Agent,0.5298345066553011,0.244088605911174,39.0,34.0
bizitobs_l2c/5t/medium,Taichu-TimeSeries-Agent,0.5069106794879378,0.2152664982109619,35.0,36.0
bizitobs_l2c/5t/short,Taichu-TimeSeries-Agent,0.252461405385462,0.0659189941162188,36.0,29.0
bizitobs_l2c/h/long,Taichu-TimeSeries-Agent,0.5395092629320635,0.2587133620901128,12.0,37.0
bizitobs_l2c/h/medium,Taichu-TimeSeries-Agent,0.4874905493290297,0.2408204017504293,37.0,57.0
bizitobs_l2c/h/short,Taichu-TimeSeries-Agent,0.4297489786283716,0.1856463437804739,34.0,43.0
bizitobs_service/10s/long,Taichu-TimeSeries-Agent,1.2376634251679972,0.0498578706018323,7.0,9.0
bizitobs_service/10s/medium,Taichu-TimeSeries-Agent,0.9318162795268988,0.017162588189998,5.0,7.0
bizitobs_service/10s/short,Taichu-TimeSeries-Agent,0.6846887432165049,0.0102240409917344,16.0,30.0
car_parts/m/short,Taichu-TimeSeries-Agent,0.8343264209534107,0.9583251828350714,25.0,37.0
covid_deaths/d/short,Taichu-TimeSeries-Agent,32.04076870841166,0.0308756578751826,35.0,34.0
electricity/15t/long,Taichu-TimeSeries-Agent,0.8478456565243907,0.0711330644208279,21.0,21.0
electricity/15t/medium,Taichu-TimeSeries-Agent,0.8023184794393483,0.0717640260379495,24.0,29.0
electricity/15t/short,Taichu-TimeSeries-Agent,0.9202299707875706,0.0780982217863612,26.0,20.0
electricity/d/short,Taichu-TimeSeries-Agent,1.3475819448055983,0.0536678243423476,7.0,27.0
electricity/h/long,Taichu-TimeSeries-Agent,1.130749918510386,0.0815069804749807,20.0,26.0
electricity/h/medium,Taichu-TimeSeries-Agent,1.0272930483760272,0.0722983600383327,17.0,20.0
electricity/h/short,Taichu-TimeSeries-Agent,0.8998115914673156,0.0642351651500104,35.0,35.0
electricity/w/short,Taichu-TimeSeries-Agent,1.4438460988941793,0.0464166059992892,43.0,15.0
ett1/15t/long,Taichu-TimeSeries-Agent,0.975223227371517,0.2249345983198051,23.0,24.0
ett1/15t/medium,Taichu-TimeSeries-Agent,0.9726356266109732,0.2256762215180375,29.0,23.0
ett1/15t/short,Taichu-TimeSeries-Agent,0.6681293771175297,0.1536748442431416,24.0,24.0
ett1/d/short,Taichu-TimeSeries-Agent,1.708327342505573,0.275731698804696,77.0,45.0
ett1/h/long,Taichu-TimeSeries-Agent,1.4125000770500382,0.2723051191855137,81.0,54.0
ett1/h/medium,Taichu-TimeSeries-Agent,1.2315162362389531,0.2497884141675264,15.0,24.0
ett1/h/short,Taichu-TimeSeries-Agent,0.7890519634905933,0.1706596480833602,16.0,18.0
ett1/w/short,Taichu-TimeSeries-Agent,1.6857702837799509,0.2865624837677046,106.0,88.0
ett2/15t/long,Taichu-TimeSeries-Agent,0.8784575686445225,0.0905611967535138,46.0,34.0
ett2/15t/medium,Taichu-TimeSeries-Agent,0.8569288076759953,0.0878747712208131,42.0,39.0
ett2/15t/short,Taichu-TimeSeries-Agent,0.7389265938971581,0.0640422691214293,51.0,50.0
ett2/d/short,Taichu-TimeSeries-Agent,1.2689568233097124,0.091535028503131,26.0,35.0
ett2/h/long,Taichu-TimeSeries-Agent,0.9902329388250564,0.0986661057266195,13.0,12.0
ett2/h/medium,Taichu-TimeSeries-Agent,1.0055939006394703,0.1007482790681696,16.0,18.0
ett2/h/short,Taichu-TimeSeries-Agent,0.725619930753121,0.0633846509238084,37.0,33.0
ett2/w/short,Taichu-TimeSeries-Agent,0.792501044872744,0.0858676423186479,47.0,42.0
hierarchical_sales/d/short,Taichu-TimeSeries-Agent,0.7400039659052369,0.5691874840696133,16.0,23.0
hierarchical_sales/w/short,Taichu-TimeSeries-Agent,0.7133019071451773,0.3419517300103407,24.0,33.0
hospital/m/short,Taichu-TimeSeries-Agent,0.7676773947301581,0.0521558203202433,61.0,58.0
jena_weather/10t/long,Taichu-TimeSeries-Agent,0.636876742701287,0.0469721508292053,45.0,17.0
jena_weather/10t/medium,Taichu-TimeSeries-Agent,0.5762456372550676,0.0460426341538136,28.0,19.0
jena_weather/10t/short,Taichu-TimeSeries-Agent,0.2594218313885559,0.0269858050098585,18.0,32.0
jena_weather/d/short,Taichu-TimeSeries-Agent,0.9975094327039667,0.0453314668484563,20.0,43.0
jena_weather/h/long,Taichu-TimeSeries-Agent,0.8376232966785054,0.0518666447499441,13.0,9.0
jena_weather/h/medium,Taichu-TimeSeries-Agent,0.7364102049550846,0.0492713730761534,11.0,29.0
jena_weather/h/short,Taichu-TimeSeries-Agent,0.517809617687111,0.0415599446874639,31.0,45.0
kdd_cup_2018/d/short,Taichu-TimeSeries-Agent,1.1920778471763327,0.3742587296059516,48.0,41.0
kdd_cup_2018/h/long,Taichu-TimeSeries-Agent,0.7491716556310584,0.3387593192824047,7.0,9.0
kdd_cup_2018/h/medium,Taichu-TimeSeries-Agent,0.7786323963653349,0.3245787484186445,6.0,7.0
kdd_cup_2018/h/short,Taichu-TimeSeries-Agent,0.7065429866426988,0.2923141626000904,9.0,9.0
loop_seattle/5t/long,Taichu-TimeSeries-Agent,0.8111102428142342,0.0716889519236599,36.0,36.0
loop_seattle/5t/medium,Taichu-TimeSeries-Agent,0.745702863505919,0.0656273211258182,34.0,34.0
loop_seattle/5t/short,Taichu-TimeSeries-Agent,0.5392226081420364,0.0456563897933646,26.0,17.0
loop_seattle/d/short,Taichu-TimeSeries-Agent,0.8772840530152215,0.042271469874195,48.0,45.0
loop_seattle/h/long,Taichu-TimeSeries-Agent,0.8553349420685209,0.0591382053418018,37.0,37.0
loop_seattle/h/medium,Taichu-TimeSeries-Agent,0.8888710084779256,0.0625637555798927,39.0,43.0
loop_seattle/h/short,Taichu-TimeSeries-Agent,0.8066401004873184,0.0569433550631242,38.0,41.0
m4_daily/d/short,Taichu-TimeSeries-Agent,3.315204724333137,0.0219726228215613,74.0,59.0
m4_hourly/h/short,Taichu-TimeSeries-Agent,0.7413761278948648,0.0225439880501869,51.0,54.0
m4_monthly/m/short,Taichu-TimeSeries-Agent,0.9157592509418772,0.0918218458592751,39.0,40.0
m4_quarterly/q/short,Taichu-TimeSeries-Agent,1.182106654651301,0.0746897671033614,60.0,50.0
m4_weekly/w/short,Taichu-TimeSeries-Agent,1.9889436441026551,0.036012654014706,39.0,27.0
m4_yearly/a/short,Taichu-TimeSeries-Agent,3.3458572640289543,0.1170999475089665,65.0,63.0
m_dense/d/short,Taichu-TimeSeries-Agent,0.6312272215715233,0.0597368069138343,26.0,23.0
m_dense/h/long,Taichu-TimeSeries-Agent,0.6648434587827455,0.1086781282930667,18.0,10.0
m_dense/h/medium,Taichu-TimeSeries-Agent,0.6777621024541992,0.1124262077347372,30.0,31.0
m_dense/h/short,Taichu-TimeSeries-Agent,0.7538172010910861,0.1225848367486669,25.0,14.0
restaurant/d/short,Taichu-TimeSeries-Agent,0.670567563906204,0.2511545492479159,4.0,4.0
saugeen/d/short,Taichu-TimeSeries-Agent,2.890762341183989,0.3394156703269605,56.0,46.0
saugeen/m/short,Taichu-TimeSeries-Agent,0.7336702255857845,0.2889379440140107,61.0,40.0
saugeen/w/short,Taichu-TimeSeries-Agent,1.1653239927644143,0.3424697029819579,23.0,14.0
solar/10t/long,Taichu-TimeSeries-Agent,0.7898038080174874,0.3026787166379708,24.0,41.0
solar/10t/medium,Taichu-TimeSeries-Agent,0.8339571045874525,0.3227242676135878,55.0,51.0
solar/10t/short,Taichu-TimeSeries-Agent,0.8100710505078565,0.407975121583142,26.0,26.0
solar/d/short,Taichu-TimeSeries-Agent,1.0030503784422498,0.2836315090001444,90.0,75.0
solar/h/long,Taichu-TimeSeries-Agent,0.6358843596748289,0.2343998588093467,19.0,18.0
solar/h/medium,Taichu-TimeSeries-Agent,0.6908071853497924,0.2585328085738038,20.0,21.0
solar/h/short,Taichu-TimeSeries-Agent,0.7281472670486422,0.2736058222721884,25.0,32.0
solar/w/short,Taichu-TimeSeries-Agent,0.9566685406018844,0.1285051961484841,15.0,12.0
sz_taxi/15t/long,Taichu-TimeSeries-Agent,0.5038134062416267,0.1955341981660795,11.0,14.0
sz_taxi/15t/medium,Taichu-TimeSeries-Agent,0.5332600298522001,0.2008187030345208,20.0,24.0
sz_taxi/15t/short,Taichu-TimeSeries-Agent,0.5419775753202789,0.1994880224335155,32.0,29.0
sz_taxi/h/short,Taichu-TimeSeries-Agent,0.5605021477419037,0.1349314772854236,40.0,34.0
temperature_rain/d/short,Taichu-TimeSeries-Agent,1.3229691096225784,0.5426148476256525,30.0,27.0
us_births/d/short,Taichu-TimeSeries-Agent,0.3240626556746392,0.016321470107286,34.0,29.0
us_births/m/short,Taichu-TimeSeries-Agent,0.4962569333047901,0.0103891858848636,12.0,9.0
us_births/w/short,Taichu-TimeSeries-Agent,0.9899451010209775,0.0115605205882447,47.0,41.0
bitbrains_fast_storage/5t/long,TempoPFN,0.9595844510578648,0.6678268449333727,80.0,35.0
bitbrains_fast_storage/5t/medium,TempoPFN,1.087872593968248,0.6614682834018946,94.0,69.0
bitbrains_fast_storage/5t/short,TempoPFN,0.801255387878816,0.4044679618361981,90.0,56.0
bitbrains_fast_storage/h/short,TempoPFN,1.1776469011711326,0.6703564200719261,97.0,77.0
bitbrains_rnd/5t/long,TempoPFN,3.49402765035714,0.6656210632794134,91.0,73.0
bitbrains_rnd/5t/medium,TempoPFN,4.531806050958238,0.6279025492873883,94.0,55.0
bitbrains_rnd/5t/short,TempoPFN,1.832568262660189,0.5202928683440972,100.0,111.0
bitbrains_rnd/h/short,TempoPFN,6.01363937647747,0.618212914212475,102.0,47.0
bizitobs_application/10s/long,TempoPFN,3.9935939909083578,0.0479135525414879,95.0,19.0
bizitobs_application/10s/medium,TempoPFN,2.364984377318028,0.0270434065068804,51.0,16.0
bizitobs_application/10s/short,TempoPFN,0.9466275803814688,0.00953574516053,11.0,19.0
bizitobs_l2c/5t/long,TempoPFN,1.3155973821539892,0.5896921543935266,120.0,100.0
bizitobs_l2c/5t/medium,TempoPFN,0.8610525859698702,0.3627533422032696,104.0,92.0
bizitobs_l2c/5t/short,TempoPFN,0.2686845079651391,0.0720421741602355,56.0,52.0
bizitobs_l2c/h/long,TempoPFN,0.6413105932372005,0.2938886036823789,89.0,76.0
bizitobs_l2c/h/medium,TempoPFN,0.54873251131501,0.2576779421135526,86.0,72.0
bizitobs_l2c/h/short,TempoPFN,0.4983927757107515,0.2101358130746266,81.0,73.0
bizitobs_service/10s/long,TempoPFN,1.9752761964322127,0.0570826431375106,97.0,94.0
bizitobs_service/10s/medium,TempoPFN,1.4935984152782629,0.0239326877791516,93.0,50.0
bizitobs_service/10s/short,TempoPFN,1.1616366321025038,0.0120944994148936,93.0,59.0
car_parts/m/short,TempoPFN,0.8366520149396539,1.0292306216598837,38.0,76.0
covid_deaths/d/short,TempoPFN,36.04520009694931,0.0296139962990822,72.0,30.0
electricity/15t/long,TempoPFN,1.216131395655562,0.0994305516316144,115.0,108.0
electricity/15t/medium,TempoPFN,1.067375896117608,0.0925882940722339,108.0,99.0
electricity/15t/short,TempoPFN,1.1931012587642071,0.1034183194974842,101.0,98.0
electricity/d/short,TempoPFN,1.5059817070474473,0.0605576668549789,93.0,87.0
electricity/h/long,TempoPFN,1.351688949542974,0.1018763160058587,105.0,89.0
electricity/h/medium,TempoPFN,1.1869987828552766,0.086722229134305,101.0,91.0
electricity/h/short,TempoPFN,1.080026929488082,0.0775416499233381,104.0,99.0
electricity/w/short,TempoPFN,1.6493742919995291,0.0615897744737159,86.0,86.0
ett1/15t/long,TempoPFN,1.212444818759412,0.2797980199158211,111.0,94.0
ett1/15t/medium,TempoPFN,1.1797517678385212,0.2811686910905668,107.0,96.0
ett1/15t/short,TempoPFN,0.741546008875918,0.1726175763221381,96.0,84.0
ett1/d/short,TempoPFN,1.6581498701514856,0.2758014109082333,43.0,46.0
ett1/h/long,TempoPFN,1.430575614677362,0.2829238662092257,92.0,73.0
ett1/h/medium,TempoPFN,1.299741057732705,0.2689166253737378,75.0,73.0
ett1/h/short,TempoPFN,0.8403265022553135,0.1834135589681844,82.0,72.0
ett1/w/short,TempoPFN,1.507155874023796,0.2625724585314818,30.0,52.0
ett2/15t/long,TempoPFN,1.0135265058563276,0.101380599232709,107.0,86.0
ett2/15t/medium,TempoPFN,0.9483801637803936,0.0954723860923936,95.0,82.0
ett2/15t/short,TempoPFN,0.7703858853307536,0.0674543308068449,83.0,77.0
ett2/d/short,TempoPFN,1.5496984874944315,0.1066884506136202,112.0,99.0
ett2/h/long,TempoPFN,1.0113857673562383,0.1072915845761625,37.0,62.0
ett2/h/medium,TempoPFN,1.061375295248805,0.109065760500553,82.0,76.0
ett2/h/short,TempoPFN,0.7442834948534669,0.0646933229648542,78.0,63.0
ett2/w/short,TempoPFN,0.7919453687947827,0.0897493054435351,46.0,61.0
hierarchical_sales/d/short,TempoPFN,0.7515303852414364,0.5794574773220535,90.0,70.0
hierarchical_sales/w/short,TempoPFN,0.7286080065136529,0.3436783258405172,68.0,42.0
hospital/m/short,TempoPFN,0.7630582976954873,0.0524560110459564,51.0,62.0
jena_weather/10t/long,TempoPFN,0.6640362455912168,0.0533160206667286,80.0,79.0
jena_weather/10t/medium,TempoPFN,0.6136259378470442,0.0510033972767451,66.0,72.0
jena_weather/10t/short,TempoPFN,0.292725754515535,0.03274036960386,74.0,83.0
jena_weather/d/short,TempoPFN,1.2874194691385978,0.0506077846040417,100.0,80.0
jena_weather/h/long,TempoPFN,1.140988291353168,0.0618072701020758,106.0,76.0
jena_weather/h/medium,TempoPFN,0.8782377911156792,0.0600757598751637,102.0,93.0
jena_weather/h/short,TempoPFN,0.5611385029075185,0.0439211763031603,96.0,80.0
kdd_cup_2018/d/short,TempoPFN,1.213689940300646,0.3817844300375371,98.0,81.0
kdd_cup_2018/h/long,TempoPFN,1.016140337194536,0.4361924024242362,53.0,35.0
kdd_cup_2018/h/medium,TempoPFN,1.0732953214395051,0.4250349871439885,92.0,62.0
kdd_cup_2018/h/short,TempoPFN,1.0192517924056437,0.407936825867448,105.0,95.0
loop_seattle/5t/long,TempoPFN,1.124932179969269,0.103843879033806,108.0,101.0
loop_seattle/5t/medium,TempoPFN,1.0929173620658874,0.1007216468880828,106.0,102.0
loop_seattle/5t/short,TempoPFN,0.6386709392602476,0.0555923827352211,103.0,95.0
loop_seattle/d/short,TempoPFN,0.882942169035729,0.0425073760052162,63.0,52.0
loop_seattle/h/long,TempoPFN,1.116537919624389,0.0762777215333773,112.0,102.0
loop_seattle/h/medium,TempoPFN,0.9948131743249428,0.0676708871822447,91.0,73.0
loop_seattle/h/short,TempoPFN,0.9436139302609656,0.0655274010829642,98.0,85.0
m4_daily/d/short,TempoPFN,4.372761062940581,0.0251042328812495,118.0,102.0
m4_hourly/h/short,TempoPFN,0.8084784636610177,0.0323819182333365,69.0,102.0
m4_monthly/m/short,TempoPFN,0.9217615703803564,0.0912326621749872,46.0,34.0
m4_quarterly/q/short,TempoPFN,1.1583565915207,0.0737285029120814,47.0,43.0
m4_weekly/w/short,TempoPFN,2.4931339160639845,0.0427721929788442,97.0,83.0
m4_yearly/a/short,TempoPFN,3.594287580979644,0.1220860237418128,96.0,83.0
m_dense/d/short,TempoPFN,0.716391519986865,0.0723087394241984,79.0,81.0
m_dense/h/long,TempoPFN,1.1207445037710384,0.1803573058785147,117.0,112.0
m_dense/h/medium,TempoPFN,0.9974534903596788,0.1623521118844338,116.0,110.0
m_dense/h/short,TempoPFN,0.9083752568964248,0.1532706642869601,103.0,98.0
restaurant/d/short,TempoPFN,0.6863793596182625,0.2574888292666817,55.0,51.0
saugeen/d/short,TempoPFN,3.159507034675852,0.3798277414404716,97.0,84.0
saugeen/m/short,TempoPFN,0.7677055406440635,0.2987275977752708,99.0,64.0
saugeen/w/short,TempoPFN,1.2518516198694998,0.3813628841565235,82.0,76.0
solar/10t/long,TempoPFN,1.214705032724981,0.4667998641968494,108.0,96.0
solar/10t/medium,TempoPFN,1.0259451011656044,0.4057535032704926,99.0,89.0
solar/10t/short,TempoPFN,0.9911362110444696,0.4935287986242122,73.0,65.0
solar/d/short,TempoPFN,0.9749128655715203,0.2822855355828816,56.0,72.0
solar/h/long,TempoPFN,0.9761773348447412,0.3505849847892496,81.0,75.0
solar/h/medium,TempoPFN,0.9572939417619708,0.3587224356592087,96.0,88.0
solar/h/short,TempoPFN,0.8685164089622858,0.3232686160844196,70.0,57.0
solar/w/short,TempoPFN,1.3307958944424054,0.182517771146522,93.0,90.0
sz_taxi/15t/long,TempoPFN,0.528993560771414,0.207437608211451,88.0,76.0
sz_taxi/15t/medium,TempoPFN,0.5548316711810012,0.2086089818709996,92.0,79.0
sz_taxi/15t/short,TempoPFN,0.5558349832307647,0.20470716461367,92.0,84.0
sz_taxi/h/short,TempoPFN,0.5727259087699795,0.1380282714985613,88.0,77.0
temperature_rain/d/short,TempoPFN,1.3631103893097485,0.5670617778904212,70.0,77.0
us_births/d/short,TempoPFN,0.3865791284094845,0.0195924956071727,68.0,62.0
us_births/m/short,TempoPFN,0.6194267273791539,0.0125850097572043,39.0,34.0
us_births/w/short,TempoPFN,0.911081904499245,0.0107284204594915,28.0,25.0
m4_hourly/h/short,TiRex-2-Pretrained,0.7419439182389933,0.0290645478351972,52.0,91.0
hierarchical_sales/w/short,TiRex-2-Pretrained,0.7229401236570634,0.3484094691711162,57.0,61.0
electricity/15t/short,TiRex-2-Pretrained,0.9394809187300088,0.0804489138973869,42.0,36.0
electricity/15t/medium,TiRex-2-Pretrained,0.8221889886246854,0.0742114445623233,45.0,45.0
electricity/15t/long,TiRex-2-Pretrained,0.866318436990398,0.0731714648520933,39.0,40.0
us_births/m/short,TiRex-2-Pretrained,0.6734442379902473,0.0139130578476994,63.0,60.0
bizitobs_application/10s/short,TiRex-2-Pretrained,0.8120974750327924,0.0098229631611964,1.0,39.0
bizitobs_application/10s/medium,TiRex-2-Pretrained,2.450093689833996,0.0383724077420928,60.0,59.0
bizitobs_application/10s/long,TiRex-2-Pretrained,3.254956093319394,0.0533869667042976,60.0,59.0
jena_weather/d/short,TiRex-2-Pretrained,1.0514905529518717,0.0451027642269884,55.0,41.0
saugeen/w/short,TiRex-2-Pretrained,1.14081485589053,0.3644920676618345,13.0,61.0
temperature_rain/d/short,TiRex-2-Pretrained,1.324773252957719,0.5452618784254414,32.0,38.0
car_parts/m/short,TiRex-2-Pretrained,0.8339935868608188,0.9483574128735562,24.0,27.0
m4_monthly/m/short,TiRex-2-Pretrained,0.9447579417136924,0.0930121316492554,58.0,52.0
saugeen/d/short,TiRex-2-Pretrained,2.953828045294503,0.3772431273026015,69.0,81.0
m4_daily/d/short,TiRex-2-Pretrained,3.1650345467500696,0.0205641838062173,17.0,8.0
bitbrains_fast_storage/5t/short,TiRex-2-Pretrained,0.6786866319242542,0.3795621264521102,51.0,37.0
bitbrains_fast_storage/5t/medium,TiRex-2-Pretrained,0.9455146688322892,0.6299991936508988,27.0,49.0
bitbrains_fast_storage/5t/long,TiRex-2-Pretrained,0.8699116825471095,0.7130824014146924,31.0,61.0
kdd_cup_2018/h/short,TiRex-2-Pretrained,0.9268375493193,0.3693795946996601,43.0,38.0
kdd_cup_2018/h/medium,TiRex-2-Pretrained,1.046415058215544,0.4216645943255763,61.0,51.0
kdd_cup_2018/h/long,TiRex-2-Pretrained,1.014279005334405,0.4392580742446777,49.0,38.0
covid_deaths/d/short,TiRex-2-Pretrained,34.471835332746174,0.0310301530548089,61.0,37.0
bitbrains_rnd/h/short,TiRex-2-Pretrained,5.869116630417864,0.602300622078529,76.0,27.0
solar/d/short,TiRex-2-Pretrained,0.9812374089694396,0.2764812109419446,61.0,52.0
jena_weather/10t/short,TiRex-2-Pretrained,0.267424413135706,0.0273481196694945,37.0,41.0
jena_weather/10t/medium,TiRex-2-Pretrained,0.5700904520605501,0.0475654577113513,17.0,39.0
jena_weather/10t/long,TiRex-2-Pretrained,0.618404537319281,0.0477461493741718,23.0,35.0
bizitobs_l2c/h/short,TiRex-2-Pretrained,0.4816184983773924,0.2044807716890736,71.0,69.0
bizitobs_l2c/h/medium,TiRex-2-Pretrained,0.5116310340744515,0.2485275960809763,71.0,63.0
bizitobs_l2c/h/long,TiRex-2-Pretrained,0.5587767093946338,0.2585248340958334,39.0,36.0
bitbrains_fast_storage/h/short,TiRex-2-Pretrained,1.0538410248858598,0.6626235058883643,53.0,64.0
m_dense/d/short,TiRex-2-Pretrained,0.677363275336489,0.0657606651673902,57.0,58.0
ett1/h/short,TiRex-2-Pretrained,0.8272529245225078,0.1790920328552686,65.0,58.0
ett1/h/medium,TiRex-2-Pretrained,1.2556926939632391,0.2527730944540408,43.0,37.0
ett1/h/long,TiRex-2-Pretrained,1.3106683899068423,0.253825323477632,7.0,4.0
ett2/h/short,TiRex-2-Pretrained,0.7290800790070151,0.0644344365646995,42.0,54.0
ett2/h/medium,TiRex-2-Pretrained,1.0448681247806426,0.105141019083953,70.0,58.0
ett2/h/long,TiRex-2-Pretrained,1.0595264022765154,0.1056494330784155,69.0,54.0
jena_weather/h/short,TiRex-2-Pretrained,0.5128743295000073,0.0408583084699324,12.0,29.0
jena_weather/h/medium,TiRex-2-Pretrained,0.7554230790988424,0.050568814812138,24.0,44.0
jena_weather/h/long,TiRex-2-Pretrained,0.9357782155528824,0.0521544439045129,39.0,16.0
hierarchical_sales/d/short,TiRex-2-Pretrained,0.7465872607733174,0.5782802009063903,62.0,60.0
loop_seattle/5t/short,TiRex-2-Pretrained,0.5652788488758629,0.048347652976253,72.0,63.0
loop_seattle/5t/medium,TiRex-2-Pretrained,0.7322309565303429,0.0646940890067908,29.0,30.0
loop_seattle/5t/long,TiRex-2-Pretrained,0.7903638105368993,0.0700329944044271,28.0,28.0
solar/10t/short,TiRex-2-Pretrained,0.8810234037506813,0.4440250360801517,52.0,47.0
solar/10t/medium,TiRex-2-Pretrained,0.877559366462002,0.334210239708199,73.0,60.0
solar/10t/long,TiRex-2-Pretrained,0.8364499118313201,0.3109315562744274,66.0,51.0
loop_seattle/d/short,TiRex-2-Pretrained,0.8566307433253452,0.0411615176312575,9.0,15.0
sz_taxi/h/short,TiRex-2-Pretrained,0.5628104538189279,0.1357547249582032,58.0,53.0
us_births/d/short,TiRex-2-Pretrained,0.3076205176585381,0.0155478772135931,11.0,9.0
m4_weekly/w/short,TiRex-2-Pretrained,2.0465144168105653,0.0380758992280233,55.0,59.0
m4_yearly/a/short,TiRex-2-Pretrained,3.5356582296819132,0.1230453435292631,89.0,86.0
solar/w/short,TiRex-2-Pretrained,1.1403619413995314,0.1534198485388475,67.0,60.0
ett1/15t/short,TiRex-2-Pretrained,0.6758792362283556,0.1503710957407965,39.0,7.0
ett1/15t/medium,TiRex-2-Pretrained,0.9767100169713148,0.2268725859141405,32.0,25.0
ett1/15t/long,TiRex-2-Pretrained,0.9731631871038224,0.2241025617861879,19.0,22.0
electricity/w/short,TiRex-2-Pretrained,1.500452338951663,0.0518336078930036,56.0,60.0
kdd_cup_2018/d/short,TiRex-2-Pretrained,1.1877302146579156,0.3726619594964577,38.0,30.0
ett2/d/short,TiRex-2-Pretrained,1.2806129591735198,0.092658183940787,42.0,52.0
sz_taxi/15t/short,TiRex-2-Pretrained,0.5443780414186495,0.2007145759841537,56.0,50.0
sz_taxi/15t/medium,TiRex-2-Pretrained,0.5353160657686888,0.2015887088510429,45.0,34.0
sz_taxi/15t/long,TiRex-2-Pretrained,0.5077981360102705,0.1982754802153848,45.0,42.0
m_dense/h/short,TiRex-2-Pretrained,0.7426900448582262,0.1203413545657919,14.0,7.0
m_dense/h/medium,TiRex-2-Pretrained,0.6998759914598698,0.1157823428385743,57.0,48.0
m_dense/h/long,TiRex-2-Pretrained,0.689916501485496,0.1143529859613084,48.0,48.0
ett1/w/short,TiRex-2-Pretrained,1.6855185545101878,0.2889078530565996,105.0,89.0
bizitobs_l2c/5t/short,TiRex-2-Pretrained,0.2212470878691429,0.0588037029869812,19.0,19.0
bizitobs_l2c/5t/medium,TiRex-2-Pretrained,0.4880892634737528,0.2040195497980443,30.0,27.0
bizitobs_l2c/5t/long,TiRex-2-Pretrained,0.5257369500573876,0.2349228228854863,35.0,31.0
bizitobs_service/10s/short,TiRex-2-Pretrained,0.6836875451697143,0.0103000214672796,14.0,35.0
bizitobs_service/10s/medium,TiRex-2-Pretrained,1.0469395521505525,0.0222084332472067,52.0,39.0
bizitobs_service/10s/long,TiRex-2-Pretrained,1.3026199793519373,0.0516481907375035,36.0,34.0
saugeen/m/short,TiRex-2-Pretrained,0.75396850567,0.3070765124178913,84.0,81.0
electricity/h/short,TiRex-2-Pretrained,0.8797050144055314,0.061234447062205,21.0,8.0
electricity/h/medium,TiRex-2-Pretrained,1.0518388951591393,0.0740711852517323,41.0,44.0
electricity/h/long,TiRex-2-Pretrained,1.168906630991813,0.083601650839556,44.0,32.0
bitbrains_rnd/5t/short,TiRex-2-Pretrained,1.6236081184706452,0.3978532044590538,39.0,41.0
bitbrains_rnd/5t/medium,TiRex-2-Pretrained,4.393936970295376,0.6556978758126363,53.0,74.0
bitbrains_rnd/5t/long,TiRex-2-Pretrained,3.2887565619795613,0.6540300699788436,39.0,67.0
loop_seattle/h/short,TiRex-2-Pretrained,0.6906266725940448,0.0469204044194718,7.0,5.0
loop_seattle/h/medium,TiRex-2-Pretrained,0.7534036109346346,0.0505676290248428,7.0,7.0
loop_seattle/h/long,TiRex-2-Pretrained,0.7725106955233876,0.0517765644953972,7.0,6.0
hospital/m/short,TiRex-2-Pretrained,0.7638226911245549,0.0517238793972148,52.0,52.0
restaurant/d/short,TiRex-2-Pretrained,0.6771348945629766,0.2540599170281452,22.0,24.0
solar/h/short,TiRex-2-Pretrained,0.4206465743515943,0.1563181001969032,8.0,5.0
solar/h/medium,TiRex-2-Pretrained,0.4579863120892264,0.1659057949772172,10.0,9.0
solar/h/long,TiRex-2-Pretrained,0.4648854628679047,0.1653549468307188,5.0,5.0
ett1/d/short,TiRex-2-Pretrained,1.745223222535793,0.2829784845176684,92.0,73.0
ett2/15t/short,TiRex-2-Pretrained,0.725277016175907,0.0625988647862842,35.0,35.0
ett2/15t/medium,TiRex-2-Pretrained,0.851081542923179,0.0870869720907331,29.0,21.0
ett2/15t/long,TiRex-2-Pretrained,0.8712340736046428,0.0899594137269505,32.0,26.0
electricity/d/short,TiRex-2-Pretrained,1.40345813179156,0.0543993981880936,51.0,40.0
us_births/w/short,TiRex-2-Pretrained,1.0927954166200322,0.0125818885885374,67.0,59.0
m4_quarterly/q/short,TiRex-2-Pretrained,1.1806343278534328,0.0746720515068818,58.0,49.0
ett2/w/short,TiRex-2-Pretrained,0.8737796138932673,0.0863849629544897,70.0,43.0
m4_yearly/a/short,TiRex-2-Zeroshot,3.565310531663481,0.1239312347023797,93.0,87.0
m4_quarterly/q/short,TiRex-2-Zeroshot,1.1902769296544624,0.0750439460234444,66.0,51.0
m4_monthly/m/short,TiRex-2-Zeroshot,0.9451225157862496,0.0935254260418026,59.0,58.0
m4_weekly/w/short,TiRex-2-Zeroshot,2.064760132194989,0.03773484955269,59.0,55.0
m4_daily/d/short,TiRex-2-Zeroshot,3.290214060862409,0.0214608392723189,64.0,46.0
m4_hourly/h/short,TiRex-2-Zeroshot,0.7445135392163762,0.0302721922705314,56.0,95.0
electricity/15t/short,TiRex-2-Zeroshot,0.991306772046302,0.0835056270258656,59.0,51.0
electricity/15t/medium,TiRex-2-Zeroshot,0.8317570403290815,0.0749138466894207,52.0,49.0
electricity/15t/long,TiRex-2-Zeroshot,0.879442109489505,0.0741621553453933,50.0,47.0
electricity/h/short,TiRex-2-Zeroshot,0.9381835650021294,0.0648753058328166,57.0,44.0
electricity/h/medium,TiRex-2-Zeroshot,1.0622403125091775,0.0746710619061961,49.0,49.0
electricity/h/long,TiRex-2-Zeroshot,1.1723912872291986,0.0840326703274412,45.0,36.0
electricity/d/short,TiRex-2-Zeroshot,1.40425991594897,0.0545049331730453,52.0,43.0
electricity/w/short,TiRex-2-Zeroshot,1.517369446502684,0.0502552745723956,59.0,54.0
solar/10t/short,TiRex-2-Zeroshot,1.029370578934644,0.5285340232443377,78.0,73.0
solar/10t/medium,TiRex-2-Zeroshot,0.8241197248708465,0.3244557123237033,51.0,53.0
solar/10t/long,TiRex-2-Zeroshot,0.8081197037526254,0.306568608515406,51.0,46.0
solar/h/short,TiRex-2-Zeroshot,0.4140980752697592,0.1544076836659051,3.0,2.0
solar/h/medium,TiRex-2-Zeroshot,0.4496586489823745,0.1643637957487274,6.0,6.0
solar/h/long,TiRex-2-Zeroshot,0.4729588999447554,0.1689188116273346,7.0,7.0
solar/d/short,TiRex-2-Zeroshot,0.9809203401333816,0.2758444092897847,60.0,50.0
solar/w/short,TiRex-2-Zeroshot,1.1109558802764368,0.1491571830701785,58.0,51.0
hospital/m/short,TiRex-2-Zeroshot,0.7642741264176063,0.0517265049541611,55.0,53.0
covid_deaths/d/short,TiRex-2-Zeroshot,34.21256996742289,0.0317431168121608,59.0,40.0
us_births/d/short,TiRex-2-Zeroshot,0.3906494777921449,0.0203158363522967,72.0,65.0
us_births/m/short,TiRex-2-Zeroshot,0.7489572015398966,0.0155724811693052,85.0,81.0
us_births/w/short,TiRex-2-Zeroshot,1.1224102398223683,0.0129268424773024,75.0,67.0
saugeen/d/short,TiRex-2-Zeroshot,2.92194181234672,0.3568954970919188,63.0,67.0
saugeen/m/short,TiRex-2-Zeroshot,0.7541549956088199,0.3055447950429593,86.0,78.0
saugeen/w/short,TiRex-2-Zeroshot,1.224780165322851,0.3674787965268816,70.0,63.0
temperature_rain/d/short,TiRex-2-Zeroshot,1.3204128177329444,0.5445240027621031,26.0,33.0
kdd_cup_2018/h/short,TiRex-2-Zeroshot,0.922222688557774,0.3699761793579389,38.0,42.0
kdd_cup_2018/h/medium,TiRex-2-Zeroshot,1.0542517924844046,0.4246902708010374,79.0,59.0
kdd_cup_2018/h/long,TiRex-2-Zeroshot,1.0124852365633703,0.4361461481837219,47.0,34.0
kdd_cup_2018/d/short,TiRex-2-Zeroshot,1.1857494194578504,0.3722977832746291,33.0,27.0
car_parts/m/short,TiRex-2-Zeroshot,0.8353268673756366,0.9525227769671032,29.0,31.0
restaurant/d/short,TiRex-2-Zeroshot,0.6772710027748202,0.2541746933995945,23.0,26.0
hierarchical_sales/d/short,TiRex-2-Zeroshot,0.7448622733427184,0.5760216800258925,45.0,50.0
hierarchical_sales/w/short,TiRex-2-Zeroshot,0.7229935984146366,0.3486148139338703,58.0,63.0
loop_seattle/5t/short,TiRex-2-Zeroshot,0.5617068464740116,0.0480388193290139,68.0,57.0
loop_seattle/5t/medium,TiRex-2-Zeroshot,0.7537277109058076,0.0665944843228126,38.0,39.0
loop_seattle/5t/long,TiRex-2-Zeroshot,0.8161043011822313,0.0723118288919943,39.0,40.0
loop_seattle/h/short,TiRex-2-Zeroshot,0.6895219539087595,0.046658867768813,5.0,3.0
loop_seattle/h/medium,TiRex-2-Zeroshot,0.7385274714089076,0.0496247842974782,5.0,5.0
loop_seattle/h/long,TiRex-2-Zeroshot,0.7676405049492637,0.0515319104214485,5.0,4.0
loop_seattle/d/short,TiRex-2-Zeroshot,0.867178228275405,0.0418774373504009,33.0,37.0
sz_taxi/15t/short,TiRex-2-Zeroshot,0.5443350382868307,0.2006877719867398,54.0,49.0
sz_taxi/15t/medium,TiRex-2-Zeroshot,0.534959458862143,0.2012267667506087,41.0,29.0
sz_taxi/15t/long,TiRex-2-Zeroshot,0.5074304012067504,0.1967929163106216,43.0,26.0
sz_taxi/h/short,TiRex-2-Zeroshot,0.5625609368303884,0.1357769164228408,56.0,54.0
m_dense/h/short,TiRex-2-Zeroshot,0.7834781786901008,0.1307002792027896,59.0,58.0
m_dense/h/medium,TiRex-2-Zeroshot,0.6944438165080411,0.1158284608188371,50.0,49.0
m_dense/h/long,TiRex-2-Zeroshot,0.7023894654371488,0.1176040656510254,57.0,58.0
m_dense/d/short,TiRex-2-Zeroshot,0.6827223156791568,0.0664869168709989,63.0,61.0
ett1/15t/short,TiRex-2-Zeroshot,0.7068243293647052,0.1628099410039563,78.0,64.0
ett1/15t/medium,TiRex-2-Zeroshot,0.9620571859584024,0.2243026086557632,15.0,18.0
ett1/15t/long,TiRex-2-Zeroshot,0.9753296932617752,0.2231332349531377,25.0,17.0
ett1/h/short,TiRex-2-Zeroshot,0.8241148007712913,0.1760159079657413,61.0,41.0
ett1/h/medium,TiRex-2-Zeroshot,1.2182385415353505,0.2445456254889836,5.0,5.0
ett1/h/long,TiRex-2-Zeroshot,1.3765462455951127,0.259386987095748,59.0,20.0
ett1/d/short,TiRex-2-Zeroshot,1.760445819949103,0.2854838879279696,96.0,81.0
ett1/w/short,TiRex-2-Zeroshot,1.6462558284731443,0.2858382191145276,93.0,85.0
ett2/15t/short,TiRex-2-Zeroshot,0.7397939174548761,0.0651330317846007,53.0,59.0
ett2/15t/medium,TiRex-2-Zeroshot,0.8546483144908716,0.0875999391487572,39.0,37.0
ett2/15t/long,TiRex-2-Zeroshot,0.8761431867437008,0.09071869456742,41.0,38.0
ett2/h/short,TiRex-2-Zeroshot,0.7313270449707547,0.0644920405293882,47.0,58.0
ett2/h/medium,TiRex-2-Zeroshot,1.0203529407575571,0.1032290710680648,40.0,41.0
ett2/h/long,TiRex-2-Zeroshot,1.0337514081334989,0.1037261619439689,52.0,43.0
ett2/d/short,TiRex-2-Zeroshot,1.2910983141010477,0.092369457052687,49.0,47.0
ett2/w/short,TiRex-2-Zeroshot,0.7967958930313758,0.0845031427934723,49.0,35.0
jena_weather/10t/short,TiRex-2-Zeroshot,0.2723811673347503,0.0281284974123181,44.0,56.0
jena_weather/10t/medium,TiRex-2-Zeroshot,0.5730240297516871,0.0487930143089698,24.0,53.0
jena_weather/10t/long,TiRex-2-Zeroshot,0.6144307173068461,0.0490619510159458,16.0,50.0
jena_weather/h/short,TiRex-2-Zeroshot,0.508006742121415,0.0401995124128467,3.0,10.0
jena_weather/h/medium,TiRex-2-Zeroshot,0.7169373608856688,0.0494789233754251,3.0,30.0
jena_weather/h/long,TiRex-2-Zeroshot,0.8939815728625709,0.0520454902101495,24.0,13.0
jena_weather/d/short,TiRex-2-Zeroshot,1.0510425931359986,0.0453588752864799,53.0,45.0
bitbrains_fast_storage/5t/short,TiRex-2-Zeroshot,0.7044155597193855,0.3837553843253264,65.0,42.0
bitbrains_fast_storage/5t/medium,TiRex-2-Zeroshot,0.97228037874943,0.5956249437155066,47.0,21.0
bitbrains_fast_storage/5t/long,TiRex-2-Zeroshot,0.8978976392789713,0.6876963237926554,54.0,45.0
bitbrains_fast_storage/h/short,TiRex-2-Zeroshot,1.0672482531133942,0.6681497695003986,60.0,71.0
bitbrains_rnd/5t/short,TiRex-2-Zeroshot,1.6509150903984346,0.3981343961348225,58.0,42.0
bitbrains_rnd/5t/medium,TiRex-2-Zeroshot,4.394114851241022,0.6253627910685908,55.0,54.0
bitbrains_rnd/5t/long,TiRex-2-Zeroshot,3.3099104322882575,0.5951494166582366,49.0,25.0
bitbrains_rnd/h/short,TiRex-2-Zeroshot,5.904995041098433,0.5984643433408406,90.0,24.0
bizitobs_application/10s/short,TiRex-2-Zeroshot,1.1189630431963855,0.0107403214287497,60.0,52.0
bizitobs_application/10s/medium,TiRex-2-Zeroshot,2.4547498781074237,0.0359455231069564,61.0,48.0
bizitobs_application/10s/long,TiRex-2-Zeroshot,3.2672475473038074,0.0515824933537787,63.0,37.0
bizitobs_service/10s/short,TiRex-2-Zeroshot,0.7656758469523396,0.0111221380478903,52.0,46.0
bizitobs_service/10s/medium,TiRex-2-Zeroshot,1.076708862913629,0.0225303089377528,60.0,40.0
bizitobs_service/10s/long,TiRex-2-Zeroshot,1.369230703062023,0.0513759052370852,65.0,30.0
bizitobs_l2c/5t/short,TiRex-2-Zeroshot,0.2652028496660614,0.0718307046506748,48.0,51.0
bizitobs_l2c/5t/medium,TiRex-2-Zeroshot,0.7511392921283505,0.3251802798100466,82.0,78.0
bizitobs_l2c/5t/long,TiRex-2-Zeroshot,1.151221791782136,0.5201133695652778,96.0,87.0
bizitobs_l2c/h/short,TiRex-2-Zeroshot,0.4787368181997485,0.2042984800580452,68.0,68.0
bizitobs_l2c/h/medium,TiRex-2-Zeroshot,0.5429817832924992,0.2574468104524075,83.0,71.0
bizitobs_l2c/h/long,TiRex-2-Zeroshot,0.5803228562327183,0.2667387722612735,60.0,50.0
hospital/m/short,TiRex,0.755865392174249,0.0507120184694813,42.0,41.0
bitbrains_rnd/h/short,TiRex,5.81352395077296,0.610826124077467,49.0,35.0
electricity/15t/short,TiRex,1.05886695554428,0.0908779875964044,77.0,71.0
electricity/15t/medium,TiRex,0.886755694424925,0.0785193705902253,80.0,64.0
electricity/15t/long,TiRex,0.931412999226833,0.078357523139035,78.0,69.0
ett2/15t/short,TiRex,0.753517418470681,0.0664633034282213,67.0,71.0
ett2/15t/medium,TiRex,0.875448046886407,0.08887998139281,57.0,47.0
ett2/15t/long,TiRex,0.895088792806266,0.0917998952067343,60.0,51.0
kdd_cup_2018/h/short,TiRex,0.938996642282699,0.378479913803786,59.0,57.0
kdd_cup_2018/h/medium,TiRex,1.03550057716719,0.42078225967313,42.0,49.0
kdd_cup_2018/h/long,TiRex,1.01017684177464,0.441401874867448,45.0,45.0
bitbrains_rnd/5t/short,TiRex,1.65443881126234,0.404343446178176,61.0,52.0
bitbrains_rnd/5t/medium,TiRex,4.41284012548038,0.60358127879194,64.0,28.0
bitbrains_rnd/5t/long,TiRex,3.35080382531189,0.631590464570861,65.0,53.0
m4_weekly/w/short,TiRex,1.9898576085037,0.0366506530197832,40.0,42.0
us_births/d/short,TiRex,0.442530892940835,0.0229982063460591,86.0,83.0
covid_deaths/d/short,TiRex,34.0894655192164,0.0320417471338689,58.0,42.0
hierarchical_sales/w/short,TiRex,0.722002990448829,0.347713604359324,52.0,58.0
bitbrains_fast_storage/h/short,TiRex,1.01909825389839,0.700457273184491,47.0,86.0
jena_weather/10t/short,TiRex,0.280013898626847,0.0268340697020524,57.0,26.0
jena_weather/10t/medium,TiRex,0.605888380590751,0.0484508173393888,61.0,50.0
jena_weather/10t/long,TiRex,0.64869173167028,0.0490159690415373,65.0,49.0
sz_taxi/15t/short,TiRex,0.542612799483091,0.199707467245458,37.0,35.0
sz_taxi/15t/medium,TiRex,0.53719561769997,0.20224328876413,56.0,47.0
sz_taxi/15t/long,TiRex,0.508947046551112,0.19804045792907,53.0,38.0
bizitobs_l2c/h/short,TiRex,0.494049349450387,0.211869589661229,79.0,74.0
bizitobs_l2c/h/medium,TiRex,0.519407285636078,0.252226751198328,75.0,67.0
bizitobs_l2c/h/long,TiRex,0.584526991382213,0.267920303958168,62.0,54.0
m4_daily/d/short,TiRex,3.23342416752454,0.0209845012924179,39.0,23.0
temperature_rain/d/short,TiRex,1.32775200467932,0.547114671834489,36.0,42.0
solar/w/short,TiRex,1.03917831602574,0.143733119722635,36.0,36.0
solar/h/short,TiRex,0.744055301637309,0.27294675614805,27.0,27.0
solar/h/medium,TiRex,0.783587840190401,0.285002422784048,32.0,31.0
solar/h/long,TiRex,0.825937782882037,0.286549909649834,30.0,28.0
bizitobs_l2c/5t/short,TiRex,0.279404233539459,0.0757868723998155,78.0,73.0
bizitobs_l2c/5t/medium,TiRex,0.619657460159213,0.251045131938078,67.0,60.0
bizitobs_l2c/5t/long,TiRex,0.606914542915138,0.269298286344833,54.0,47.0
ett2/h/short,TiRex,0.723450509844985,0.0637035663238856,33.0,38.0
ett2/h/medium,TiRex,1.13485833908813,0.107098715176229,104.0,69.0
ett2/h/long,TiRex,1.18447623253982,0.114179095263771,106.0,81.0
jena_weather/d/short,TiRex,1.0148134039666,0.0443666263226254,29.0,17.0
kdd_cup_2018/d/short,TiRex,1.20081279350788,0.376010434817368,82.0,54.0
electricity/d/short,TiRex,1.41100095624963,0.0544045662328728,54.0,41.0
m_dense/d/short,TiRex,0.676466322469793,0.0677391601735547,56.0,67.0
us_births/w/short,TiRex,1.04645785562603,0.0123022329409069,57.0,55.0
restaurant/d/short,TiRex,0.677866081421558,0.254774507499283,32.0,33.0
loop_seattle/h/short,TiRex,0.824491105530812,0.0579328784553887,54.0,51.0
loop_seattle/h/medium,TiRex,0.918036210957686,0.0639476714240825,61.0,57.0
loop_seattle/h/long,TiRex,0.874260418832198,0.0599976849474176,54.0,53.0
bitbrains_fast_storage/5t/short,TiRex,0.690323257895346,0.379986469449896,59.0,38.0
bitbrains_fast_storage/5t/medium,TiRex,1.00319651211573,0.63844764801188,69.0,55.0
bitbrains_fast_storage/5t/long,TiRex,0.915079747536741,0.67175241451944,63.0,39.0
ett1/d/short,TiRex,1.67920212923972,0.27701612446829,57.0,51.0
saugeen/d/short,TiRex,2.99962314573788,0.35754300109357,81.0,68.0
solar/10t/short,TiRex,1.08840250635685,0.54092029681464,85.0,76.0
solar/10t/medium,TiRex,0.856162079212004,0.334213226821628,66.0,61.0
solar/10t/long,TiRex,0.830923895840091,0.320531392485542,61.0,57.0
m4_monthly/m/short,TiRex,0.921364086798541,0.0914518007923697,45.0,36.0
bizitobs_service/10s/short,TiRex,0.825489803577478,0.0117277966973059,69.0,54.0
bizitobs_service/10s/medium,TiRex,1.1744109098841,0.0230622873768297,75.0,41.0
bizitobs_service/10s/long,TiRex,1.4943902945243,0.0530869721056591,85.0,67.0
jena_weather/h/short,TiRex,0.523626147293653,0.0408131511606026,53.0,24.0
jena_weather/h/medium,TiRex,0.757858239977878,0.0527998392140855,29.0,61.0
jena_weather/h/long,TiRex,0.984803991760474,0.0586325972922798,56.0,60.0
bizitobs_application/10s/short,TiRex,1.20508471840302,0.0114647240446569,65.0,59.0
bizitobs_application/10s/medium,TiRex,2.64176880560029,0.038027088981558,84.0,57.0
bizitobs_application/10s/long,TiRex,3.3952556662572,0.0518335702120556,82.0,41.0
solar/d/short,TiRex,0.956101721293655,0.27272924798333,11.0,34.0
m4_hourly/h/short,TiRex,0.722167134003322,0.0201566007817003,42.0,32.0
m4_quarterly/q/short,TiRex,1.14570153997989,0.0728452027046033,37.0,26.0
car_parts/m/short,TiRex,0.846948909033782,0.995178384556839,51.0,55.0
us_births/m/short,TiRex,0.601660107977772,0.0124333765361167,29.0,29.0
loop_seattle/5t/short,TiRex,0.560244137718282,0.0479319004409381,67.0,54.0
loop_seattle/5t/medium,TiRex,0.880264287103265,0.0780106683606492,85.0,78.0
loop_seattle/5t/long,TiRex,0.951881420955391,0.0843039723354861,87.0,79.0
sz_taxi/h/short,TiRex,0.562878902792566,0.135355970215781,59.0,46.0
ett2/d/short,TiRex,1.31020561529259,0.0936081122506195,64.0,65.0
saugeen/w/short,TiRex,1.17070485274757,0.350148571341342,30.0,40.0
electricity/w/short,TiRex,1.4415945973124,0.0480246177985173,39.0,33.0
ett2/w/short,TiRex,0.765193274498532,0.086646890601686,25.0,46.0
loop_seattle/d/short,TiRex,0.874606980295278,0.0420953143590836,41.0,42.0
m4_yearly/a/short,TiRex,3.36403414140292,0.11602893484346,71.0,56.0
ett1/15t/short,TiRex,0.709254882775933,0.160948264490076,79.0,58.0
ett1/15t/medium,TiRex,1.01440816611886,0.237291025559533,64.0,58.0
ett1/15t/long,TiRex,1.02004163567787,0.234493783525133,63.0,51.0
ett1/h/short,TiRex,0.816757639069635,0.176046429435933,53.0,42.0
ett1/h/medium,TiRex,1.23502868249193,0.252026548063122,17.0,32.0
ett1/h/long,TiRex,1.32065939110372,0.257826785729453,11.0,16.0
electricity/h/short,TiRex,0.908995957160898,0.0638134616449604,42.0,27.0
electricity/h/medium,TiRex,1.08821158390077,0.0786019893653698,76.0,69.0
electricity/h/long,TiRex,1.23396553888477,0.0938948461663266,79.0,76.0
m_dense/h/short,TiRex,0.782375729444844,0.128349506926327,58.0,52.0
m_dense/h/medium,TiRex,0.69800879470509,0.11608219052137,56.0,51.0
m_dense/h/long,TiRex,0.694068153401345,0.115084326051384,51.0,53.0
hierarchical_sales/d/short,TiRex,0.745221034554874,0.570194378757521,52.0,29.0
ett1/w/short,TiRex,1.5982252820467,0.277767861011278,74.0,75.0
saugeen/m/short,TiRex,0.748811134342036,0.297045254137591,77.0,60.0
m4_yearly/a/short,TimeCopilot,3.352789096613149,0.1155226987213568,69.0,53.0
m4_quarterly/q/short,TimeCopilot,1.1590601775264513,0.0733132251866769,49.0,36.0
m4_monthly/m/short,TimeCopilot,0.911253241052204,0.0909937816657743,32.0,32.0
m4_weekly/w/short,TimeCopilot,1.9198034914621185,0.0349978393293822,33.0,11.0
m4_daily/d/short,TimeCopilot,3.175756961031712,0.0207889066555366,20.0,14.0
m4_hourly/h/short,TimeCopilot,0.6860634673852392,0.0197096877526468,26.0,24.0
electricity/15t/short,TimeCopilot,0.9321482968110442,0.0801835324305198,36.0,34.0
electricity/h/short,TimeCopilot,0.8669619484111293,0.0612837704789279,11.0,9.0
electricity/d/short,TimeCopilot,1.377821987404302,0.0532369653564484,38.0,17.0
electricity/w/short,TimeCopilot,1.4572521701129888,0.0499949942858169,48.0,50.0
solar/10t/short,TimeCopilot,0.9930148490188802,0.4976428465742399,74.0,67.0
solar/h/short,TimeCopilot,0.8397061913589596,0.3013797124116734,54.0,41.0
solar/d/short,TimeCopilot,0.9707494856784976,0.2774434347937445,48.0,56.0
solar/w/short,TimeCopilot,1.2161073536974203,0.1616292900652415,83.0,72.0
hospital/m/short,TimeCopilot,0.756820374897648,0.0508432960045565,43.0,44.0
covid_deaths/d/short,TimeCopilot,36.29551561,0.035212059008402,73.0,59.0
us_births/d/short,TimeCopilot,0.3319835430317066,0.0172893963106227,43.0,43.0
us_births/m/short,TimeCopilot,0.6282748881799558,0.0129348949461795,43.0,42.0
us_births/w/short,TimeCopilot,1.03020678537136,0.0120682786004195,55.0,53.0
saugeen/d/short,TimeCopilot,3.0085533936225217,0.3611090832066537,84.0,72.0
saugeen/m/short,TimeCopilot,0.727292821544807,0.2952004063922404,51.0,56.0
saugeen/w/short,TimeCopilot,1.1935373084045853,0.3526089345644552,52.0,44.0
temperature_rain/d/short,TimeCopilot,1.330618454426622,0.5444793711800684,40.0,32.0
kdd_cup_2018/h/short,TimeCopilot,0.8915718317390194,0.3590324633205042,24.0,25.0
kdd_cup_2018/d/short,TimeCopilot,1.1951957709349497,0.3768255724738475,61.0,58.0
car_parts/m/short,TimeCopilot,0.8300575655061477,0.9531399271136942,21.0,33.0
restaurant/d/short,TimeCopilot,0.6850637366419515,0.257865182979218,53.0,53.0
hierarchical_sales/d/short,TimeCopilot,0.7407932320969244,0.5684040271207136,30.0,20.0
hierarchical_sales/w/short,TimeCopilot,0.7155719050966906,0.3432383281258184,32.0,39.0
loop_seattle/5t/short,TimeCopilot,0.5484964553129523,0.0469132315884219,48.0,46.0
loop_seattle/h/short,TimeCopilot,0.8128023049231333,0.0571968441901989,44.0,44.0
loop_seattle/d/short,TimeCopilot,0.8663526708790623,0.0416252415962686,29.0,32.0
sz_taxi/15t/short,TimeCopilot,0.5415867631608944,0.1995179385365098,29.0,30.0
sz_taxi/h/short,TimeCopilot,0.5591594403657988,0.1345639324832183,25.0,24.0
m_dense/h/short,TimeCopilot,0.7708026475594886,0.1261792340095731,46.0,36.0
m_dense/d/short,TimeCopilot,0.6449696296594424,0.0617285355059594,37.0,38.0
ett1/15t/short,TimeCopilot,0.679642015114924,0.1581378355031145,48.0,45.0
ett1/h/short,TimeCopilot,0.803668040017943,0.1740989812702882,35.0,34.0
ett1/d/short,TimeCopilot,1.6990245493301293,0.2758487954267685,71.0,48.0
ett1/w/short,TimeCopilot,1.5704922299986386,0.2700317578526821,61.0,61.0
ett2/15t/short,TimeCopilot,0.73048926379873,0.0642716857192217,44.0,51.0
ett2/h/short,TimeCopilot,0.736526386469788,0.0649558725663057,63.0,69.0
ett2/d/short,TimeCopilot,1.26609597419066,0.0913283421234515,22.0,32.0
ett2/w/short,TimeCopilot,0.7885949778805613,0.0838890272508537,44.0,28.0
jena_weather/10t/short,TimeCopilot,0.3010985667231378,0.0300771704835859,77.0,69.0
jena_weather/h/short,TimeCopilot,0.521866958871569,0.0409198306297826,44.0,33.0
jena_weather/d/short,TimeCopilot,1.002191012190578,0.0450673652964732,21.0,40.0
bitbrains_fast_storage/5t/short,TimeCopilot,0.6559882303327758,0.3847375246720173,32.0,43.0
bitbrains_fast_storage/h/short,TimeCopilot,1.0343822914762917,0.7219866683522643,50.0,93.0
bitbrains_rnd/5t/short,TimeCopilot,1.6160098499977276,0.3964612062226265,33.0,40.0
bitbrains_rnd/h/short,TimeCopilot,5.835419338595843,0.6144106009404606,62.0,43.0
bizitobs_application/10s/short,TimeCopilot,1.0735370691318118,0.0096656862275339,43.0,32.0
bizitobs_service/10s/short,TimeCopilot,0.7723213505738389,0.0111084990569613,53.0,45.0
bizitobs_l2c/5t/short,TimeCopilot,0.2761542839387261,0.0734726620542566,71.0,58.0
bizitobs_l2c/h/short,TimeCopilot,0.4445604087944049,0.1864666623644873,53.0,47.0
electricity/15t/medium,TimeCopilot,0.8084229413476077,0.0717043028530855,32.0,27.0
electricity/15t/long,TimeCopilot,0.8577928201229896,0.0719803551543305,30.0,31.0
electricity/h/medium,TimeCopilot,1.0561643779123162,0.0749768199070903,44.0,50.0
electricity/h/long,TimeCopilot,1.1933290428598704,0.0887727604544426,61.0,62.0
solar/10t/medium,TimeCopilot,0.8322017990009988,0.3240567774003175,53.0,52.0
solar/10t/long,TimeCopilot,0.8015567173366982,0.3063514234442692,43.0,44.0
solar/h/medium,TimeCopilot,0.8639561278695133,0.3009266290528963,61.0,39.0
solar/h/long,TimeCopilot,0.8776931978366276,0.2999546072251047,45.0,43.0
kdd_cup_2018/h/medium,TimeCopilot,0.996231967613259,0.4063545663479109,25.0,26.0
kdd_cup_2018/h/long,TimeCopilot,0.9830015005517432,0.4339078339310311,27.0,30.0
loop_seattle/5t/medium,TimeCopilot,0.8633634276715643,0.0761478343100576,82.0,74.0
loop_seattle/5t/long,TimeCopilot,0.9355166824810184,0.0821922278459704,83.0,75.0
loop_seattle/h/medium,TimeCopilot,0.9078164858292448,0.0629617122630184,54.0,50.0
loop_seattle/h/long,TimeCopilot,0.8683485306773391,0.0594142595772402,48.0,45.0
sz_taxi/15t/medium,TimeCopilot,0.5342110293525478,0.2010435449898101,31.0,25.0
sz_taxi/15t/long,TimeCopilot,0.5062548609697384,0.1966549636231346,34.0,24.0
m_dense/h/medium,TimeCopilot,0.6797904579599956,0.1130111406014334,34.0,38.0
m_dense/h/long,TimeCopilot,0.6769353594248038,0.1120602970919229,29.0,29.0
ett1/15t/medium,TimeCopilot,0.9915852904641798,0.2359594548502602,51.0,54.0
ett1/15t/long,TimeCopilot,0.9985537659401948,0.2346078852235413,43.0,52.0
ett1/h/medium,TimeCopilot,1.2451768949683812,0.2538509370996076,29.0,42.0
ett1/h/long,TimeCopilot,1.3330098256563383,0.2618494542142582,18.0,29.0
ett2/15t/medium,TimeCopilot,0.8600154757133787,0.0880873921819831,44.0,40.0
ett2/15t/long,TimeCopilot,0.8690296184660402,0.0907130832548878,29.0,37.0
ett2/h/medium,TimeCopilot,1.040973538853912,0.1067271107480788,63.0,66.0
ett2/h/long,TimeCopilot,1.0256298120569345,0.1053284863541385,49.0,53.0
jena_weather/10t/medium,TimeCopilot,0.6051370744394549,0.0482467353304328,55.0,48.0
jena_weather/10t/long,TimeCopilot,0.6259346894044211,0.0490729331929777,30.0,51.0
jena_weather/h/medium,TimeCopilot,0.7861309202407549,0.0485601206880911,56.0,18.0
jena_weather/h/long,TimeCopilot,0.9661327401085368,0.0528682099485974,51.0,22.0
bitbrains_fast_storage/5t/medium,TimeCopilot,0.9536450858635028,0.6180918878491857,31.0,37.0
bitbrains_fast_storage/5t/long,TimeCopilot,0.8749791633710378,0.6757619889754686,40.0,43.0
bitbrains_rnd/5t/medium,TimeCopilot,4.357324961139689,0.6109418602731045,35.0,38.0
bitbrains_rnd/5t/long,TimeCopilot,3.282503295928003,0.6308730484232111,36.0,50.0
bizitobs_application/10s/medium,TimeCopilot,2.0792345306733995,0.0306248530840539,20.0,25.0
bizitobs_application/10s/long,TimeCopilot,3.2227093329644263,0.0532368092817842,54.0,55.0
bizitobs_service/10s/medium,TimeCopilot,1.013201423904092,0.0213210606829475,39.0,30.0
bizitobs_service/10s/long,TimeCopilot,1.3354987722201337,0.0524026559916625,53.0,52.0
bizitobs_l2c/5t/medium,TimeCopilot,0.7954148218483699,0.3314397617783311,89.0,81.0
bizitobs_l2c/5t/long,TimeCopilot,1.0958397882129156,0.508043300889487,90.0,86.0
bizitobs_l2c/h/medium,TimeCopilot,0.4886258222798499,0.2319735359977425,42.0,38.0
bizitobs_l2c/h/long,TimeCopilot,0.566927678162445,0.2610668053551979,52.0,43.0
bitbrains_fast_storage/5t/long,TimeRouter,0.8735434873165857,0.7146999153175239,38.0,62.0
bitbrains_fast_storage/5t/medium,TimeRouter,0.9567388364552024,0.6510878690739736,32.0,66.0
bitbrains_fast_storage/5t/short,TimeRouter,0.660759521716473,0.4000474798205508,36.0,54.0
bitbrains_fast_storage/h/short,TimeRouter,0.9275949623009084,0.632019284999067,9.0,42.0
bitbrains_rnd/5t/long,TimeRouter,3.306533829805617,0.6776962552415332,47.0,75.0
bitbrains_rnd/5t/medium,TimeRouter,4.3565401417388845,0.6654461931210306,34.0,82.0
bitbrains_rnd/5t/short,TimeRouter,1.6220454924569654,0.4052455178874752,37.0,54.0
bitbrains_rnd/h/short,TimeRouter,5.805530682632745,0.6866254949873082,42.0,92.0
bizitobs_application/10s/long,TimeRouter,2.949662795812786,0.0453959701454996,13.0,10.0
bizitobs_application/10s/medium,TimeRouter,1.958162364695828,0.0248260565044535,15.0,11.0
bizitobs_application/10s/short,TimeRouter,0.8216577432756068,0.0087873935687003,2.0,2.0
bizitobs_l2c/5t/long,TimeRouter,0.5261365876016397,0.2405016321024403,36.0,32.0
bizitobs_l2c/5t/medium,TimeRouter,0.4560982318453608,0.1888346475310115,15.0,12.0
bizitobs_l2c/5t/short,TimeRouter,0.2648351203409841,0.0699666904675398,47.0,46.0
bizitobs_l2c/h/long,TimeRouter,0.6157020903930215,0.2857166541957304,84.0,69.0
bizitobs_l2c/h/medium,TimeRouter,0.4885874165708301,0.2298713328128092,41.0,31.0
bizitobs_l2c/h/short,TimeRouter,0.4387599470100783,0.184622497628049,49.0,36.0
bizitobs_service/10s/long,TimeRouter,1.3149130400677933,0.0510270051767518,42.0,19.0
bizitobs_service/10s/medium,TimeRouter,0.9264518802936116,0.0174438272979103,4.0,8.0
bizitobs_service/10s/short,TimeRouter,0.6878014935905903,0.0102008957695011,19.0,27.0
car_parts/m/short,TimeRouter,0.8550507670840157,0.9730035902017984,60.0,46.0
covid_deaths/d/short,TimeRouter,33.34858131599673,0.043151915102161,51.0,78.0
electricity/15t/long,TimeRouter,0.8538298634034818,0.0718869689796291,25.0,30.0
electricity/15t/medium,TimeRouter,0.802928039471737,0.0713996344601934,25.0,21.0
electricity/15t/short,TimeRouter,0.9257983637140176,0.078486077596559,31.0,25.0
electricity/d/short,TimeRouter,1.3572654751816209,0.0547324245538582,17.0,46.0
electricity/h/long,TimeRouter,1.05137713023476,0.0761987210218399,4.0,7.0
electricity/h/medium,TimeRouter,0.9664608021596552,0.0712271694072313,5.0,9.0
electricity/h/short,TimeRouter,0.947094035136186,0.0683142642692164,61.0,68.0
electricity/w/short,TimeRouter,1.353951921993441,0.0494244462938623,3.0,47.0
ett1/15t/long,TimeRouter,1.0054933269848307,0.2307266986397357,49.0,38.0
ett1/15t/medium,TimeRouter,0.9872240274748348,0.2309031801660701,45.0,40.0
ett1/15t/short,TimeRouter,0.6753217136060021,0.1591334648024829,36.0,53.0
ett1/d/short,TimeRouter,1.663980181740088,0.2883448033555734,45.0,87.0
ett1/h/long,TimeRouter,1.4029778318938495,0.2713453614092799,73.0,51.0
ett1/h/medium,TimeRouter,1.248564190390355,0.2513709463876867,34.0,28.0
ett1/h/short,TimeRouter,0.8022581354493263,0.1739918954859708,34.0,33.0
ett1/w/short,TimeRouter,1.6011454925812596,0.2730184744087336,78.0,69.0
ett2/15t/long,TimeRouter,0.8730375069437348,0.0894271209728256,36.0,18.0
ett2/15t/medium,TimeRouter,0.844134836200389,0.0870727613529477,12.0,20.0
ett2/15t/short,TimeRouter,0.7316436998249496,0.0636840319862185,45.0,45.0
ett2/d/short,TimeRouter,1.3094512683369826,0.0929711573198005,61.0,54.0
ett2/h/long,TimeRouter,1.007646982937116,0.1003711242144355,33.0,18.0
ett2/h/medium,TimeRouter,1.027325872746385,0.1050739823504167,46.0,55.0
ett2/h/short,TimeRouter,0.7319274941984887,0.0643748835042379,50.0,52.0
ett2/w/short,TimeRouter,0.92575094513768,0.1002400726845333,81.0,85.0
hierarchical_sales/d/short,TimeRouter,0.7467884273539487,0.5870196387145167,65.0,89.0
hierarchical_sales/w/short,TimeRouter,0.7097294532189886,0.3403057937373369,15.0,21.0
hospital/m/short,TimeRouter,0.7466456382433306,0.0487228921040312,25.0,17.0
jena_weather/10t/long,TimeRouter,0.6689361270405785,0.0484493014345757,85.0,43.0
jena_weather/10t/medium,TimeRouter,0.5919389803214621,0.0483447185318531,40.0,49.0
jena_weather/10t/short,TimeRouter,0.256856497181637,0.026984961223467,15.0,31.0
jena_weather/d/short,TimeRouter,1.0359360596579543,0.0462255201424874,43.0,50.0
jena_weather/h/long,TimeRouter,0.8236609227804645,0.0529419654015598,8.0,24.0
jena_weather/h/medium,TimeRouter,0.7964680450380003,0.0564462789427505,63.0,75.0
jena_weather/h/short,TimeRouter,0.5202172606221226,0.0428648408025348,38.0,64.0
kdd_cup_2018/d/short,TimeRouter,1.1982271918824274,0.3753982953873986,73.0,52.0
kdd_cup_2018/h/long,TimeRouter,0.7861305095562958,0.3751919814669659,14.0,17.0
kdd_cup_2018/h/medium,TimeRouter,0.8433515298260148,0.3764518117120128,14.0,17.0
kdd_cup_2018/h/short,TimeRouter,0.7986204437025249,0.3438803654585381,17.0,18.0
loop_seattle/5t/long,TimeRouter,0.7859821089929379,0.0698007302817063,24.0,26.0
loop_seattle/5t/medium,TimeRouter,0.7370774162469002,0.0652092850202481,32.0,33.0
loop_seattle/5t/short,TimeRouter,0.5417940603237683,0.0463305816078655,35.0,37.0
loop_seattle/d/short,TimeRouter,0.8821752630009824,0.0427470424293316,62.0,59.0
loop_seattle/h/long,TimeRouter,0.8656772074339626,0.0601078293021588,45.0,55.0
loop_seattle/h/medium,TimeRouter,0.904500984077476,0.0638152543731369,48.0,56.0
loop_seattle/h/short,TimeRouter,0.8247823733992462,0.0585628549374747,56.0,53.0
m4_daily/d/short,TimeRouter,3.402285554229536,0.022770109920318,88.0,73.0
m4_hourly/h/short,TimeRouter,0.6838543705546944,0.0185516933056578,25.0,9.0
m4_monthly/m/short,TimeRouter,0.9123288986072948,0.092017230227236,34.0,44.0
m4_quarterly/q/short,TimeRouter,1.13780060217128,0.0731886059235729,23.0,30.0
m4_weekly/w/short,TimeRouter,1.9982682514135437,0.0356776835438102,44.0,24.0
m4_yearly/a/short,TimeRouter,3.1121242092951533,0.1109852988523221,32.0,29.0
m_dense/d/short,TimeRouter,0.6263887543252198,0.0586345779776242,20.0,19.0
m_dense/h/long,TimeRouter,0.6718145137804676,0.1099588497504768,26.0,21.0
m_dense/h/medium,TimeRouter,0.6739124933405871,0.1116882839375121,21.0,17.0
m_dense/h/short,TimeRouter,0.7499627975314459,0.1243117995229498,21.0,23.0
restaurant/d/short,TimeRouter,0.6753344824865797,0.2552011726554426,12.0,37.0
saugeen/d/short,TimeRouter,2.8955273249736395,0.3472273496991256,57.0,54.0
saugeen/m/short,TimeRouter,0.7189604207147963,0.2923682655844462,31.0,52.0
saugeen/w/short,TimeRouter,1.1590469945320112,0.3495191299416406,21.0,35.0
solar/10t/long,TimeRouter,0.7922634970658265,0.2902967991243768,30.0,22.0
solar/10t/medium,TimeRouter,0.7874516866511135,0.2902347293673442,14.0,11.0
solar/10t/short,TimeRouter,0.761291338181429,0.3781210572649519,15.0,13.0
solar/d/short,TimeRouter,0.9659096898771174,0.27017565976927,36.0,17.0
solar/h/long,TimeRouter,0.7499094604298425,0.2928518970991079,24.0,34.0
solar/h/medium,TimeRouter,0.7679889627374561,0.3089857932630179,26.0,45.0
solar/h/short,TimeRouter,0.7875325217439025,0.3288127119484955,37.0,65.0
solar/w/short,TimeRouter,0.94690571276412,0.1279159767091104,13.0,11.0
sz_taxi/15t/long,TimeRouter,0.5088359084833861,0.1986854286471835,52.0,47.0
sz_taxi/15t/medium,TimeRouter,0.535115891658433,0.20277626190039,43.0,55.0
sz_taxi/15t/short,TimeRouter,0.542847129263727,0.2022925430877896,42.0,65.0
sz_taxi/h/short,TimeRouter,0.5618058735240951,0.136817191307586,52.0,66.0
temperature_rain/d/short,TimeRouter,1.3169689902420756,0.5442672090576475,25.0,31.0
us_births/d/short,TimeRouter,0.3282389536420646,0.0165771384972593,41.0,36.0
us_births/m/short,TimeRouter,0.5600179706610128,0.0116791084700966,19.0,18.0
us_births/w/short,TimeRouter,1.096100047397141,0.0127229239120012,69.0,61.0
bitbrains_fast_storage/h/short,TimeTron-v2-33M,1.166380663555333,0.6832619544848516,95.0,81.0
solar/h/short,TimeTron-v2-33M,0.917716481731851,0.341090753933536,98.0,85.0
solar/h/medium,TimeTron-v2-33M,1.0129880353501837,0.3821553366897545,109.0,104.0
solar/h/long,TimeTron-v2-33M,1.0480795370654432,0.3778652826631746,101.0,94.0
m_dense/d/short,TimeTron-v2-33M,0.7695067169128392,0.0751790303750873,96.0,89.0
ett2/h/short,TimeTron-v2-33M,0.7655689452719162,0.0668131231304765,92.0,86.0
ett2/h/medium,TimeTron-v2-33M,1.0575185100318665,0.10930294497295,80.0,80.0
ett2/h/long,TimeTron-v2-33M,1.1009622187511443,0.1212297726856024,91.0,91.0
ett2/d/short,TimeTron-v2-33M,1.2583994408667627,0.0920413083828295,14.0,45.0
electricity/15t/short,TimeTron-v2-33M,1.1563833098585172,0.0980929782651497,99.0,89.0
electricity/15t/medium,TimeTron-v2-33M,1.0237698293784556,0.0895795279448294,103.0,96.0
electricity/15t/long,TimeTron-v2-33M,1.1372180626950643,0.0994076143807144,109.0,107.0
bitbrains_rnd/h/short,TimeTron-v2-33M,5.940762081040158,0.6671548054565138,97.0,83.0
loop_seattle/h/short,TimeTron-v2-33M,1.0202959899270712,0.0722768270242959,107.0,103.0
loop_seattle/h/medium,TimeTron-v2-33M,1.1690365541956669,0.0839629793878984,116.0,109.0
loop_seattle/h/long,TimeTron-v2-33M,1.1930645398856634,0.0858583924994431,115.0,110.0
solar/w/short,TimeTron-v2-33M,1.7341981981769463,0.2708693986940647,115.0,116.0
bizitobs_application/10s/short,TimeTron-v2-33M,2.7888631318616226,0.0271242517505239,107.0,100.0
bizitobs_application/10s/medium,TimeTron-v2-33M,6.954895414358934,0.0764375239864018,113.0,112.0
bizitobs_application/10s/long,TimeTron-v2-33M,7.430197088147029,0.0841119669853,112.0,113.0
bizitobs_service/10s/short,TimeTron-v2-33M,1.7647892474529427,0.0255241877536208,107.0,104.0
bizitobs_service/10s/medium,TimeTron-v2-33M,3.8227884474889127,0.0729965169982094,114.0,117.0
bizitobs_service/10s/long,TimeTron-v2-33M,3.752276917693752,0.0884890391296368,112.0,112.0
bizitobs_l2c/5t/short,TimeTron-v2-33M,0.2945102086164606,0.0791101929963495,100.0,88.0
bizitobs_l2c/5t/medium,TimeTron-v2-33M,0.9621880447316018,0.4665091689133379,119.0,116.0
bizitobs_l2c/5t/long,TimeTron-v2-33M,1.294419370846612,0.7242053312735177,118.0,120.0
ett2/w/short,TimeTron-v2-33M,1.141450760753593,0.116731459071212,111.0,107.0
loop_seattle/5t/short,TimeTron-v2-33M,0.5777993204241603,0.0497460087151941,82.0,75.0
loop_seattle/5t/medium,TimeTron-v2-33M,1.0877889603000437,0.1036475416391804,104.0,103.0
loop_seattle/5t/long,TimeTron-v2-33M,1.1548136782559684,0.1100307392903098,111.0,105.0
loop_seattle/d/short,TimeTron-v2-33M,0.8743414119001611,0.0424257857691319,39.0,46.0
bitbrains_rnd/5t/short,TimeTron-v2-33M,1.8174156722897612,0.4563278113377249,97.0,89.0
bitbrains_rnd/5t/medium,TimeTron-v2-33M,4.621169289065555,0.6375884086196214,105.0,64.0
bitbrains_rnd/5t/long,TimeTron-v2-33M,3.533227292535709,0.6479502546127784,100.0,65.0
electricity/w/short,TimeTron-v2-33M,1.7566177439545647,0.0635230103842868,98.0,92.0
solar/d/short,TimeTron-v2-33M,1.0119912773093018,0.2889825616758139,98.0,87.0
ett1/h/short,TimeTron-v2-33M,0.8505728650343709,0.1878610611502167,90.0,78.0
ett1/h/medium,TimeTron-v2-33M,1.3149084571201797,0.2761821732475348,84.0,82.0
ett1/h/long,TimeTron-v2-33M,1.4118754317721869,0.3048880888607935,79.0,91.0
temperature_rain/d/short,TimeTron-v2-33M,1.3810640379397443,0.5597701566827407,84.0,68.0
saugeen/w/short,TimeTron-v2-33M,1.3991118215013922,0.4211596181436675,103.0,92.0
covid_deaths/d/short,TimeTron-v2-33M,36.48802357941842,0.0371687927819973,74.0,65.0
us_births/d/short,TimeTron-v2-33M,0.5500547775149256,0.027926156250498,105.0,104.0
m4_weekly/w/short,TimeTron-v2-33M,2.480185797433929,0.0470819776005111,96.0,99.0
car_parts/m/short,TimeTron-v2-33M,0.8760970166837794,0.984737948167866,76.0,52.0
sz_taxi/h/short,TimeTron-v2-33M,0.5683504179155325,0.1377976093559779,77.0,76.0
ett1/15t/short,TimeTron-v2-33M,0.775313089475921,0.1813064205080266,101.0,94.0
ett1/15t/medium,TimeTron-v2-33M,1.1515004868310983,0.2826016117883024,106.0,97.0
ett1/15t/long,TimeTron-v2-33M,1.194893964850682,0.2885558241029272,109.0,99.0
saugeen/m/short,TimeTron-v2-33M,0.7864016251801428,0.324750399031017,107.0,96.0
us_births/m/short,TimeTron-v2-33M,1.1144189334005354,0.0229351750966988,117.0,112.0
m4_quarterly/q/short,TimeTron-v2-33M,1.2458785657638598,0.0800003569693292,91.0,82.0
ett1/w/short,TimeTron-v2-33M,1.4253502332603116,0.2381534994219384,6.0,8.0
saugeen/d/short,TimeTron-v2-33M,2.9439087446346712,0.3710848471072012,66.0,77.0
electricity/h/short,TimeTron-v2-33M,1.0531645319905507,0.0759403249262236,97.0,93.0
electricity/h/medium,TimeTron-v2-33M,1.290791834567778,0.0949381385428284,112.0,111.0
electricity/h/long,TimeTron-v2-33M,1.4928027759808222,0.1205730606101715,117.0,113.0
ett1/d/short,TimeTron-v2-33M,1.8551646321145865,0.3186404662594895,114.0,104.0
bizitobs_l2c/h/short,TimeTron-v2-33M,0.897339827475659,0.3926820066727861,112.0,111.0
bizitobs_l2c/h/medium,TimeTron-v2-33M,1.1821341226043072,0.5831507966902421,113.0,112.0
bizitobs_l2c/h/long,TimeTron-v2-33M,1.1563342876318414,0.5734519320448719,112.0,112.0
hospital/m/short,TimeTron-v2-33M,0.7952632608462912,0.0558956308963161,97.0,87.0
m4_daily/d/short,TimeTron-v2-33M,3.3867674046981024,0.0220788560266232,87.0,63.0
bitbrains_fast_storage/5t/short,TimeTron-v2-33M,0.7735176210732811,0.4175159038020963,83.0,69.0
bitbrains_fast_storage/5t/medium,TimeTron-v2-33M,1.075164345736633,0.6841183786820589,91.0,74.0
bitbrains_fast_storage/5t/long,TimeTron-v2-33M,0.9944457072181664,0.7793536751062298,91.0,84.0
ett2/15t/short,TimeTron-v2-33M,0.8392014895126303,0.0736968574600627,104.0,98.0
ett2/15t/medium,TimeTron-v2-33M,0.9820298491127656,0.1020379380174983,100.0,91.0
ett2/15t/long,TimeTron-v2-33M,0.9764523064657172,0.1020783590179966,96.0,87.0
jena_weather/10t/short,TimeTron-v2-33M,0.3322947278144257,0.03928677467098,96.0,99.0
jena_weather/10t/medium,TimeTron-v2-33M,0.6646123478151146,0.0666566483462141,97.0,103.0
jena_weather/10t/long,TimeTron-v2-33M,0.6677037697991172,0.0688432515871157,84.0,107.0
jena_weather/d/short,TimeTron-v2-33M,1.1044140362257395,0.0514021510708327,72.0,86.0
us_births/w/short,TimeTron-v2-33M,1.4050179544851435,0.0158884324488032,105.0,95.0
m_dense/h/short,TimeTron-v2-33M,0.9227931542878034,0.157942832767845,107.0,104.0
m_dense/h/medium,TimeTron-v2-33M,0.9804366936927182,0.1676531668236521,112.0,111.0
m_dense/h/long,TimeTron-v2-33M,1.0663441665405762,0.1814739311476358,115.0,114.0
kdd_cup_2018/d/short,TimeTron-v2-33M,1.1868401460737816,0.3760212369881984,36.0,55.0
electricity/d/short,TimeTron-v2-33M,1.5952281502252057,0.0649969305412583,103.0,97.0
restaurant/d/short,TimeTron-v2-33M,0.697099558956002,0.263262385601512,77.0,73.0
jena_weather/h/short,TimeTron-v2-33M,0.5411756544463394,0.0446676694155737,82.0,85.0
jena_weather/h/medium,TimeTron-v2-33M,0.8423404648390338,0.0580968310044218,88.0,84.0
jena_weather/h/long,TimeTron-v2-33M,1.0240500618077049,0.0618305671040428,71.0,77.0
m4_monthly/m/short,TimeTron-v2-33M,0.9557448071829152,0.0935745260059555,69.0,59.0
hierarchical_sales/d/short,TimeTron-v2-33M,0.7503448683624596,0.583622752136203,86.0,85.0
m4_hourly/h/short,TimeTron-v2-33M,1.1031086366965892,0.0251455771273511,98.0,75.0
m4_yearly/a/short,TimeTron-v2-33M,3.4231836274618535,0.1183100830244942,80.0,69.0
hierarchical_sales/w/short,TimeTron-v2-33M,0.7353939183747501,0.3532952066098958,78.0,75.0
kdd_cup_2018/h/short,TimeTron-v2-33M,0.9330613507973275,0.3740733885446834,49.0,50.0
kdd_cup_2018/h/medium,TimeTron-v2-33M,1.0693786593853554,0.4485085555496209,87.0,90.0
kdd_cup_2018/h/long,TimeTron-v2-33M,1.0111767484474288,0.4780281329706384,46.0,91.0
sz_taxi/15t/short,TimeTron-v2-33M,0.5608097051373252,0.2074312155513682,99.0,89.0
sz_taxi/15t/medium,TimeTron-v2-33M,0.5492299800126319,0.2151647291958321,87.0,88.0
sz_taxi/15t/long,TimeTron-v2-33M,0.515921741945987,0.2169588095135113,78.0,84.0
solar/10t/short,TimeTron-v2-33M,1.2593578374526235,0.6430746612258154,115.0,98.0
solar/10t/medium,TimeTron-v2-33M,1.6492573662459555,0.6972475910796475,115.0,116.0
solar/10t/long,TimeTron-v2-33M,1.8140158841554672,0.6987511382871364,117.0,113.0
loop_seattle/5t/short,Timer-s1,0.5485673344780608,0.0464520221929793,49.0,40.0
loop_seattle/5t/medium,Timer-s1,0.7664461823516591,0.0697980506799273,49.0,52.0
loop_seattle/5t/long,Timer-s1,0.839695571136051,0.078938414274163,51.0,66.0
loop_seattle/d/short,Timer-s1,0.8774932265683149,0.0420140466613062,49.0,41.0
loop_seattle/h/short,Timer-s1,0.809871281114228,0.0574797098408602,40.0,45.0
loop_seattle/h/medium,Timer-s1,0.8944065214106747,0.0647413418818977,41.0,63.0
loop_seattle/h/long,Timer-s1,0.862711399123962,0.0629026785935792,42.0,65.0
m_dense/d/short,Timer-s1,0.6169750117807944,0.0581315380720713,16.0,14.0
m_dense/h/short,Timer-s1,0.7660353710116028,0.1252095332766738,36.0,33.0
m_dense/h/medium,Timer-s1,0.700441835356724,0.1185813943774849,58.0,61.0
m_dense/h/long,Timer-s1,0.6967013904466347,0.1186554367660026,53.0,62.0
sz_taxi/15t/short,Timer-s1,0.5442484759004441,0.2003197264497931,53.0,44.0
sz_taxi/15t/medium,Timer-s1,0.5416448904090391,0.2172055850189928,72.0,90.0
sz_taxi/15t/long,Timer-s1,0.5140575339609862,0.2209628315647021,71.0,88.0
sz_taxi/h/short,Timer-s1,0.5670752467936436,0.1371517891527759,71.0,69.0
bitbrains_fast_storage/5t/short,Timer-s1,0.6774172893868221,0.3783816421501358,49.0,35.0
bitbrains_fast_storage/5t/medium,Timer-s1,0.9967564915226848,0.6660080525783614,64.0,71.0
bitbrains_fast_storage/5t/long,Timer-s1,0.9188018113983338,0.9116330206422228,67.0,108.0
bitbrains_fast_storage/h/short,Timer-s1,1.0892621580784232,0.6694915057295341,76.0,74.0
bitbrains_rnd/5t/short,Timer-s1,1.6595213853831243,0.38679716124238,65.0,29.0
bitbrains_rnd/5t/medium,Timer-s1,4.435228165495713,0.6141298084511926,70.0,41.0
bitbrains_rnd/5t/long,Timer-s1,3.389684010827208,0.5791391086409061,75.0,16.0
bitbrains_rnd/h/short,Timer-s1,5.896231281344538,0.6225098312821512,87.0,51.0
bizitobs_application/10s/short,Timer-s1,1.0887868363996358,0.0094518134841225,49.0,15.0
bizitobs_application/10s/medium,Timer-s1,2.4166801358616,0.0412042078590438,58.0,80.0
bizitobs_application/10s/long,Timer-s1,3.038083073942534,0.0537281397215187,23.0,62.0
bizitobs_l2c/5t/short,Timer-s1,0.2539680547293105,0.0661522739361207,38.0,30.0
bizitobs_l2c/5t/medium,Timer-s1,0.5108885933521335,0.2187911728169296,38.0,40.0
bizitobs_l2c/5t/long,Timer-s1,0.5298279681179664,0.2474923997748282,38.0,37.0
bizitobs_l2c/h/short,Timer-s1,0.4298189556671987,0.1859504004469514,35.0,45.0
bizitobs_l2c/h/medium,Timer-s1,0.4879415702565054,0.2423558501223154,39.0,59.0
bizitobs_l2c/h/long,Timer-s1,0.5398840763506663,0.2599125741524081,13.0,41.0
bizitobs_service/10s/short,Timer-s1,0.7471334934383044,0.0109799190041353,46.0,44.0
bizitobs_service/10s/medium,Timer-s1,1.0373598910996726,0.0234980180535302,49.0,45.0
bizitobs_service/10s/long,Timer-s1,1.2422253263380303,0.0522464626761394,8.0,49.0
car_parts/m/short,Timer-s1,0.8562007641052951,1.0009452389076323,63.0,62.0
covid_deaths/d/short,Timer-s1,45.18780895813061,0.0431214356814942,109.0,77.0
electricity/15t/short,Timer-s1,0.9326960350193274,0.0804257168751967,37.0,35.0
electricity/15t/medium,Timer-s1,0.8407433320816704,0.0787451579639482,56.0,65.0
electricity/15t/long,Timer-s1,0.8817177339366992,0.0770545975101594,52.0,58.0
electricity/d/short,Timer-s1,1.3908466669371302,0.0539654639896926,46.0,32.0
electricity/h/short,Timer-s1,0.8878907850773652,0.0636112166554667,31.0,24.0
electricity/h/medium,Timer-s1,1.0458818045643423,0.0806806765484373,38.0,74.0
electricity/h/long,Timer-s1,1.151726833122245,0.0935247984663984,32.0,74.0
electricity/w/short,Timer-s1,1.5725071063259437,0.0501805597723108,69.0,52.0
ett1/15t/short,Timer-s1,0.6673493133099536,0.1528467869775437,22.0,18.0
ett1/15t/medium,Timer-s1,0.9832120899861134,0.2366315796416468,36.0,56.0
ett1/15t/long,Timer-s1,0.9916271579734396,0.242129068424294,37.0,65.0
ett1/d/short,Timer-s1,1.7681473358243105,0.2958506005015014,98.0,90.0
ett1/h/short,Timer-s1,0.8274674977042313,0.1835720677627338,66.0,73.0
ett1/h/medium,Timer-s1,1.297976374458983,0.2867915399342963,73.0,92.0
ett1/h/long,Timer-s1,1.4395633705192667,0.3164525751997629,93.0,99.0
ett1/w/short,Timer-s1,1.706331411686971,0.3149413947207393,110.0,108.0
ett2/15t/short,Timer-s1,0.7401781489307548,0.0638955811378654,54.0,49.0
ett2/15t/medium,Timer-s1,0.8643580183682582,0.0912985367692892,48.0,70.0
ett2/15t/long,Timer-s1,0.8896539257067433,0.0955435805735997,53.0,74.0
ett2/d/short,Timer-s1,1.3400832618400074,0.0953788630609742,73.0,76.0
ett2/h/short,Timer-s1,0.7412006139569628,0.0637839988921878,73.0,42.0
ett2/h/medium,Timer-s1,1.0160414425652011,0.1050988944535556,29.0,56.0
ett2/h/long,Timer-s1,1.0575443079556983,0.1139724748414893,68.0,80.0
ett2/w/short,Timer-s1,0.7810912522900659,0.0889808033616874,41.0,56.0
hierarchical_sales/d/short,Timer-s1,0.7464570401824309,0.5726957392590035,60.0,37.0
hierarchical_sales/w/short,Timer-s1,0.7238660823239087,0.346145988235674,61.0,52.0
hospital/m/short,Timer-s1,0.8335733008220652,0.0554271055382663,114.0,86.0
jena_weather/10t/short,Timer-s1,0.2661372131299903,0.0269414836008282,35.0,30.0
jena_weather/10t/medium,Timer-s1,0.5690974667239382,0.0472034800673976,12.0,35.0
jena_weather/10t/long,Timer-s1,0.6256319657127811,0.0491893140953567,29.0,52.0
jena_weather/d/short,Timer-s1,0.931264884766572,0.0433920767066068,5.0,7.0
jena_weather/h/short,Timer-s1,0.5245407412638168,0.0437354858401422,59.0,74.0
jena_weather/h/medium,Timer-s1,0.7585744752727885,0.053390073053683,31.0,63.0
jena_weather/h/long,Timer-s1,0.7899650186777837,0.0572581187733698,3.0,51.0
kdd_cup_2018/d/short,Timer-s1,1.1927644855214,0.3743532329208804,51.0,42.0
kdd_cup_2018/h/short,Timer-s1,0.7102770376341483,0.2939637464614652,10.0,10.0
kdd_cup_2018/h/medium,Timer-s1,0.7808749466476173,0.3259362775896166,7.0,8.0
kdd_cup_2018/h/long,Timer-s1,0.7502911628532252,0.3404018796921119,8.0,10.0
m4_daily/d/short,Timer-s1,3.359706911739168,0.0214067747894018,83.0,44.0
m4_hourly/h/short,Timer-s1,0.7551579675443887,0.0190994172516057,57.0,16.0
m4_monthly/m/short,Timer-s1,1.0405047283865287,0.1028455798317222,100.0,96.0
m4_quarterly/q/short,Timer-s1,1.309768606865065,0.0809230317409652,99.0,86.0
m4_weekly/w/short,Timer-s1,2.3636441233580774,0.0409665992926761,87.0,72.0
m4_yearly/a/short,Timer-s1,3.8477423322815754,0.1337572658521175,107.0,97.0
restaurant/d/short,Timer-s1,0.6882932156761078,0.258147827013955,59.0,54.0
saugeen/d/short,Timer-s1,2.721250304640324,0.3158061579489732,24.0,8.0
saugeen/m/short,Timer-s1,0.7708597350568673,0.3057828767129149,102.0,79.0
saugeen/w/short,Timer-s1,1.1732399053338107,0.3475455725936074,33.0,29.0
solar/10t/short,Timer-s1,0.8162954214820578,0.4123551107869851,28.0,28.0
solar/10t/medium,Timer-s1,0.8413041080885655,0.3279332498931759,60.0,55.0
solar/10t/long,Timer-s1,0.7916740599247505,0.305864250406228,28.0,43.0
solar/d/short,Timer-s1,1.0081635995503362,0.2849450434667545,93.0,77.0
solar/h/short,Timer-s1,0.7348297238438429,0.2776600846580634,26.0,33.0
solar/h/medium,Timer-s1,0.6996637439097979,0.2640170537527391,21.0,23.0
solar/h/long,Timer-s1,0.6349679803723632,0.2374896520216406,18.0,19.0
solar/w/short,Timer-s1,0.9507807929634338,0.1276920900123893,14.0,10.0
temperature_rain/d/short,Timer-s1,1.3581226279770562,0.5532119079931062,67.0,61.0
us_births/d/short,Timer-s1,0.3469597282143685,0.0176813674431487,52.0,48.0
us_births/m/short,Timer-s1,0.7881405730666607,0.0166521045375785,97.0,90.0
us_births/w/short,Timer-s1,1.1209844876696804,0.0131412146766372,74.0,72.0
m4_yearly/a/short,TimesFM-2.5,3.5746010048672225,0.1271109279152729,94.0,89.0
electricity/w/short,TimesFM-2.5,1.3967853300134194,0.0460645609852835,17.0,9.0
ett1/w/short,TimesFM-2.5,1.4441483369953474,0.2405281869762745,11.0,11.0
ett2/w/short,TimesFM-2.5,0.8412490672071247,0.0869305208878059,64.0,48.0
hierarchical_sales/w/short,TimesFM-2.5,0.7191135875727374,0.3477559083695211,47.0,59.0
m4_quarterly/q/short,TimesFM-2.5,1.2049703896311814,0.076067860075728,71.0,60.0
saugeen/w/short,TimesFM-2.5,1.2478244362544069,0.3780635645502282,81.0,72.0
solar/w/short,TimesFM-2.5,1.279175323501296,0.1704597269571992,88.0,81.0
us_births/w/short,TimesFM-2.5,1.0865839544744331,0.0127557711261431,64.0,62.0
car_parts/m/short,TimesFM-2.5,0.8384127237589201,0.9421112990920802,43.0,22.0
hospital/m/short,TimesFM-2.5,0.7589560550538742,0.0507028122166365,46.0,39.0
saugeen/m/short,TimesFM-2.5,0.7143579153975297,0.2979973343270517,21.0,62.0
us_births/m/short,TimesFM-2.5,0.6082879638609939,0.0125893064709787,36.0,35.0
m4_weekly/w/short,TimesFM-2.5,2.002006738398413,0.0367288999392248,45.0,43.0
m4_daily/d/short,TimesFM-2.5,3.2973720846324865,0.021708872400384,66.0,53.0
m4_monthly/m/short,TimesFM-2.5,0.9461520763200302,0.0940259682317909,61.0,64.0
covid_deaths/d/short,TimesFM-2.5,36.90652519783753,0.035207333217684,78.0,58.0
electricity/d/short,TimesFM-2.5,1.376394006228205,0.054125391109843,34.0,34.0
ett1/d/short,TimesFM-2.5,1.7128243257015157,0.2995758069334773,80.0,95.0
ett2/d/short,TimesFM-2.5,1.2742572379259611,0.0919803776245253,32.0,42.0
hierarchical_sales/d/short,TimesFM-2.5,0.7450299152621455,0.5736083169156433,49.0,43.0
jena_weather/d/short,TimesFM-2.5,0.9881361987704972,0.0445001405869175,8.0,20.0
kdd_cup_2018/d/short,TimesFM-2.5,1.1915478125321073,0.3752128249284657,45.0,49.0
loop_seattle/d/short,TimesFM-2.5,0.8626503798094816,0.0408819893951643,21.0,10.0
m_dense/d/short,TimesFM-2.5,0.6614871883280495,0.0626267911163735,47.0,44.0
restaurant/d/short,TimesFM-2.5,0.6817651803581497,0.2565109173699536,48.0,45.0
saugeen/d/short,TimesFM-2.5,2.7150354225140947,0.3334447865947913,22.0,32.0
solar/d/short,TimesFM-2.5,0.9852001248980804,0.282132009142779,67.0,71.0
temperature_rain/d/short,TimesFM-2.5,1.3471367892505408,0.5531139937752197,58.0,60.0
us_births/d/short,TimesFM-2.5,0.3429802957289049,0.0181763828378718,49.0,50.0
bitbrains_fast_storage/5t/short,TimesFM-2.5,0.7111346915871751,0.3972588797180351,66.0,53.0
bitbrains_fast_storage/h/short,TimesFM-2.5,1.0595267693966377,0.7823841680489255,55.0,101.0
bitbrains_rnd/5t/short,TimesFM-2.5,1.657069216715042,0.407886182497497,64.0,55.0
bitbrains_rnd/h/short,TimesFM-2.5,5.851180132676808,0.6099774852778457,68.0,34.0
bizitobs_l2c/5t/short,TimesFM-2.5,0.2741012438522254,0.0721133827111354,63.0,53.0
bizitobs_l2c/h/short,TimesFM-2.5,0.4260981553125524,0.1794814801635479,26.0,19.0
electricity/15t/short,TimesFM-2.5,1.081371975887235,0.0954384089922548,85.0,85.0
electricity/h/short,TimesFM-2.5,0.9074777822980884,0.064574457140792,40.0,41.0
ett1/15t/short,TimesFM-2.5,0.6939013682200964,0.1568781625714669,70.0,40.0
ett1/h/short,TimesFM-2.5,0.8386783804405953,0.1879599836121311,79.0,79.0
ett2/15t/short,TimesFM-2.5,0.7236933910820915,0.0628170015147744,32.0,36.0
ett2/h/short,TimesFM-2.5,0.7392435317380189,0.0644622073337824,70.0,56.0
jena_weather/10t/short,TimesFM-2.5,0.2759814563236545,0.0283101768843149,48.0,58.0
jena_weather/h/short,TimesFM-2.5,0.5256772076315999,0.0434192565252649,61.0,68.0
kdd_cup_2018/h/short,TimesFM-2.5,0.9326107374703952,0.3738848939157661,47.0,48.0
loop_seattle/5t/short,TimesFM-2.5,0.5676442597911147,0.0490579566949105,76.0,70.0
loop_seattle/h/short,TimesFM-2.5,0.7249853379569574,0.0508351011424248,10.0,14.0
m4_hourly/h/short,TimesFM-2.5,0.7336225635960946,0.0236036871968026,47.0,65.0
m_dense/h/short,TimesFM-2.5,0.7687776769780533,0.1277156153276405,44.0,45.0
solar/10t/short,TimesFM-2.5,1.0856914677487488,0.562410294460541,84.0,82.0
solar/h/short,TimesFM-2.5,0.8975871598886551,0.3368476260242927,91.0,76.0
sz_taxi/15t/short,TimesFM-2.5,0.5443528714934225,0.2006480451612246,55.0,48.0
sz_taxi/h/short,TimesFM-2.5,0.5632662593759367,0.1356919309691824,61.0,51.0
bizitobs_application/10s/short,TimesFM-2.5,1.0240725901771486,0.0094654873951997,29.0,16.0
bizitobs_service/10s/short,TimesFM-2.5,0.7260925792291387,0.010208833214811,39.0,28.0
bitbrains_fast_storage/5t/medium,TimesFM-2.5,0.9944598806111056,0.7661455370329273,61.0,94.0
bitbrains_rnd/5t/medium,TimesFM-2.5,4.393525889829144,0.8462471494476078,50.0,114.0
bizitobs_l2c/5t/medium,TimesFM-2.5,0.570373055989672,0.2408576242575444,55.0,51.0
bizitobs_l2c/h/medium,TimesFM-2.5,0.5055644180297029,0.237198842814338,64.0,52.0
electricity/15t/medium,TimesFM-2.5,0.8656848904607868,0.0766389435434427,74.0,57.0
electricity/h/medium,TimesFM-2.5,1.0554992252868496,0.0733241368779313,43.0,36.0
ett1/15t/medium,TimesFM-2.5,1.0375436922235095,0.2511765600260239,77.0,77.0
ett1/h/medium,TimesFM-2.5,1.34756523642872,0.2867362399532431,92.0,91.0
ett2/15t/medium,TimesFM-2.5,0.9149022185515798,0.0940122484325497,81.0,80.0
ett2/h/medium,TimesFM-2.5,1.008217465819344,0.1005857899848431,19.0,16.0
jena_weather/10t/medium,TimesFM-2.5,0.6270768476108538,0.0494690467934314,80.0,60.0
jena_weather/h/medium,TimesFM-2.5,0.7294967251334445,0.0506729360734761,8.0,46.0
kdd_cup_2018/h/medium,TimesFM-2.5,1.0357826893571056,0.4190070378888065,45.0,45.0
loop_seattle/5t/medium,TimesFM-2.5,0.78725902027526,0.0708601477568756,55.0,62.0
loop_seattle/h/medium,TimesFM-2.5,0.7993525494107476,0.0553994187854934,12.0,13.0
m_dense/h/medium,TimesFM-2.5,0.6636513116342978,0.1125194108107084,10.0,35.0
solar/10t/medium,TimesFM-2.5,0.8419677192257834,0.3403948288162354,61.0,66.0
solar/h/medium,TimesFM-2.5,0.8790033209032653,0.3144896878693224,70.0,50.0
sz_taxi/15t/medium,TimesFM-2.5,0.5392917458753017,0.2032330604038392,64.0,58.0
bizitobs_application/10s/medium,TimesFM-2.5,2.1551507567479864,0.0325714349843361,30.0,37.0
bizitobs_service/10s/medium,TimesFM-2.5,0.9590529440271665,0.0176982060022991,13.0,9.0
bitbrains_fast_storage/5t/long,TimesFM-2.5,0.9039245531589026,0.8314849123811503,57.0,97.0
bitbrains_rnd/5t/long,TimesFM-2.5,3.3142125022990747,0.7434909857278398,51.0,94.0
bizitobs_l2c/5t/long,TimesFM-2.5,0.6111149916688,0.2790580266163361,56.0,52.0
bizitobs_l2c/h/long,TimesFM-2.5,0.5939030401954193,0.2733038684203844,68.0,59.0
electricity/15t/long,TimesFM-2.5,0.9183277522976082,0.0773595926969313,76.0,62.0
electricity/h/long,TimesFM-2.5,1.144049401490204,0.0816564838649398,28.0,27.0
ett1/15t/long,TimesFM-2.5,1.0596462769928112,0.2554749042500906,82.0,81.0
ett1/h/long,TimesFM-2.5,1.446573840888557,0.2877906458769053,96.0,78.0
ett2/15t/long,TimesFM-2.5,0.9372296383448864,0.0966709465454526,85.0,77.0
ett2/h/long,TimesFM-2.5,1.0069646760450506,0.1006778193121682,29.0,21.0
jena_weather/10t/long,TimesFM-2.5,0.6749863328104863,0.0499282452349763,91.0,60.0
jena_weather/h/long,TimesFM-2.5,0.8486795076978108,0.0551137663589809,16.0,40.0
kdd_cup_2018/h/long,TimesFM-2.5,1.0077571619740389,0.439875868657562,40.0,40.0
loop_seattle/5t/long,TimesFM-2.5,0.8448467761485187,0.075880877206996,54.0,55.0
loop_seattle/h/long,TimesFM-2.5,0.8221961743610641,0.0569863230214178,16.0,23.0
m_dense/h/long,TimesFM-2.5,0.6618874921204684,0.1124662290162817,12.0,31.0
solar/10t/long,TimesFM-2.5,0.8528475638795701,0.3309369994475502,73.0,66.0
solar/h/long,TimesFM-2.5,0.9437132847905028,0.3244991771072177,67.0,55.0
sz_taxi/15t/long,TimesFM-2.5,0.513075909719218,0.1998173380466307,69.0,53.0
bizitobs_application/10s/long,TimesFM-2.5,3.1622200569089265,0.0533803793247988,39.0,58.0
bizitobs_service/10s/long,TimesFM-2.5,1.3103560944912158,0.0504752741989899,38.0,12.0
loop_seattle/5t/short,TimesFM-3,0.5483982660892082,0.0468947708172712,47.0,45.0
loop_seattle/5t/medium,TimesFM-3,0.7036179184040745,0.0618318527345036,9.0,10.0
loop_seattle/5t/long,TimesFM-3,0.7503941787382133,0.0663528506811114,9.0,10.0
loop_seattle/d/short,TimesFM-3,0.8576733882346694,0.0411501343399049,11.0,14.0
loop_seattle/h/short,TimesFM-3,0.6425235968897001,0.0440981295882132,2.0,1.0
loop_seattle/h/medium,TimesFM-3,0.6801830045979114,0.0461440729396594,2.0,2.0
loop_seattle/h/long,TimesFM-3,0.7324792019470878,0.0497868526505292,1.0,2.0
m_dense/d/short,TimesFM-3,0.6198999604924257,0.0585715891895084,18.0,18.0
m_dense/h/short,TimesFM-3,0.6907841460660521,0.1103295166688896,4.0,3.0
m_dense/h/medium,TimesFM-3,0.6010894648615694,0.0977512263030711,2.0,2.0
m_dense/h/long,TimesFM-3,0.5719259986997723,0.0911811519225257,1.0,2.0
sz_taxi/15t/short,TimesFM-3,0.5411022618952311,0.1991704338096373,22.0,24.0
sz_taxi/15t/medium,TimesFM-3,0.5336340180471625,0.2007374546887533,24.0,21.0
sz_taxi/15t/long,TimesFM-3,0.5027499372747223,0.1952636398589225,5.0,12.0
sz_taxi/h/short,TimesFM-3,0.5562488792684378,0.1338476364879152,7.0,7.0
bitbrains_fast_storage/5t/short,TimesFM-3,0.6507964377201028,0.3610237394823447,28.0,21.0
bitbrains_fast_storage/5t/medium,TimesFM-3,0.9433525195258085,0.5867313483019341,26.0,14.0
bitbrains_fast_storage/5t/long,TimesFM-3,0.8580693702025433,0.6654224530139663,22.0,31.0
bitbrains_fast_storage/h/short,TimesFM-3,0.9870604318054068,0.647784452010333,35.0,56.0
bitbrains_rnd/5t/short,TimesFM-3,1.600647691975106,0.3642667693398116,27.0,4.0
bitbrains_rnd/5t/medium,TimesFM-3,4.33915776692691,0.6106967489831866,20.0,37.0
bitbrains_rnd/5t/long,TimesFM-3,3.2659790892823093,0.6185245379731137,21.0,39.0
bitbrains_rnd/h/short,TimesFM-3,5.82494067384555,0.6046199288492866,55.0,31.0
bizitobs_application/10s/short,TimesFM-3,0.8364416068087227,0.0089817917907132,3.0,4.0
bizitobs_application/10s/medium,TimesFM-3,2.090687901260627,0.0321022696947636,21.0,32.0
bizitobs_application/10s/long,TimesFM-3,3.034796963266984,0.0487403338213706,20.0,23.0
bizitobs_l2c/5t/short,TimesFM-3,0.2241281265408777,0.0614835678557117,22.0,25.0
bizitobs_l2c/5t/medium,TimesFM-3,0.4805469130970313,0.1969112740772323,26.0,21.0
bizitobs_l2c/5t/long,TimesFM-3,0.4743854083375845,0.2077942124136608,17.0,14.0
bizitobs_l2c/h/short,TimesFM-3,0.3906960368153135,0.1673592025823639,5.0,3.0
bizitobs_l2c/h/medium,TimesFM-3,0.4792933888706644,0.2258745408863897,19.0,17.0
bizitobs_l2c/h/long,TimesFM-3,0.5485517339549602,0.2512908571304258,24.0,21.0
bizitobs_service/10s/short,TimesFM-3,0.6754001043878157,0.0099871988383466,6.0,15.0
bizitobs_service/10s/medium,TimesFM-3,0.93544130993637,0.018324292682465,6.0,14.0
bizitobs_service/10s/long,TimesFM-3,1.2493821991353975,0.0502793186366384,10.0,11.0
car_parts/m/short,TimesFM-3,0.8446227430811792,0.9654154963348176,49.0,40.0
covid_deaths/d/short,TimesFM-3,31.85853151776279,0.0288378636846977,32.0,27.0
electricity/15t/short,TimesFM-3,0.9931514951835508,0.0856792955447233,60.0,58.0
electricity/15t/medium,TimesFM-3,0.8177550092428212,0.0723851208625542,41.0,36.0
electricity/15t/long,TimesFM-3,0.8631885556721001,0.0722535399292301,37.0,34.0
electricity/d/short,TimesFM-3,1.3507732999082611,0.0529807176078595,11.0,11.0
electricity/h/short,TimesFM-3,0.8532741550328985,0.0583807444215162,6.0,5.0
electricity/h/medium,TimesFM-3,1.0030183595518274,0.069503950405963,9.0,4.0
electricity/h/long,TimesFM-3,1.0755614837302283,0.0742672675963236,8.0,4.0
electricity/w/short,TimesFM-3,1.3946604022519418,0.0477973450965101,16.0,27.0
ett1/15t/short,TimesFM-3,0.6611658920289012,0.1517692671302741,10.0,11.0
ett1/15t/medium,TimesFM-3,0.9672964173825116,0.2236883312085438,21.0,15.0
ett1/15t/long,TimesFM-3,0.9750748083108454,0.2227011910109778,22.0,16.0
ett1/d/short,TimesFM-3,1.6757300377933606,0.2710339601399255,54.0,22.0
ett1/h/short,TimesFM-3,0.8157471446268216,0.1765974543854184,51.0,45.0
ett1/h/medium,TimesFM-3,1.2695439862011253,0.2555932791116386,57.0,48.0
ett1/h/long,TimesFM-3,1.3951233182099525,0.2727163365407415,70.0,55.0
ett1/w/short,TimesFM-3,1.4723008077082598,0.2496274027230865,19.0,20.0
ett2/15t/short,TimesFM-3,0.7091468390429535,0.059852531193073,16.0,4.0
ett2/15t/medium,TimesFM-3,0.8554028745214364,0.0875418941728891,40.0,36.0
ett2/15t/long,TimesFM-3,0.8666702380324566,0.0896546437468348,24.0,22.0
ett2/d/short,TimesFM-3,1.2565986148351551,0.0899934112807628,13.0,16.0
ett2/h/short,TimesFM-3,0.7290569813449019,0.0629508668617696,41.0,19.0
ett2/h/medium,TimesFM-3,1.021815371227674,0.1014065666776166,41.0,24.0
ett2/h/long,TimesFM-3,0.9946663648520496,0.0994221282762773,15.0,16.0
ett2/w/short,TimesFM-3,0.7642263679480047,0.0839895376113731,20.0,29.0
hierarchical_sales/d/short,TimesFM-3,0.743121297213673,0.5683248558892655,34.0,17.0
hierarchical_sales/w/short,TimesFM-3,0.7131178996479599,0.3433919814159412,22.0,40.0
hospital/m/short,TimesFM-3,0.7608739425369492,0.0511866807259062,48.0,48.0
jena_weather/10t/short,TimesFM-3,0.2508777970914285,0.0266117266484789,9.0,19.0
jena_weather/10t/medium,TimesFM-3,0.5596206626368752,0.0450412005873604,5.0,5.0
jena_weather/10t/long,TimesFM-3,0.606484651811004,0.0461985740624349,9.0,8.0
jena_weather/d/short,TimesFM-3,1.023061073130709,0.0450176911356659,37.0,39.0
jena_weather/h/short,TimesFM-3,0.5136799494087309,0.0404831362858146,18.0,21.0
jena_weather/h/medium,TimesFM-3,0.7577705715757325,0.0488274299492308,28.0,24.0
jena_weather/h/long,TimesFM-3,0.8101572053808211,0.0515876345005222,6.0,8.0
kdd_cup_2018/d/short,TimesFM-3,1.193661745963703,0.3771127516734859,53.0,61.0
kdd_cup_2018/h/short,TimesFM-3,0.9259672249955984,0.3693256182267981,42.0,37.0
kdd_cup_2018/h/medium,TimesFM-3,1.0431895192421787,0.427740906595264,59.0,66.0
kdd_cup_2018/h/long,TimesFM-3,0.9918069949808022,0.4328684876385174,29.0,29.0
m4_daily/d/short,TimesFM-3,3.2500469373306005,0.0210954652898389,47.0,31.0
m4_hourly/h/short,TimesFM-3,0.6937364295322749,0.021194311919734,30.0,45.0
m4_monthly/m/short,TimesFM-3,0.9294275676008448,0.0924873491283948,51.0,46.0
m4_quarterly/q/short,TimesFM-3,1.1566781839115103,0.0741868174770394,46.0,46.0
m4_weekly/w/short,TimesFM-3,1.8611628847081532,0.0355274068435158,15.0,21.0
m4_yearly/a/short,TimesFM-3,3.146280804058362,0.11366355208302,34.0,43.0
restaurant/d/short,TimesFM-3,0.6776600106881984,0.2541698324694061,31.0,25.0
saugeen/d/short,TimesFM-3,2.7331118492478894,0.3211069211373085,28.0,12.0
saugeen/m/short,TimesFM-3,0.7096641962765166,0.2845207067419013,14.0,22.0
saugeen/w/short,TimesFM-3,1.1761591493091477,0.3500223680902898,37.0,39.0
solar/10t/short,TimesFM-3,0.8940119860565149,0.4391923309215235,54.0,43.0
solar/10t/medium,TimesFM-3,0.8149286611370575,0.3194120204044738,44.0,49.0
solar/10t/long,TimesFM-3,0.8113686611184681,0.3099776519371323,54.0,50.0
solar/d/short,TimesFM-3,0.9756301679266124,0.2719682949933202,57.0,27.0
solar/h/short,TimesFM-3,0.8655165620201437,0.320115732073446,65.0,56.0
solar/h/medium,TimesFM-3,0.8657092560630664,0.3244878808388486,64.0,57.0
solar/h/long,TimesFM-3,0.912186199471791,0.3222015006979349,55.0,54.0
solar/w/short,TimesFM-3,1.1114785425913638,0.1494861445606484,59.0,53.0
temperature_rain/d/short,TimesFM-3,1.3355575716936554,0.5467092586702655,48.0,41.0
us_births/d/short,TimesFM-3,0.3136780931082867,0.0162412730630969,17.0,25.0
us_births/m/short,TimesFM-3,0.5555901329098588,0.0113238977969779,18.0,14.0
us_births/w/short,TimesFM-3,0.995401940900318,0.0116438310268793,48.0,42.0
loop_seattle/5t/short,TinyCast,0.5934177626553161,0.051394834595468,90.0,86.0
loop_seattle/5t/medium,TinyCast,0.9436984543863004,0.0872597906478829,88.0,88.0
loop_seattle/5t/long,TinyCast,1.0107825740241352,0.0956331597413876,93.0,94.0
loop_seattle/d/short,TinyCast,0.883553479359932,0.0426983473257863,64.0,56.0
loop_seattle/h/short,TinyCast,0.8845625595564358,0.0606860192659637,82.0,66.0
loop_seattle/h/medium,TinyCast,1.0019077460097932,0.0696201125073456,94.0,84.0
loop_seattle/h/long,TinyCast,0.973846748019408,0.0684396754685332,91.0,87.0
m_dense/d/short,TinyCast,0.7748143251363052,0.07786557125473,98.0,99.0
m_dense/h/short,TinyCast,0.8921151875559064,0.1437088438495966,100.0,87.0
m_dense/h/medium,TinyCast,0.8434814150427642,0.1376271248660661,100.0,96.0
m_dense/h/long,TinyCast,0.8902011815198739,0.1456864229304492,102.0,97.0
sz_taxi/15t/short,TinyCast,0.56131924208872,0.206862466845479,100.0,87.0
sz_taxi/15t/medium,TinyCast,0.5599120350379014,0.2214747989399612,100.0,94.0
sz_taxi/15t/long,TinyCast,0.537775482581525,0.2256101345750343,100.0,93.0
sz_taxi/h/short,TinyCast,0.5823192162139363,0.1398038410404245,105.0,86.0
bitbrains_fast_storage/5t/short,TinyCast,0.8707491108197133,0.4382953022346899,102.0,84.0
bitbrains_fast_storage/5t/medium,TinyCast,1.0739030132087344,0.7348087900238709,89.0,89.0
bitbrains_fast_storage/5t/long,TinyCast,0.9810565674831482,0.7107125865949239,90.0,59.0
bitbrains_fast_storage/h/short,TinyCast,1.035867798928794,0.7268432335817985,51.0,94.0
bitbrains_rnd/5t/short,TinyCast,1.727615235380808,0.4328036309064437,79.0,75.0
bitbrains_rnd/5t/medium,TinyCast,4.488258259100947,0.5911119097203699,85.0,16.0
bitbrains_rnd/5t/long,TinyCast,3.450989893916647,0.7324299246088727,88.0,91.0
bitbrains_rnd/h/short,TinyCast,5.873774881374325,0.6768112378253903,79.0,88.0
bizitobs_application/10s/short,TinyCast,1.4365212207493263,0.0155737633272257,80.0,81.0
bizitobs_application/10s/medium,TinyCast,2.6158345668367957,0.0386836579040426,82.0,63.0
bizitobs_application/10s/long,TinyCast,3.2712700300710433,0.054365350092868,65.0,68.0
bizitobs_l2c/5t/short,TinyCast,0.2856036998160157,0.0764864945634414,91.0,76.0
bizitobs_l2c/5t/medium,TinyCast,0.4874476313438473,0.1988397417409767,29.0,23.0
bizitobs_l2c/5t/long,TinyCast,0.481824424146925,0.2079641779499675,19.0,15.0
bizitobs_l2c/h/short,TinyCast,0.5344963489050996,0.2217167414434268,91.0,82.0
bizitobs_l2c/h/medium,TinyCast,0.6149229551869348,0.2878650955748265,93.0,85.0
bizitobs_l2c/h/long,TinyCast,0.7065034860463142,0.3487624586820504,95.0,94.0
bizitobs_service/10s/short,TinyCast,0.9619385844153198,0.0150784022386919,86.0,81.0
bizitobs_service/10s/medium,TinyCast,1.2868080102589707,0.0293716567984395,86.0,70.0
bizitobs_service/10s/long,TinyCast,1.5712950980940312,0.0563474324072702,88.0,88.0
car_parts/m/short,TinyCast,1.0046851599906683,1.1563300613220318,107.0,101.0
covid_deaths/d/short,TinyCast,42.86037270685185,0.0693030050497481,100.0,103.0
electricity/15t/short,TinyCast,1.1455489449171512,0.099676196806927,95.0,94.0
electricity/15t/medium,TinyCast,0.9553742544827218,0.0853242016494783,94.0,84.0
electricity/15t/long,TinyCast,1.000006989376126,0.0851238115030191,95.0,87.0
electricity/d/short,TinyCast,1.520750366833196,0.0608971432849705,97.0,90.0
electricity/h/short,TinyCast,1.043462250935835,0.0746954537045167,96.0,89.0
electricity/h/medium,TinyCast,1.1544809599512351,0.0877556566968499,94.0,99.0
electricity/h/long,TinyCast,1.311547092732918,0.105333411838624,97.0,101.0
electricity/w/short,TinyCast,1.7224971059223015,0.0669461356880228,93.0,98.0
ett1/15t/short,TinyCast,0.7562283281562213,0.1769371072124799,99.0,88.0
ett1/15t/medium,TinyCast,1.0455030489866155,0.2555580983731971,84.0,81.0
ett1/15t/long,TinyCast,1.074562293727344,0.2630368389914108,87.0,88.0
ett1/d/short,TinyCast,1.6996648224499773,0.2856896872972474,72.0,82.0
ett1/h/short,TinyCast,0.8571495009030993,0.1845407788238103,96.0,75.0
ett1/h/medium,TinyCast,1.3686390900698877,0.2649987740829512,99.0,67.0
ett1/h/long,TinyCast,1.41610917545092,0.2971214367818642,85.0,85.0
ett1/w/short,TinyCast,1.6248616254535604,0.33461569724082,90.0,117.0
ett2/15t/short,TinyCast,0.7977637055045982,0.0698701645312496,92.0,87.0
ett2/15t/medium,TinyCast,0.9498484354639674,0.1023491555575151,96.0,92.0
ett2/15t/long,TinyCast,0.9552525869265864,0.1026905659342909,90.0,89.0
ett2/d/short,TinyCast,1.391076627845421,0.0990831064349736,92.0,87.0
ett2/h/short,TinyCast,0.7491574015472658,0.0647486431354766,83.0,64.0
ett2/h/medium,TinyCast,1.0705651377694565,0.1080773277230532,87.0,70.0
ett2/h/long,TinyCast,1.0091326427196337,0.1061356610020145,35.0,57.0
ett2/w/short,TinyCast,1.036383892254434,0.1245041109805653,100.0,109.0
hierarchical_sales/d/short,TinyCast,0.7575841824952811,0.5878786597175552,102.0,91.0
hierarchical_sales/w/short,TinyCast,0.7521108764594379,0.3608773737615707,97.0,91.0
hospital/m/short,TinyCast,0.7787874084304148,0.0537017929976725,79.0,72.0
jena_weather/10t/short,TinyCast,0.2830066840085954,0.0279747353966199,60.0,51.0
jena_weather/10t/medium,TinyCast,0.599973524454999,0.0521598156506765,50.0,78.0
jena_weather/10t/long,TinyCast,0.6377870157231208,0.0500167192521048,47.0,61.0
jena_weather/d/short,TinyCast,1.2438429713883608,0.0536218566789264,98.0,97.0
jena_weather/h/short,TinyCast,0.5583927058292222,0.0423520057324419,93.0,58.0
jena_weather/h/medium,TinyCast,0.82201669463664,0.0592160267903158,80.0,88.0
jena_weather/h/long,TinyCast,1.2372013048116568,0.0640397970858016,112.0,80.0
kdd_cup_2018/d/short,TinyCast,1.1915066063457622,0.3749947517503736,43.0,48.0
kdd_cup_2018/h/short,TinyCast,1.0194315529770632,0.3995833092562999,106.0,89.0
kdd_cup_2018/h/medium,TinyCast,1.0797880779211075,0.4489866999997139,97.0,91.0
kdd_cup_2018/h/long,TinyCast,1.042253138917662,0.4937515620723734,88.0,98.0
m4_daily/d/short,TinyCast,3.4841999666237293,0.0232379077212197,98.0,85.0
m4_hourly/h/short,TinyCast,1.0222185676333535,0.0285353656889843,92.0,89.0
m4_monthly/m/short,TinyCast,1.03344105749455,0.102114100973216,99.0,93.0
m4_quarterly/q/short,TinyCast,1.376682755781824,0.0845382975846209,107.0,101.0
m4_weekly/w/short,TinyCast,2.375093592561412,0.0458142238385597,88.0,93.0
m4_yearly/a/short,TinyCast,3.703042215816235,0.1222708297305677,103.0,84.0
restaurant/d/short,TinyCast,0.7140542511073307,0.2689868914640141,98.0,84.0
saugeen/d/short,TinyCast,2.729262467797945,0.3271649112457165,26.0,16.0
saugeen/m/short,TinyCast,0.7607681767579312,0.297324345902183,96.0,61.0
saugeen/w/short,TinyCast,1.3084226666206766,0.3949430891812509,91.0,84.0
solar/10t/short,TinyCast,1.2092061910074965,0.6564243312663933,109.0,102.0
solar/10t/medium,TinyCast,0.8818089939306053,0.3800340063104551,76.0,86.0
solar/10t/long,TinyCast,0.8426367678835721,0.3529991005749877,67.0,79.0
solar/d/short,TinyCast,0.9544751702039224,0.283389414695867,8.0,74.0
solar/h/short,TinyCast,0.8602663353314536,0.3184018809689805,63.0,53.0
solar/h/medium,TinyCast,0.8432656365847866,0.3328896020555364,50.0,68.0
solar/h/long,TinyCast,1.0149629411795078,0.3757865690054426,93.0,92.0
solar/w/short,TinyCast,1.145065110150808,0.1759532259048021,68.0,87.0
temperature_rain/d/short,TinyCast,1.4557875160071272,0.5897024269021723,107.0,95.0
us_births/d/short,TinyCast,0.4671966812688147,0.024416986371726,91.0,90.0
us_births/m/short,TinyCast,0.9120966855713007,0.0218445731749202,110.0,111.0
us_births/w/short,TinyCast,1.4293763597578706,0.0159373982387372,107.0,96.0
jena_weather/h/short,Toto-2.0-1B,0.5182439077885501,0.0408952618966273,32.0,32.0
jena_weather/h/medium,Toto-2.0-1B,0.7969558275682016,0.0512761899854982,64.0,50.0
jena_weather/h/long,Toto-2.0-1B,1.0881506055199677,0.0601410994921553,96.0,67.0
ett2/h/short,Toto-2.0-1B,0.7356687659014668,0.0653479935448712,59.0,74.0
ett2/h/medium,Toto-2.0-1B,1.0500322618418174,0.1069050545604027,77.0,67.0
ett2/h/long,Toto-2.0-1B,1.0451157094098331,0.1051696679472287,60.0,52.0
bizitobs_l2c/h/short,Toto-2.0-1B,0.4353136492600938,0.1872763691441685,46.0,48.0
bizitobs_l2c/h/medium,Toto-2.0-1B,0.4919650808346884,0.2328601466956501,48.0,40.0
bizitobs_l2c/h/long,Toto-2.0-1B,0.5528926367097499,0.2543477767960365,32.0,30.0
ett2/w/short,Toto-2.0-1B,0.8534346349814845,0.0842532242282684,68.0,30.0
m4_hourly/h/short,Toto-2.0-1B,0.667982090826359,0.0226684608769538,20.0,55.0
temperature_rain/d/short,Toto-2.0-1B,1.365620877922145,0.5604847367286233,74.0,71.0
m4_monthly/m/short,Toto-2.0-1B,0.9186233269162772,0.0918213395651234,42.0,39.0
m4_quarterly/q/short,Toto-2.0-1B,1.1459004406086652,0.072930995635444,38.0,27.0
electricity/d/short,Toto-2.0-1B,1.4260491796304229,0.0567577701350911,65.0,68.0
m_dense/h/short,Toto-2.0-1B,0.7590770039944468,0.1284127016659831,31.0,53.0
m_dense/h/medium,Toto-2.0-1B,0.693552224331257,0.1170540483129434,48.0,56.0
m_dense/h/long,Toto-2.0-1B,0.7082404357812758,0.1219941962809515,61.0,72.0
bitbrains_rnd/h/short,Toto-2.0-1B,5.767126250846475,0.608427983015055,17.0,32.0
loop_seattle/d/short,Toto-2.0-1B,0.8794103995553774,0.0427254775444802,52.0,57.0
loop_seattle/5t/short,Toto-2.0-1B,0.5440003826780789,0.0462882867310793,39.0,35.0
loop_seattle/5t/medium,Toto-2.0-1B,0.7584277820089557,0.0669204257091695,44.0,42.0
loop_seattle/5t/long,Toto-2.0-1B,0.8413239780698241,0.0737083383770437,52.0,46.0
ett1/d/short,Toto-2.0-1B,1.680443504461941,0.2797359745909532,61.0,63.0
electricity/15t/short,Toto-2.0-1B,0.9871715116427308,0.0846713739182577,56.0,57.0
electricity/15t/medium,Toto-2.0-1B,0.8198672872804171,0.072506797799113,43.0,38.0
electricity/15t/long,Toto-2.0-1B,0.8702984423475797,0.072834992650364,41.0,38.0
hierarchical_sales/d/short,Toto-2.0-1B,0.746253913516997,0.5799345395789146,58.0,72.0
restaurant/d/short,Toto-2.0-1B,0.6932931980998346,0.2599606208374833,70.0,62.0
m_dense/d/short,Toto-2.0-1B,0.6586969552535793,0.0640133965931885,43.0,48.0
covid_deaths/d/short,Toto-2.0-1B,33.876689308808615,0.0242196843657977,54.0,2.0
electricity/w/short,Toto-2.0-1B,1.5927957305677556,0.0556256085982148,74.0,70.0
solar/w/short,Toto-2.0-1B,1.1340286990427764,0.1535537388248747,66.0,61.0
ett2/15t/short,Toto-2.0-1B,0.6981385688115865,0.060123470708076,6.0,7.0
ett2/15t/medium,Toto-2.0-1B,0.8720830614334181,0.0900719921646221,55.0,60.0
ett2/15t/long,Toto-2.0-1B,0.8620021861326665,0.090342911465958,17.0,31.0
bizitobs_application/10s/short,Toto-2.0-1B,1.080398809974899,0.0109520909542153,46.0,54.0
bizitobs_application/10s/medium,Toto-2.0-1B,2.4711177250591594,0.0401547451377587,65.0,69.0
bizitobs_application/10s/long,Toto-2.0-1B,3.325023773379074,0.0556833814071086,77.0,83.0
bizitobs_l2c/5t/short,Toto-2.0-1B,0.2072380528000432,0.0550294084834349,12.0,13.0
bizitobs_l2c/5t/medium,Toto-2.0-1B,0.607005186236127,0.2527155648797614,62.0,63.0
bizitobs_l2c/5t/long,Toto-2.0-1B,0.8415244469881145,0.3535647138039774,75.0,75.0
m4_daily/d/short,Toto-2.0-1B,3.1927295967894413,0.0210484779720824,27.0,26.0
ett1/h/short,Toto-2.0-1B,0.7979868441756253,0.1746068987222379,28.0,36.0
ett1/h/medium,Toto-2.0-1B,1.2639320774963645,0.2584772733200698,50.0,59.0
ett1/h/long,Toto-2.0-1B,1.351232002353759,0.2662750815853876,38.0,40.0
hospital/m/short,Toto-2.0-1B,0.7542651377776772,0.0499271165274373,40.0,33.0
solar/d/short,Toto-2.0-1B,0.9600047203135148,0.2753086123863245,18.0,49.0
ett1/15t/short,Toto-2.0-1B,0.6684593540360533,0.1570783313100977,25.0,42.0
ett1/15t/medium,Toto-2.0-1B,0.9859564652564804,0.2310250521697123,38.0,41.0
ett1/15t/long,Toto-2.0-1B,0.9980847988349404,0.2311267579853047,42.0,39.0
m4_yearly/a/short,Toto-2.0-1B,3.3936865543370147,0.1190640752794981,77.0,73.0
saugeen/m/short,Toto-2.0-1B,0.7164107734945644,0.2818985590308107,29.0,14.0
us_births/w/short,Toto-2.0-1B,0.9279417685542184,0.0107916849904275,33.0,28.0
sz_taxi/15t/short,Toto-2.0-1B,0.5404508882389476,0.1990830268495266,20.0,23.0
sz_taxi/15t/medium,Toto-2.0-1B,0.5370346035165235,0.2030040461303402,54.0,57.0
sz_taxi/15t/long,Toto-2.0-1B,0.5083452739361815,0.2004453455120584,48.0,57.0
jena_weather/10t/short,Toto-2.0-1B,0.2440805392134626,0.0253897900946607,4.0,6.0
jena_weather/10t/medium,Toto-2.0-1B,0.5733809624157897,0.0460626106862765,25.0,20.0
jena_weather/10t/long,Toto-2.0-1B,0.6275115930632891,0.0471308314878734,33.0,19.0
bizitobs_service/10s/short,Toto-2.0-1B,0.6880256495511979,0.0100842429256937,20.0,22.0
bizitobs_service/10s/medium,Toto-2.0-1B,1.0299242239079782,0.0248876596358032,46.0,55.0
bizitobs_service/10s/long,Toto-2.0-1B,1.2876503848862009,0.0526419941023168,21.0,60.0
us_births/m/short,Toto-2.0-1B,0.7220763511015144,0.0145453557363732,79.0,69.0
car_parts/m/short,Toto-2.0-1B,0.8868604986926715,1.2624343152648223,84.0,113.0
saugeen/w/short,Toto-2.0-1B,1.228012147710602,0.3590420089427568,72.0,55.0
solar/h/short,Toto-2.0-1B,0.9290612437692118,0.3311645262471407,100.0,68.0
solar/h/medium,Toto-2.0-1B,0.8404311678817554,0.3033472959854387,47.0,43.0
solar/h/long,Toto-2.0-1B,0.8666913853117778,0.2976210456427866,42.0,39.0
kdd_cup_2018/d/short,Toto-2.0-1B,1.1953122320461578,0.3782973515154966,63.0,67.0
loop_seattle/h/short,Toto-2.0-1B,0.8120053480202895,0.0565262394384561,43.0,35.0
loop_seattle/h/medium,Toto-2.0-1B,0.881986995316432,0.0601841170033704,35.0,33.0
loop_seattle/h/long,Toto-2.0-1B,0.8534931694828295,0.0578514484504621,36.0,32.0
m4_weekly/w/short,Toto-2.0-1B,1.8955190239457336,0.036781587188254,28.0,46.0
ett2/d/short,Toto-2.0-1B,1.25494907113244,0.0883246203900289,11.0,9.0
bitbrains_fast_storage/5t/short,Toto-2.0-1B,0.629073368580902,0.3375108910281309,16.0,1.0
bitbrains_fast_storage/5t/medium,Toto-2.0-1B,0.9034708424733228,0.53730419313275,2.0,1.0
bitbrains_fast_storage/5t/long,Toto-2.0-1B,0.80827297390496,0.556145627412466,2.0,1.0
saugeen/d/short,Toto-2.0-1B,3.009266704790088,0.3532448708770396,85.0,62.0
jena_weather/d/short,Toto-2.0-1B,1.1442198442373248,0.0474119992064538,84.0,63.0
bitbrains_rnd/5t/short,Toto-2.0-1B,1.5686267300882932,0.3701117179905202,6.0,9.0
bitbrains_rnd/5t/medium,Toto-2.0-1B,4.310644582602993,0.6142973159930336,4.0,42.0
bitbrains_rnd/5t/long,Toto-2.0-1B,3.2733835127761943,0.5581417720084911,29.0,6.0
sz_taxi/h/short,Toto-2.0-1B,0.5601017816913519,0.1347909487407407,31.0,29.0
electricity/h/short,Toto-2.0-1B,1.010190707323672,0.0733773718962764,85.0,86.0
electricity/h/medium,Toto-2.0-1B,1.0622151702512592,0.0770772648835683,48.0,64.0
electricity/h/long,Toto-2.0-1B,1.2098019014692274,0.0899559510062695,68.0,67.0
us_births/d/short,Toto-2.0-1B,0.3503888768295344,0.0182776353680944,53.0,52.0
kdd_cup_2018/h/short,Toto-2.0-1B,0.9390289042443608,0.3790238683535817,60.0,60.0
kdd_cup_2018/h/medium,Toto-2.0-1B,1.0592909511451496,0.4320859742982336,81.0,72.0
kdd_cup_2018/h/long,Toto-2.0-1B,1.0326007125301735,0.4509277636286236,75.0,66.0
solar/10t/short,Toto-2.0-1B,0.8732042857711817,0.4310854055164621,48.0,40.0
solar/10t/medium,Toto-2.0-1B,0.8306577673585377,0.3142190893262426,52.0,43.0
solar/10t/long,Toto-2.0-1B,0.7562358806669027,0.2886306686991904,8.0,15.0
hierarchical_sales/w/short,Toto-2.0-1B,0.7244957258398553,0.3461279520238503,63.0,51.0
ett1/w/short,Toto-2.0-1B,1.5924415347067904,0.2624895374717895,71.0,50.0
bitbrains_fast_storage/h/short,Toto-2.0-1B,0.9189419076329886,0.5571615103632276,5.0,13.0
kdd_cup_2018/d/short,Toto-2.0-2.5B-FT,1.1782264186595377,0.3738658573363464,20.0,35.0
ett1/h/short,Toto-2.0-2.5B-FT,0.7984315249405362,0.1735190377115633,29.0,32.0
ett1/h/medium,Toto-2.0-2.5B-FT,1.243013239977219,0.2509237204430708,26.0,26.0
ett1/h/long,Toto-2.0-2.5B-FT,1.302843907925784,0.2571894104591798,5.0,11.0
loop_seattle/5t/short,Toto-2.0-2.5B-FT,0.5399222043798283,0.0458212289111816,28.0,22.0
loop_seattle/5t/medium,Toto-2.0-2.5B-FT,0.7150608221146657,0.0631646499777512,13.0,15.0
loop_seattle/5t/long,Toto-2.0-2.5B-FT,0.783985444541253,0.0694689711180656,20.0,22.0
saugeen/m/short,Toto-2.0-2.5B-FT,0.7181937956658772,0.2829426667257998,30.0,18.0
ett1/d/short,Toto-2.0-2.5B-FT,1.645449360010375,0.2788192429020417,32.0,60.0
us_births/w/short,Toto-2.0-2.5B-FT,0.8464252646177621,0.0099474287134157,7.0,6.0
jena_weather/h/short,Toto-2.0-2.5B-FT,0.5154874775233231,0.0410163177532197,25.0,37.0
jena_weather/h/medium,Toto-2.0-2.5B-FT,0.8154537067122024,0.0489074158199053,74.0,25.0
jena_weather/h/long,Toto-2.0-2.5B-FT,0.9484724575531732,0.0561712228813522,43.0,45.0
saugeen/d/short,Toto-2.0-2.5B-FT,2.980659259983651,0.3450451914471608,73.0,51.0
m_dense/d/short,Toto-2.0-2.5B-FT,0.6269983754066664,0.0584781584124087,22.0,17.0
bitbrains_fast_storage/5t/short,Toto-2.0-2.5B-FT,0.6192258283034737,0.3649222756632375,8.0,25.0
bitbrains_fast_storage/5t/medium,Toto-2.0-2.5B-FT,0.9017038930565672,0.5678029365193025,1.0,7.0
bitbrains_fast_storage/5t/long,Toto-2.0-2.5B-FT,0.799859470129619,0.5752550886373005,1.0,3.0
saugeen/w/short,Toto-2.0-2.5B-FT,1.1839760132268795,0.343948144937409,44.0,17.0
ett1/15t/short,Toto-2.0-2.5B-FT,0.6808309701277548,0.1570049786791548,52.0,41.0
ett1/15t/medium,Toto-2.0-2.5B-FT,0.9891179140896532,0.2285398171224958,47.0,29.0
ett1/15t/long,Toto-2.0-2.5B-FT,0.9748947400770652,0.2224813017698347,21.0,15.0
bitbrains_rnd/5t/short,Toto-2.0-2.5B-FT,1.561324271249498,0.3688295912825998,3.0,5.0
bitbrains_rnd/5t/medium,Toto-2.0-2.5B-FT,4.325324052285722,0.6324252900496072,17.0,60.0
bitbrains_rnd/5t/long,Toto-2.0-2.5B-FT,3.2331954632658784,0.5879629714363721,1.0,20.0
kdd_cup_2018/h/short,Toto-2.0-2.5B-FT,0.9191327918034954,0.3694010719985476,34.0,39.0
kdd_cup_2018/h/medium,Toto-2.0-2.5B-FT,1.0530913117879934,0.4245455054599569,77.0,57.0
kdd_cup_2018/h/long,Toto-2.0-2.5B-FT,1.042395393821711,0.4536184538503154,89.0,71.0
ett2/15t/short,Toto-2.0-2.5B-FT,0.7059431474884206,0.0619139796005199,11.0,22.0
ett2/15t/medium,Toto-2.0-2.5B-FT,0.8538577641896767,0.0876548103870206,38.0,38.0
ett2/15t/long,Toto-2.0-2.5B-FT,0.8689771429491102,0.0916567125943586,28.0,50.0
jena_weather/d/short,Toto-2.0-2.5B-FT,1.1042931922034047,0.0462848186317908,71.0,53.0
m4_weekly/w/short,Toto-2.0-2.5B-FT,1.8929008262225289,0.0362175928754682,27.0,30.0
hospital/m/short,Toto-2.0-2.5B-FT,0.7489170432538309,0.0491341228749727,28.0,23.0
jena_weather/10t/short,Toto-2.0-2.5B-FT,0.2517217071789409,0.0260541592629926,10.0,10.0
jena_weather/10t/medium,Toto-2.0-2.5B-FT,0.552882077503734,0.0460952215386303,4.0,22.0
jena_weather/10t/long,Toto-2.0-2.5B-FT,0.5961780994093092,0.0473507902909768,5.0,25.0
ett1/w/short,Toto-2.0-2.5B-FT,1.5551842884307396,0.2612621967767135,50.0,47.0
car_parts/m/short,Toto-2.0-2.5B-FT,0.8666058505738335,1.004181205484413,69.0,65.0
solar/w/short,Toto-2.0-2.5B-FT,1.1786176992634252,0.1580725660297184,75.0,64.0
restaurant/d/short,Toto-2.0-2.5B-FT,0.6902264625928599,0.2585083565790927,63.0,58.0
solar/h/short,Toto-2.0-2.5B-FT,0.8351329865900493,0.3033701107394772,48.0,46.0
solar/h/medium,Toto-2.0-2.5B-FT,0.8359293400486933,0.300772113147735,44.0,38.0
solar/h/long,Toto-2.0-2.5B-FT,0.8804353684862651,0.3008959041404303,47.0,44.0
m4_quarterly/q/short,Toto-2.0-2.5B-FT,1.1320396949798384,0.0724743223559106,16.0,21.0
loop_seattle/h/short,Toto-2.0-2.5B-FT,0.8114413626768665,0.056935951854768,42.0,40.0
loop_seattle/h/medium,Toto-2.0-2.5B-FT,0.8596607382987862,0.0592856915807338,30.0,31.0
loop_seattle/h/long,Toto-2.0-2.5B-FT,0.8495303832523533,0.0573653392572168,34.0,28.0
electricity/15t/short,Toto-2.0-2.5B-FT,0.8449417794552262,0.0727412190872823,2.0,3.0
electricity/15t/medium,Toto-2.0-2.5B-FT,0.7849427094785855,0.0696501144738516,2.0,3.0
electricity/15t/long,Toto-2.0-2.5B-FT,0.8336386075592794,0.0697119906601101,2.0,2.0
bizitobs_application/10s/short,Toto-2.0-2.5B-FT,1.0913949426450087,0.0102018443425329,51.0,46.0
bizitobs_application/10s/medium,Toto-2.0-2.5B-FT,2.4844159113348883,0.0386651513241207,69.0,62.0
bizitobs_application/10s/long,Toto-2.0-2.5B-FT,3.308013352018189,0.0552055633428169,72.0,78.0
bizitobs_service/10s/short,Toto-2.0-2.5B-FT,0.6936347161233266,0.0100270804044245,25.0,18.0
bizitobs_service/10s/medium,Toto-2.0-2.5B-FT,1.0220352665152677,0.0242792838938705,43.0,53.0
bizitobs_service/10s/long,Toto-2.0-2.5B-FT,1.2968970688318977,0.0523955792446957,28.0,51.0
ett2/d/short,Toto-2.0-2.5B-FT,1.3189868250096357,0.0943652492204951,66.0,71.0
bizitobs_l2c/5t/short,Toto-2.0-2.5B-FT,0.1853709727046059,0.0500622326168392,2.0,2.0
bizitobs_l2c/5t/medium,Toto-2.0-2.5B-FT,0.477896018986623,0.207178246839475,25.0,29.0
bizitobs_l2c/5t/long,Toto-2.0-2.5B-FT,0.5473124412289673,0.2502607099750021,40.0,40.0
us_births/d/short,Toto-2.0-2.5B-FT,0.3342801183618296,0.0168918703526076,44.0,40.0
covid_deaths/d/short,Toto-2.0-2.5B-FT,29.550956836383463,0.023835429569128,10.0,1.0
electricity/d/short,Toto-2.0-2.5B-FT,1.3768180857457992,0.0535222838107409,36.0,24.0
sz_taxi/15t/short,Toto-2.0-2.5B-FT,0.5388605524634607,0.1984049509031179,5.0,8.0
sz_taxi/15t/medium,Toto-2.0-2.5B-FT,0.533778662888118,0.2010515389564033,29.0,26.0
sz_taxi/15t/long,Toto-2.0-2.5B-FT,0.5039681413072641,0.1972547715491371,14.0,28.0
electricity/w/short,Toto-2.0-2.5B-FT,1.6026065840585948,0.0535576742072655,78.0,64.0
solar/d/short,Toto-2.0-2.5B-FT,0.9638895055517192,0.2724123663636229,31.0,31.0
loop_seattle/d/short,Toto-2.0-2.5B-FT,0.8754739264440639,0.0425580949763684,45.0,54.0
m4_hourly/h/short,Toto-2.0-2.5B-FT,0.659375635253574,0.0202330470862109,17.0,34.0
sz_taxi/h/short,Toto-2.0-2.5B-FT,0.5579354627940797,0.1342085307993874,18.0,18.0
bitbrains_rnd/h/short,Toto-2.0-2.5B-FT,5.751673596025948,0.576446141047395,13.0,8.0
bizitobs_l2c/h/short,Toto-2.0-2.5B-FT,0.41608553561316,0.1765265954012097,15.0,14.0
bizitobs_l2c/h/medium,Toto-2.0-2.5B-FT,0.482862153860491,0.2267862411929054,25.0,19.0
bizitobs_l2c/h/long,Toto-2.0-2.5B-FT,0.5542891037884612,0.2541625045820286,34.0,29.0
hierarchical_sales/d/short,Toto-2.0-2.5B-FT,0.7451702711188765,0.5765176604641831,51.0,53.0
temperature_rain/d/short,Toto-2.0-2.5B-FT,1.349417873284342,0.5514628786134058,61.0,52.0
m4_monthly/m/short,Toto-2.0-2.5B-FT,0.9130796214006276,0.0921514250348867,35.0,45.0
m4_yearly/a/short,Toto-2.0-2.5B-FT,3.3195062271435836,0.1152769762128529,61.0,51.0
m4_daily/d/short,Toto-2.0-2.5B-FT,3.1577451450907303,0.0205595693880917,13.0,7.0
ett2/h/short,Toto-2.0-2.5B-FT,0.7313623458118397,0.0644759067257092,48.0,57.0
ett2/h/medium,Toto-2.0-2.5B-FT,1.0330583229189658,0.1038704101556067,58.0,46.0
ett2/h/long,Toto-2.0-2.5B-FT,0.986978894230328,0.0982492349756712,11.0,9.0
m_dense/h/short,Toto-2.0-2.5B-FT,0.758604280727192,0.1249511579645315,30.0,28.0
m_dense/h/medium,Toto-2.0-2.5B-FT,0.6760397187055776,0.1118554286252723,26.0,22.0
m_dense/h/long,Toto-2.0-2.5B-FT,0.6853429144089324,0.1128557846647528,44.0,35.0
us_births/m/short,Toto-2.0-2.5B-FT,0.6438657968274869,0.012782130769704,49.0,39.0
bitbrains_fast_storage/h/short,Toto-2.0-2.5B-FT,0.8883252813493875,0.5595597847624689,1.0,14.0
solar/10t/short,Toto-2.0-2.5B-FT,0.7463632866608401,0.3643886003168081,14.0,12.0
solar/10t/medium,Toto-2.0-2.5B-FT,0.8126541533705363,0.2955253374992714,41.0,23.0
solar/10t/long,Toto-2.0-2.5B-FT,0.8061430784850143,0.2972164570307882,46.0,33.0
ett2/w/short,Toto-2.0-2.5B-FT,0.8129548774232551,0.0865459295710606,55.0,44.0
electricity/h/short,Toto-2.0-2.5B-FT,0.8595000350610429,0.0630688264302485,7.0,20.0
electricity/h/medium,Toto-2.0-2.5B-FT,1.042979166456654,0.0738446134109439,33.0,41.0
electricity/h/long,Toto-2.0-2.5B-FT,1.1753195016184264,0.0840671070919544,46.0,37.0
hierarchical_sales/w/short,Toto-2.0-2.5B-FT,0.7223681543288307,0.3466549215330455,54.0,55.0
m4_hourly/h/short,Toto-2.0-2.5B,0.653070261302175,0.0208241447861512,14.0,42.0
electricity/d/short,Toto-2.0-2.5B,1.4189882502030369,0.0565104577000195,62.0,63.0
loop_seattle/5t/short,Toto-2.0-2.5B,0.5443523582169892,0.0462397797577153,41.0,32.0
loop_seattle/5t/medium,Toto-2.0-2.5B,0.7618842801042643,0.0672035599215057,48.0,45.0
loop_seattle/5t/long,Toto-2.0-2.5B,0.8386407165211615,0.0738611727642846,50.0,47.0
m4_weekly/w/short,Toto-2.0-2.5B,1.857561199237072,0.0360997495739414,11.0,29.0
electricity/15t/short,Toto-2.0-2.5B,0.9771460732406396,0.082879184707957,54.0,50.0
electricity/15t/medium,Toto-2.0-2.5B,0.8118892146313188,0.0717749463269947,36.0,31.0
electricity/15t/long,Toto-2.0-2.5B,0.8616185699052232,0.0722926141965813,34.0,35.0
hierarchical_sales/w/short,Toto-2.0-2.5B,0.7226156852637952,0.34638491407432,55.0,54.0
m4_quarterly/q/short,Toto-2.0-2.5B,1.151973968702029,0.0732594593455148,40.0,34.0
solar/h/short,Toto-2.0-2.5B,0.876534379014212,0.3109797488762764,76.0,50.0
solar/h/medium,Toto-2.0-2.5B,0.8396572340952388,0.2991194263491829,45.0,37.0
solar/h/long,Toto-2.0-2.5B,0.8649038079719049,0.2957198170530601,40.0,38.0
temperature_rain/d/short,Toto-2.0-2.5B,1.3659797506140177,0.5600163102165229,75.0,70.0
sz_taxi/15t/short,Toto-2.0-2.5B,0.5413917961250575,0.1993854713834487,27.0,28.0
sz_taxi/15t/medium,Toto-2.0-2.5B,0.5364161126085472,0.203285537546382,50.0,60.0
sz_taxi/15t/long,Toto-2.0-2.5B,0.5116532908980931,0.2007932822410723,64.0,60.0
car_parts/m/short,Toto-2.0-2.5B,0.8989433264059389,1.179715259448354,89.0,105.0
ett2/h/short,Toto-2.0-2.5B,0.7378329195213809,0.065311696498897,66.0,73.0
ett2/h/medium,Toto-2.0-2.5B,1.0738326784922636,0.1099899707896368,89.0,83.0
ett2/h/long,Toto-2.0-2.5B,1.0546453809749623,0.1067729868666074,66.0,59.0
bizitobs_service/10s/short,Toto-2.0-2.5B,0.6915892635216615,0.0098522485974104,23.0,10.0
bizitobs_service/10s/medium,Toto-2.0-2.5B,1.0186857744027622,0.0238952925749009,41.0,49.0
bizitobs_service/10s/long,Toto-2.0-2.5B,1.3051753331303195,0.0530419139206053,37.0,66.0
bitbrains_rnd/h/short,Toto-2.0-2.5B,5.720627956260329,0.6228980276049557,6.0,52.0
loop_seattle/d/short,Toto-2.0-2.5B,0.8783492232517153,0.0427811824162314,50.0,60.0
jena_weather/d/short,Toto-2.0-2.5B,1.1409950163147338,0.0514610794670726,83.0,88.0
solar/w/short,Toto-2.0-2.5B,1.1872236388529096,0.1614667172096148,77.0,71.0
loop_seattle/h/short,Toto-2.0-2.5B,0.7962614823588063,0.0555774857255327,34.0,32.0
loop_seattle/h/medium,Toto-2.0-2.5B,0.8463047234187263,0.058125585678021,24.0,23.0
loop_seattle/h/long,Toto-2.0-2.5B,0.8429144210723809,0.0570170424482246,31.0,25.0
ett1/15t/short,Toto-2.0-2.5B,0.6707569545022304,0.1572983232834568,28.0,43.0
ett1/15t/medium,Toto-2.0-2.5B,0.9831117518030298,0.2300133849926804,35.0,38.0
ett1/15t/long,Toto-2.0-2.5B,0.9920788065098624,0.2266889901741672,38.0,28.0
kdd_cup_2018/d/short,Toto-2.0-2.5B,1.188164229425226,0.3775496074406644,41.0,65.0
jena_weather/h/short,Toto-2.0-2.5B,0.513757192967183,0.0408661824092184,19.0,30.0
jena_weather/h/medium,Toto-2.0-2.5B,0.8667727872625801,0.0505358208724343,96.0,43.0
jena_weather/h/long,Toto-2.0-2.5B,1.0884861909817531,0.0607464850897423,99.0,70.0
sz_taxi/h/short,Toto-2.0-2.5B,0.5577355662346308,0.1342716147374199,16.0,21.0
bitbrains_fast_storage/5t/short,Toto-2.0-2.5B,0.6481486723088997,0.3401440851678896,25.0,4.0
bitbrains_fast_storage/5t/medium,Toto-2.0-2.5B,0.9086909641501172,0.5821544111768728,4.0,11.0
bitbrains_fast_storage/5t/long,Toto-2.0-2.5B,0.8091540275700998,0.5908863237122495,3.0,9.0
bizitobs_l2c/5t/short,Toto-2.0-2.5B,0.1887451880972246,0.0510884752307621,3.0,3.0
bizitobs_l2c/5t/medium,Toto-2.0-2.5B,0.594743546985687,0.2429680733887277,60.0,52.0
bizitobs_l2c/5t/long,Toto-2.0-2.5B,0.85540743930812,0.3524183950350225,76.0,74.0
saugeen/w/short,Toto-2.0-2.5B,1.2145866090488189,0.3508367693924382,63.0,43.0
bizitobs_application/10s/short,Toto-2.0-2.5B,1.0779179239042136,0.0100460912161673,45.0,43.0
bizitobs_application/10s/medium,Toto-2.0-2.5B,2.511963126500779,0.0403195994672022,74.0,71.0
bizitobs_application/10s/long,Toto-2.0-2.5B,3.32628037198894,0.055802252969856,78.0,84.0
ett1/d/short,Toto-2.0-2.5B,1.6490067062221545,0.2752945201923878,35.0,43.0
saugeen/d/short,Toto-2.0-2.5B,3.0192071718896316,0.3587867419324329,86.0,69.0
electricity/h/short,Toto-2.0-2.5B,0.9924124135622852,0.071939146970195,79.0,80.0
electricity/h/medium,Toto-2.0-2.5B,1.0624751971412665,0.076166041656281,50.0,61.0
electricity/h/long,Toto-2.0-2.5B,1.2184127062380272,0.0910109799486374,73.0,70.0
m_dense/d/short,Toto-2.0-2.5B,0.6486809042254242,0.0626126392837771,39.0,43.0
restaurant/d/short,Toto-2.0-2.5B,0.6917075490599826,0.2595008385592789,65.0,60.0
solar/10t/short,Toto-2.0-2.5B,0.8573271587525048,0.4229959601218554,42.0,36.0
solar/10t/medium,Toto-2.0-2.5B,0.8347046905250763,0.3163236245902404,56.0,47.0
solar/10t/long,Toto-2.0-2.5B,0.7667637181730349,0.288381766801608,10.0,13.0
solar/d/short,Toto-2.0-2.5B,0.9680197054099472,0.2789845429083685,42.0,65.0
covid_deaths/d/short,Toto-2.0-2.5B,29.813423667934103,0.0254777920662245,14.0,9.0
us_births/w/short,Toto-2.0-2.5B,0.859894815418374,0.0101775882594201,9.0,8.0
bizitobs_l2c/h/short,Toto-2.0-2.5B,0.4060616075861555,0.1741600826461328,8.0,9.0
bizitobs_l2c/h/medium,Toto-2.0-2.5B,0.4900687414283153,0.2350354210069163,44.0,44.0
bizitobs_l2c/h/long,Toto-2.0-2.5B,0.5528996066937644,0.2551217755723394,33.0,31.0
m_dense/h/short,Toto-2.0-2.5B,0.7511584839132188,0.1263362505166914,23.0,38.0
m_dense/h/medium,Toto-2.0-2.5B,0.7092708227645707,0.1190790422850471,67.0,64.0
m_dense/h/long,Toto-2.0-2.5B,0.7275799516647419,0.1238650783798472,71.0,74.0
us_births/d/short,Toto-2.0-2.5B,0.3358324657237967,0.0169459599070664,45.0,41.0
hierarchical_sales/d/short,Toto-2.0-2.5B,0.745980702309484,0.5782212359648098,56.0,58.0
jena_weather/10t/short,Toto-2.0-2.5B,0.2470183966730379,0.0254386447329058,5.0,7.0
jena_weather/10t/medium,Toto-2.0-2.5B,0.5678091620021427,0.0457923314350576,10.0,13.0
jena_weather/10t/long,Toto-2.0-2.5B,0.617589195953794,0.0467572298540438,22.0,15.0
m4_monthly/m/short,Toto-2.0-2.5B,0.9156190007508958,0.0915184415232621,38.0,37.0
m4_daily/d/short,Toto-2.0-2.5B,3.218364628046879,0.0211429824070972,35.0,33.0
ett2/w/short,Toto-2.0-2.5B,0.9198822638533788,0.0878992016536274,79.0,53.0
ett1/w/short,Toto-2.0-2.5B,1.5777701459158844,0.2556937183920824,65.0,34.0
saugeen/m/short,Toto-2.0-2.5B,0.7253104973484865,0.2856896198202845,44.0,24.0
ett2/15t/short,Toto-2.0-2.5B,0.687996270858901,0.0598472040715309,3.0,3.0
ett2/15t/medium,Toto-2.0-2.5B,0.8701373068376207,0.0895622013772717,54.0,54.0
ett2/15t/long,Toto-2.0-2.5B,0.8557243969585138,0.0901162629822935,8.0,28.0
ett1/h/short,Toto-2.0-2.5B,0.810316346629863,0.1772564142309135,42.0,48.0
ett1/h/medium,Toto-2.0-2.5B,1.268370474729165,0.2584595605182452,54.0,58.0
ett1/h/long,Toto-2.0-2.5B,1.3501814141771218,0.2659567145715434,34.0,39.0
bitbrains_rnd/5t/short,Toto-2.0-2.5B,1.5681506751414689,0.3805074447638877,5.0,23.0
bitbrains_rnd/5t/medium,Toto-2.0-2.5B,4.308908226919222,0.618680289875704,3.0,46.0
bitbrains_rnd/5t/long,Toto-2.0-2.5B,3.238976382306854,0.5871996304272845,4.0,18.0
hospital/m/short,Toto-2.0-2.5B,0.7511383016551497,0.0497083238433766,30.0,29.0
bitbrains_fast_storage/h/short,Toto-2.0-2.5B,0.9097745706268144,0.5556855293599203,3.0,12.0
kdd_cup_2018/h/short,Toto-2.0-2.5B,0.9424253735629609,0.3808755307154622,62.0,66.0
kdd_cup_2018/h/medium,Toto-2.0-2.5B,1.0490081892338836,0.429822838706986,63.0,70.0
kdd_cup_2018/h/long,Toto-2.0-2.5B,1.026914317579213,0.4507743496080984,67.0,64.0
ett2/d/short,Toto-2.0-2.5B,1.25952180175738,0.0895273238934533,15.0,12.0
electricity/w/short,Toto-2.0-2.5B,1.5768361716854316,0.0541533580743086,70.0,65.0
us_births/m/short,Toto-2.0-2.5B,0.6446927233656106,0.0129626065885909,50.0,43.0
m4_yearly/a/short,Toto-2.0-2.5B,3.4376520755748943,0.1202406705631701,82.0,76.0
solar/10t/short,Toto-2.0-22m,0.9088693763824768,0.4591803432805006,56.0,53.0
solar/10t/medium,Toto-2.0-22m,0.8691743227312583,0.3351739589722708,70.0,62.0
solar/10t/long,Toto-2.0-22m,0.831222746723566,0.3274742451313964,62.0,65.0
us_births/w/short,Toto-2.0-22m,1.086401978423431,0.0127815420817583,63.0,63.0
temperature_rain/d/short,Toto-2.0-22m,1.371078623807421,0.5639545737159444,79.0,74.0
saugeen/d/short,Toto-2.0-22m,2.9952024476309727,0.352044588469538,78.0,60.0
ett1/d/short,Toto-2.0-22m,1.6540986826243669,0.2762838329831695,37.0,50.0
electricity/h/short,Toto-2.0-22m,1.058169289874193,0.0758428064926508,100.0,92.0
electricity/h/medium,Toto-2.0-22m,1.1119557286653827,0.0821042544306048,88.0,79.0
electricity/h/long,Toto-2.0-22m,1.2512852185481738,0.0953819279669334,86.0,77.0
m4_monthly/m/short,Toto-2.0-22m,0.9170110139547448,0.091293963080442,41.0,35.0
saugeen/w/short,Toto-2.0-22m,1.254683085809532,0.370237386736057,83.0,66.0
ett2/h/short,Toto-2.0-22m,0.7405582268609396,0.0659465304812341,71.0,78.0
ett2/h/medium,Toto-2.0-22m,1.043132478340962,0.1064787731823203,68.0,63.0
ett2/h/long,Toto-2.0-22m,1.043375498703096,0.106501443791348,59.0,58.0
m_dense/d/short,Toto-2.0-22m,0.692371478551531,0.0685233534695243,68.0,68.0
ett2/d/short,Toto-2.0-22m,1.286852423265355,0.0890549741727851,46.0,11.0
hospital/m/short,Toto-2.0-22m,0.7575498955460106,0.050785604296727,44.0,42.0
m4_daily/d/short,Toto-2.0-22m,3.2064739722588533,0.020800616425871,31.0,15.0
hierarchical_sales/w/short,Toto-2.0-22m,0.7292430636908289,0.3467820428002326,69.0,56.0
kdd_cup_2018/h/short,Toto-2.0-22m,0.9458204510240008,0.3789607588536271,65.0,59.0
kdd_cup_2018/h/medium,Toto-2.0-22m,1.0479012393322586,0.4261145057857536,62.0,64.0
kdd_cup_2018/h/long,Toto-2.0-22m,1.018117510834785,0.4495097164532138,55.0,61.0
sz_taxi/h/short,Toto-2.0-22m,0.5642973433431914,0.1362403940165785,66.0,62.0
bitbrains_rnd/h/short,Toto-2.0-22m,5.792036697464646,0.5752650042005683,33.0,6.0
bizitobs_l2c/5t/short,Toto-2.0-22m,0.2502690462744106,0.0675985400721231,35.0,34.0
bizitobs_l2c/5t/medium,Toto-2.0-22m,0.6368023234240865,0.2823004427160414,70.0,73.0
bizitobs_l2c/5t/long,Toto-2.0-22m,1.007701863323888,0.456751750055269,85.0,82.0
solar/h/short,Toto-2.0-22m,0.8682590332047236,0.3197744957013673,67.0,55.0
solar/h/medium,Toto-2.0-22m,0.8709273943629295,0.3181215954850424,66.0,52.0
solar/h/long,Toto-2.0-22m,0.920186848003672,0.3246073977964216,59.0,56.0
solar/d/short,Toto-2.0-22m,0.9733740756299544,0.2770485494447997,55.0,55.0
solar/w/short,Toto-2.0-22m,1.215939721342636,0.1643929919574649,82.0,78.0
hierarchical_sales/d/short,Toto-2.0-22m,0.750070270906643,0.5792306035314424,85.0,67.0
bizitobs_l2c/h/short,Toto-2.0-22m,0.412965954101198,0.1829415006861924,14.0,27.0
bizitobs_l2c/h/medium,Toto-2.0-22m,0.4991346697470426,0.237935427374361,59.0,54.0
bizitobs_l2c/h/long,Toto-2.0-22m,0.5728071001909126,0.2656490012089792,59.0,49.0
kdd_cup_2018/d/short,Toto-2.0-22m,1.1986326445301738,0.3809579219350549,74.0,76.0
restaurant/d/short,Toto-2.0-22m,0.7042926533177293,0.2651726229083733,90.0,80.0
bitbrains_fast_storage/h/short,Toto-2.0-22m,0.9181528049517584,0.5735538105184155,4.0,15.0
m_dense/h/short,Toto-2.0-22m,0.8012688703793382,0.1336691287677093,73.0,72.0
m_dense/h/medium,Toto-2.0-22m,0.7374615587573756,0.1212574875713545,82.0,72.0
m_dense/h/long,Toto-2.0-22m,0.7724041712710927,0.1266612811422133,84.0,75.0
saugeen/m/short,Toto-2.0-22m,0.7149173196714862,0.2840517538443888,23.0,19.0
sz_taxi/15t/short,Toto-2.0-22m,0.5461909976038618,0.2011267183292361,64.0,57.0
sz_taxi/15t/medium,Toto-2.0-22m,0.5393639207424815,0.2026357018685883,65.0,54.0
sz_taxi/15t/long,Toto-2.0-22m,0.511802469626996,0.2006861460248007,65.0,59.0
jena_weather/h/short,Toto-2.0-22m,0.5272620173858789,0.0412321976929414,65.0,41.0
jena_weather/h/medium,Toto-2.0-22m,0.8370669686965128,0.0525382695665367,82.0,58.0
jena_weather/h/long,Toto-2.0-22m,1.0608851322198836,0.0571348957354721,87.0,49.0
ett1/15t/short,Toto-2.0-22m,0.6657229431589256,0.1527221289126395,19.0,16.0
ett1/15t/medium,Toto-2.0-22m,0.994763316828472,0.2372557405914384,53.0,57.0
ett1/15t/long,Toto-2.0-22m,0.9977952542098076,0.2335692995217788,41.0,46.0
loop_seattle/h/short,Toto-2.0-22m,0.8787836875775242,0.0613763212126318,80.0,70.0
loop_seattle/h/medium,Toto-2.0-22m,0.9390445617710396,0.0647502846654574,76.0,64.0
loop_seattle/h/long,Toto-2.0-22m,0.901370045897398,0.0614501287075593,72.0,62.0
ett1/h/short,Toto-2.0-22m,0.8510272515385494,0.1838207878754574,92.0,74.0
ett1/h/medium,Toto-2.0-22m,1.2649449319954833,0.2583557259079976,52.0,57.0
ett1/h/long,Toto-2.0-22m,1.3519230236308633,0.2690736789394403,39.0,46.0
bizitobs_application/10s/short,Toto-2.0-22m,1.214367890379178,0.0127968986035825,67.0,70.0
bizitobs_application/10s/medium,Toto-2.0-22m,2.473020497520047,0.0399793475988755,66.0,68.0
bizitobs_application/10s/long,Toto-2.0-22m,3.324547169559598,0.0544916380965697,76.0,70.0
ett2/w/short,Toto-2.0-22m,0.820496477502301,0.0852168387265091,58.0,40.0
us_births/m/short,Toto-2.0-22m,0.7053000543316973,0.0143488134128231,76.0,68.0
ett2/15t/short,Toto-2.0-22m,0.7135676206206494,0.0608728597647357,25.0,13.0
ett2/15t/medium,Toto-2.0-22m,0.8851418174100284,0.0903872636095514,63.0,62.0
ett2/15t/long,Toto-2.0-22m,0.8858911097150877,0.091304522450295,49.0,46.0
bizitobs_service/10s/short,Toto-2.0-22m,0.7728554259009419,0.0118609585090239,56.0,58.0
bizitobs_service/10s/medium,Toto-2.0-22m,1.0966349537110882,0.0310792395668774,65.0,77.0
bizitobs_service/10s/long,Toto-2.0-22m,1.3218015125833034,0.0524986137412241,44.0,55.0
jena_weather/10t/short,Toto-2.0-22m,0.2610494135414802,0.0262154733121836,25.0,12.0
jena_weather/10t/medium,Toto-2.0-22m,0.567364716942664,0.0470466065649469,9.0,34.0
jena_weather/10t/long,Toto-2.0-22m,0.6486033441666295,0.0475178710229483,64.0,27.0
m4_weekly/w/short,Toto-2.0-22m,2.0209958951387152,0.037567003892106,50.0,54.0
electricity/d/short,Toto-2.0-22m,1.4637687473530925,0.0575624330851913,81.0,74.0
electricity/15t/short,Toto-2.0-22m,1.023448982968546,0.0888941425816609,64.0,64.0
electricity/15t/medium,Toto-2.0-22m,0.8787347392005898,0.0790396048273093,75.0,68.0
electricity/15t/long,Toto-2.0-22m,0.9154556409598182,0.0775559647612763,75.0,64.0
electricity/w/short,Toto-2.0-22m,1.6145042694301126,0.0568559180381039,82.0,79.0
loop_seattle/d/short,Toto-2.0-22m,0.8899543045391782,0.0430487161020807,71.0,65.0
covid_deaths/d/short,Toto-2.0-22m,29.669587115049985,0.028882486623101,13.0,28.0
ett1/w/short,Toto-2.0-22m,1.5160349078149962,0.2491388734409806,34.0,17.0
m4_yearly/a/short,Toto-2.0-22m,3.276080459939924,0.1155181648136644,51.0,52.0
m4_hourly/h/short,Toto-2.0-22m,0.8244259566429477,0.0318006253513396,73.0,101.0
bitbrains_fast_storage/5t/short,Toto-2.0-22m,0.6321989266821296,0.3514745801154158,17.0,16.0
bitbrains_fast_storage/5t/medium,Toto-2.0-22m,0.930932181529833,0.5674692094773808,22.0,6.0
bitbrains_fast_storage/5t/long,Toto-2.0-22m,0.8361716601579465,0.5777752460760941,17.0,4.0
us_births/d/short,Toto-2.0-22m,0.3884804788640904,0.0206687535890176,70.0,70.0
loop_seattle/5t/short,Toto-2.0-22m,0.5564303986210204,0.0476215096825197,60.0,52.0
loop_seattle/5t/medium,Toto-2.0-22m,0.8325211634044621,0.0738436859529733,76.0,69.0
loop_seattle/5t/long,Toto-2.0-22m,0.892704118301907,0.0790977943736642,76.0,69.0
m4_quarterly/q/short,Toto-2.0-22m,1.1697714723303436,0.0741862866272556,54.0,45.0
car_parts/m/short,Toto-2.0-22m,0.8825998183563021,0.9946983631493832,80.0,54.0
jena_weather/d/short,Toto-2.0-22m,1.1190629504754517,0.0549341486216604,75.0,99.0
bitbrains_rnd/5t/short,Toto-2.0-22m,1.6101957064109396,0.3886213986419552,30.0,31.0
bitbrains_rnd/5t/medium,Toto-2.0-22m,4.335761774431606,0.5620543657311441,19.0,3.0
bitbrains_rnd/5t/long,Toto-2.0-22m,3.2702681381923284,0.5927656258753126,24.0,23.0
us_births/d/short,Toto-2.0-313m,0.3443842563174973,0.0176128222732099,51.0,46.0
bizitobs_l2c/h/short,Toto-2.0-313m,0.4260634219814513,0.1846467842469873,25.0,38.0
bizitobs_l2c/h/medium,Toto-2.0-313m,0.4861855300932076,0.2332053816237498,34.0,41.0
bizitobs_l2c/h/long,Toto-2.0-313m,0.5662585171016495,0.2618661154341325,49.0,45.0
temperature_rain/d/short,Toto-2.0-313m,1.3644813258745074,0.55979108087467,72.0,69.0
hospital/m/short,Toto-2.0-313m,0.7525293548792322,0.0494550463357641,35.0,26.0
jena_weather/d/short,Toto-2.0-313m,1.1796711128917263,0.0527207207459159,88.0,94.0
bitbrains_rnd/h/short,Toto-2.0-313m,5.771423499461875,0.5904725217390949,19.0,19.0
electricity/d/short,Toto-2.0-313m,1.4276756803388442,0.0565593636707745,67.0,66.0
m_dense/h/short,Toto-2.0-313m,0.7565022035556973,0.1262983887594558,27.0,37.0
m_dense/h/medium,Toto-2.0-313m,0.7256924130150489,0.1226144363858436,74.0,75.0
m_dense/h/long,Toto-2.0-313m,0.7516926273235909,0.1294522166843895,82.0,79.0
m4_quarterly/q/short,Toto-2.0-313m,1.148189007553538,0.0730044663677317,39.0,28.0
electricity/15t/short,Toto-2.0-313m,0.9866721067958454,0.0843073264500858,55.0,55.0
electricity/15t/medium,Toto-2.0-313m,0.827751407849617,0.0730550447219731,48.0,43.0
electricity/15t/long,Toto-2.0-313m,0.875500933336171,0.0733232005150677,49.0,42.0
covid_deaths/d/short,Toto-2.0-313m,37.43740526544536,0.0323969144392315,81.0,45.0
m4_weekly/w/short,Toto-2.0-313m,1.8638375915632672,0.0365835175619883,16.0,39.0
bitbrains_fast_storage/h/short,Toto-2.0-313m,0.9328436340360752,0.5879139443065339,14.0,22.0
saugeen/w/short,Toto-2.0-313m,1.201290685746412,0.3526155073275465,57.0,45.0
solar/h/short,Toto-2.0-313m,0.8799121775225901,0.3171858973787442,80.0,52.0
solar/h/medium,Toto-2.0-313m,0.875692035321541,0.3109721701183447,68.0,47.0
solar/h/long,Toto-2.0-313m,0.8879156078632061,0.3019942458980471,50.0,45.0
electricity/h/short,Toto-2.0-313m,1.0074529838684023,0.0728840224461257,83.0,83.0
electricity/h/medium,Toto-2.0-313m,1.0668805168990816,0.0770841224409092,54.0,65.0
electricity/h/long,Toto-2.0-313m,1.2164690291005844,0.0911114415493337,72.0,71.0
saugeen/d/short,Toto-2.0-313m,3.0084302336207185,0.3557595747413127,83.0,66.0
ett2/w/short,Toto-2.0-313m,0.7595033865914308,0.08132825161951,19.0,13.0
bitbrains_rnd/5t/short,Toto-2.0-313m,1.5771949307426285,0.3693291257052226,15.0,6.0
bitbrains_rnd/5t/medium,Toto-2.0-313m,4.3119699776635,0.5554850559073811,5.0,2.0
bitbrains_rnd/5t/long,Toto-2.0-313m,3.239655872930802,0.5363952692632746,6.0,4.0
sz_taxi/15t/short,Toto-2.0-313m,0.5422024278562441,0.1996177141497902,36.0,33.0
sz_taxi/15t/medium,Toto-2.0-313m,0.5337761395354544,0.2012908885884997,26.0,31.0
sz_taxi/15t/long,Toto-2.0-313m,0.5059996755702185,0.1992389545476972,30.0,50.0
electricity/w/short,Toto-2.0-313m,1.619187797059027,0.0560884950699722,83.0,75.0
hierarchical_sales/d/short,Toto-2.0-313m,0.7486554037752238,0.5793288427304506,74.0,68.0
us_births/w/short,Toto-2.0-313m,0.9057773488747728,0.0107176768605695,23.0,24.0
saugeen/m/short,Toto-2.0-313m,0.713627009721494,0.2802117288504427,19.0,11.0
loop_seattle/h/short,Toto-2.0-313m,0.8243991377496632,0.0575145665493867,53.0,46.0
loop_seattle/h/medium,Toto-2.0-313m,0.9124856945255176,0.0628875407069398,58.0,49.0
loop_seattle/h/long,Toto-2.0-313m,0.8769095540104529,0.0596207091099275,58.0,49.0
bitbrains_fast_storage/5t/short,Toto-2.0-313m,0.6384114862178286,0.3387900589308141,20.0,2.0
bitbrains_fast_storage/5t/medium,Toto-2.0-313m,0.9172611149609065,0.5758775637075942,9.0,8.0
bitbrains_fast_storage/5t/long,Toto-2.0-313m,0.8179849450572687,0.5895238885580563,8.0,7.0
ett2/h/short,Toto-2.0-313m,0.734710272832966,0.0645050545002105,54.0,60.0
ett2/h/medium,Toto-2.0-313m,1.0581115415552336,0.108256199386315,81.0,72.0
ett2/h/long,Toto-2.0-313m,1.0385163140384823,0.1069724708907366,56.0,61.0
solar/w/short,Toto-2.0-313m,1.102008982789682,0.1497951104171327,54.0,56.0
sz_taxi/h/short,Toto-2.0-313m,0.5605348051739015,0.1349537344271318,43.0,36.0
m_dense/d/short,Toto-2.0-313m,0.6597366232742683,0.0632066298323079,44.0,47.0
ett1/h/short,Toto-2.0-313m,0.8160570439867632,0.1773398867669907,52.0,50.0
ett1/h/medium,Toto-2.0-313m,1.2489760118414812,0.2561628061780039,35.0,50.0
ett1/h/long,Toto-2.0-313m,1.3591980512032331,0.2665389443313636,46.0,41.0
ett1/15t/short,Toto-2.0-313m,0.6752060679116295,0.1588571534488092,35.0,51.0
ett1/15t/medium,Toto-2.0-313m,0.9883526199763132,0.232657341212718,46.0,47.0
ett1/15t/long,Toto-2.0-313m,1.0028879379245057,0.2355585302665312,46.0,54.0
bizitobs_l2c/5t/short,Toto-2.0-313m,0.220093450421519,0.0589642320183367,18.0,20.0
bizitobs_l2c/5t/medium,Toto-2.0-313m,0.6747664010875948,0.2719279926574404,78.0,72.0
bizitobs_l2c/5t/long,Toto-2.0-313m,0.8831362623317118,0.3709853765928634,78.0,78.0
ett1/d/short,Toto-2.0-313m,1.6542690975282752,0.2752042178635669,38.0,42.0
m4_daily/d/short,Toto-2.0-313m,3.1800089204891404,0.0207559747083517,23.0,12.0
solar/d/short,Toto-2.0-313m,0.965560179601748,0.2775250683558765,35.0,57.0
ett1/w/short,Toto-2.0-313m,1.5367862937495254,0.2558014997183493,44.0,35.0
kdd_cup_2018/d/short,Toto-2.0-313m,1.191534413439308,0.3775019773113993,44.0,63.0
jena_weather/h/short,Toto-2.0-313m,0.5241271662027095,0.0414446912381414,57.0,43.0
jena_weather/h/medium,Toto-2.0-313m,0.8177137367468341,0.0511514240618521,77.0,49.0
jena_weather/h/long,Toto-2.0-313m,1.01437746405663,0.0570559932016108,70.0,48.0
ett2/15t/short,Toto-2.0-313m,0.6945101225236527,0.0600636578602447,5.0,6.0
ett2/15t/medium,Toto-2.0-313m,0.8684722890836588,0.0891935117966367,52.0,48.0
ett2/15t/long,Toto-2.0-313m,0.8558598533497297,0.0891570793223633,10.0,13.0
kdd_cup_2018/h/short,Toto-2.0-313m,0.938475673377246,0.379474698665959,57.0,63.0
kdd_cup_2018/h/medium,Toto-2.0-313m,1.0490108443331696,0.4288516791329513,64.0,69.0
kdd_cup_2018/h/long,Toto-2.0-313m,1.0243329387046125,0.4510672074511077,65.0,67.0
loop_seattle/5t/short,Toto-2.0-313m,0.5403197109173403,0.0459361820520385,31.0,27.0
loop_seattle/5t/medium,Toto-2.0-313m,0.7585511527076371,0.0670337613558097,45.0,43.0
loop_seattle/5t/long,Toto-2.0-313m,0.8266728364675417,0.0726612344194915,45.0,41.0
m4_monthly/m/short,Toto-2.0-313m,0.921049130742622,0.0920147094267224,43.0,43.0
solar/10t/short,Toto-2.0-313m,0.8577748183812633,0.4245089203537264,43.0,37.0
solar/10t/medium,Toto-2.0-313m,0.8866433829077226,0.3338212103498821,80.0,59.0
solar/10t/long,Toto-2.0-313m,0.7825576710598474,0.300001862250639,19.0,35.0
ett2/d/short,Toto-2.0-313m,1.280335030167706,0.0903385807226127,40.0,18.0
loop_seattle/d/short,Toto-2.0-313m,0.8838590819795156,0.0427414070688209,65.0,58.0
m4_yearly/a/short,Toto-2.0-313m,3.364315903876569,0.1186535802451311,72.0,71.0
us_births/m/short,Toto-2.0-313m,0.6950686213905571,0.0142832742605065,72.0,67.0
bizitobs_service/10s/short,Toto-2.0-313m,0.714119807307699,0.0102662510687391,31.0,33.0
bizitobs_service/10s/medium,Toto-2.0-313m,1.0596017346532665,0.0253518727293231,53.0,58.0
bizitobs_service/10s/long,Toto-2.0-313m,1.2964001631627198,0.0525285841982841,26.0,57.0
bizitobs_application/10s/short,Toto-2.0-313m,1.1178065934053725,0.0114190822901912,58.0,57.0
bizitobs_application/10s/medium,Toto-2.0-313m,2.491443930214792,0.0405602427200786,72.0,75.0
bizitobs_application/10s/long,Toto-2.0-313m,3.316937516905975,0.0553104422708584,74.0,79.0
jena_weather/10t/short,Toto-2.0-313m,0.2491080919067899,0.0252313402599336,7.0,5.0
jena_weather/10t/medium,Toto-2.0-313m,0.5695350720360912,0.0459507655106579,15.0,16.0
jena_weather/10t/long,Toto-2.0-313m,0.6344350997051579,0.0471746747038367,39.0,21.0
car_parts/m/short,Toto-2.0-313m,0.875744645812766,1.0914650095234255,75.0,95.0
hierarchical_sales/w/short,Toto-2.0-313m,0.7231566423970888,0.349208010360745,60.0,66.0
restaurant/d/short,Toto-2.0-313m,0.6935352831296778,0.2603523892882236,71.0,66.0
m4_hourly/h/short,Toto-2.0-313m,0.6961749517945681,0.0229691936745882,32.0,57.0
sz_taxi/h/short,Toto-2.0-4m,0.5705242068476643,0.1377414457680422,82.0,74.0
us_births/m/short,Toto-2.0-4m,0.7843062670757902,0.0157469635717184,96.0,84.0
ett1/w/short,Toto-2.0-4m,1.5590264414596364,0.2653673718073158,56.0,57.0
hospital/m/short,Toto-2.0-4m,0.7641740800926207,0.0525780194451719,53.0,65.0
ett2/w/short,Toto-2.0-4m,0.8911313618461197,0.0883926446992683,75.0,55.0
restaurant/d/short,Toto-2.0-4m,0.7259215227569304,0.2744011414189734,103.0,94.0
bitbrains_rnd/5t/short,Toto-2.0-4m,1.6380617092334606,0.3880830500770236,46.0,30.0
bitbrains_rnd/5t/medium,Toto-2.0-4m,4.371816199996676,0.5886813641310066,41.0,14.0
bitbrains_rnd/5t/long,Toto-2.0-4m,3.302891971365009,0.5995261673435592,42.0,29.0
electricity/h/short,Toto-2.0-4m,1.1021495900685625,0.0793594038580375,109.0,105.0
electricity/h/medium,Toto-2.0-4m,1.1781966033813591,0.0885674947588125,100.0,101.0
electricity/h/long,Toto-2.0-4m,1.3277032874451506,0.1021070843054533,102.0,92.0
ett1/h/short,Toto-2.0-4m,0.8485934150075206,0.1868568820222055,87.0,77.0
ett1/h/medium,Toto-2.0-4m,1.291772641122728,0.2669975198721324,70.0,70.0
ett1/h/long,Toto-2.0-4m,1.3951608235238837,0.2735308567043293,71.0,57.0
loop_seattle/d/short,Toto-2.0-4m,0.918313948238332,0.0440813489746746,95.0,80.0
solar/h/short,Toto-2.0-4m,0.8639617957183174,0.3357620252412994,64.0,75.0
solar/h/medium,Toto-2.0-4m,0.8928953624573449,0.3458138126591955,79.0,78.0
solar/h/long,Toto-2.0-4m,0.9058189278684972,0.3404422667080551,54.0,70.0
bitbrains_rnd/h/short,Toto-2.0-4m,5.824947437865841,0.5910310171206864,56.0,20.0
kdd_cup_2018/h/short,Toto-2.0-4m,0.9567450960698056,0.3851725295934668,81.0,72.0
kdd_cup_2018/h/medium,Toto-2.0-4m,1.0507984594637816,0.4247876042286329,70.0,60.0
kdd_cup_2018/h/long,Toto-2.0-4m,1.021522572836458,0.4479363631817635,61.0,56.0
jena_weather/d/short,Toto-2.0-4m,1.0794272115615466,0.0508338504769357,63.0,81.0
solar/10t/short,Toto-2.0-4m,0.9501720990705068,0.4898413693395757,65.0,61.0
solar/10t/medium,Toto-2.0-4m,0.866511292134335,0.3470497654827555,69.0,70.0
solar/10t/long,Toto-2.0-4m,0.8724684342770126,0.3463359304812876,79.0,73.0
ett2/15t/short,Toto-2.0-4m,0.7543729338329245,0.0662041453862805,69.0,70.0
ett2/15t/medium,Toto-2.0-4m,0.8791716447910171,0.0896786402557707,61.0,57.0
ett2/15t/long,Toto-2.0-4m,0.91750689486791,0.0931473783476151,76.0,64.0
bitbrains_fast_storage/5t/short,Toto-2.0-4m,0.6610802422203751,0.3713402193954194,37.0,30.0
bitbrains_fast_storage/5t/medium,Toto-2.0-4m,0.9689873738946466,0.5938653910173444,44.0,19.0
bitbrains_fast_storage/5t/long,Toto-2.0-4m,0.8695484932447687,0.6181720087467169,30.0,14.0
temperature_rain/d/short,Toto-2.0-4m,1.3620227742735915,0.5623579070759575,69.0,73.0
electricity/d/short,Toto-2.0-4m,1.4983485076324274,0.060234457378853,90.0,86.0
us_births/w/short,Toto-2.0-4m,1.2436674457501504,0.0146607718235739,92.0,87.0
m4_hourly/h/short,Toto-2.0-4m,1.0617493282647568,0.0265753520603519,96.0,83.0
saugeen/w/short,Toto-2.0-4m,1.2175840110998806,0.3657262890545482,66.0,62.0
kdd_cup_2018/d/short,Toto-2.0-4m,1.1934858811609947,0.3814697406286438,52.0,80.0
m_dense/d/short,Toto-2.0-4m,0.7892509835636073,0.0775178416259733,101.0,97.0
m4_monthly/m/short,Toto-2.0-4m,0.9386653857534036,0.0931933670609241,56.0,55.0
m_dense/h/short,Toto-2.0-4m,0.9647030226431748,0.1636007218079748,112.0,108.0
m_dense/h/medium,Toto-2.0-4m,0.8759044397299848,0.1541828061599158,103.0,105.0
m_dense/h/long,Toto-2.0-4m,0.881439483434522,0.1580714077971969,100.0,105.0
bizitobs_service/10s/short,Toto-2.0-4m,0.7490081869575179,0.0115425830719463,47.0,51.0
bizitobs_service/10s/medium,Toto-2.0-4m,1.194027778644464,0.0319550702925147,77.0,79.0
bizitobs_service/10s/long,Toto-2.0-4m,1.3732442579090602,0.0537036681883759,68.0,72.0
electricity/15t/short,Toto-2.0-4m,1.1089648493904305,0.0984629877395644,90.0,90.0
electricity/15t/medium,Toto-2.0-4m,0.9625513072265232,0.0860740871943296,95.0,89.0
electricity/15t/long,Toto-2.0-4m,1.0005515979653252,0.0846993405565783,96.0,86.0
jena_weather/10t/short,Toto-2.0-4m,0.2680494225829998,0.026370988574233,38.0,15.0
jena_weather/10t/medium,Toto-2.0-4m,0.5872419173771315,0.0480118785276414,36.0,47.0
jena_weather/10t/long,Toto-2.0-4m,0.638960123455531,0.0492608424169732,50.0,53.0
hierarchical_sales/d/short,Toto-2.0-4m,0.7489430036507817,0.5782558071563647,79.0,59.0
car_parts/m/short,Toto-2.0-4m,0.8934632865328961,1.0297719730464654,87.0,77.0
ett1/15t/short,Toto-2.0-4m,0.7008123808972138,0.167094054315465,72.0,73.0
ett1/15t/medium,Toto-2.0-4m,1.014893126402197,0.2389068411181592,65.0,62.0
ett1/15t/long,Toto-2.0-4m,1.051156408112785,0.2436603968838009,79.0,68.0
ett2/d/short,Toto-2.0-4m,1.3410643305888394,0.0948887502054791,76.0,74.0
jena_weather/h/short,Toto-2.0-4m,0.5265363140543013,0.0425916712012475,63.0,61.0
jena_weather/h/medium,Toto-2.0-4m,0.8342739391677159,0.0541164875041387,81.0,69.0
jena_weather/h/long,Toto-2.0-4m,1.0837969071431508,0.0600120385818099,93.0,64.0
bitbrains_fast_storage/h/short,Toto-2.0-4m,0.9358312151006298,0.6023048021625538,16.0,26.0
m4_weekly/w/short,Toto-2.0-4m,2.15247095882898,0.0403212408646718,72.0,69.0
sz_taxi/15t/short,Toto-2.0-4m,0.5498801390406158,0.2030034693055222,77.0,75.0
sz_taxi/15t/medium,Toto-2.0-4m,0.5422538938738596,0.2037580277714906,74.0,65.0
sz_taxi/15t/long,Toto-2.0-4m,0.5184953299232323,0.2015343932878494,80.0,64.0
loop_seattle/h/short,Toto-2.0-4m,0.9491231216447816,0.066325351055636,100.0,90.0
loop_seattle/h/medium,Toto-2.0-4m,1.0521484469123992,0.0720405978951863,105.0,93.0
loop_seattle/h/long,Toto-2.0-4m,1.1012727924098646,0.0750062569951589,110.0,98.0
us_births/d/short,Toto-2.0-4m,0.4827166308545936,0.0251349743256707,93.0,94.0
m4_quarterly/q/short,Toto-2.0-4m,1.23609477206349,0.0784418173018285,88.0,72.0
covid_deaths/d/short,Toto-2.0-4m,30.812631317151727,0.0333891999303455,20.0,50.0
bizitobs_l2c/5t/short,Toto-2.0-4m,0.2534409587852146,0.0688012503083831,37.0,35.0
bizitobs_l2c/5t/medium,Toto-2.0-4m,0.87838997368913,0.3977383290029448,108.0,106.0
bizitobs_l2c/5t/long,Toto-2.0-4m,1.3476400171024268,0.6602721590115712,124.0,113.0
solar/w/short,Toto-2.0-4m,1.4930268467672445,0.2084770396492554,108.0,101.0
ett1/d/short,Toto-2.0-4m,1.6709398984278114,0.2773651909453648,50.0,55.0
m4_daily/d/short,Toto-2.0-4m,3.337951206567234,0.0217413365510517,79.0,54.0
loop_seattle/5t/short,Toto-2.0-4m,0.5838547985801821,0.0500097761369933,85.0,78.0
loop_seattle/5t/medium,Toto-2.0-4m,0.9889517841705576,0.0887988396219713,93.0,89.0
loop_seattle/5t/long,Toto-2.0-4m,1.0345806862435167,0.0929561245838505,96.0,91.0
hierarchical_sales/w/short,Toto-2.0-4m,0.7364720944016085,0.3509032765241753,79.0,68.0
bizitobs_l2c/h/short,Toto-2.0-4m,0.4485404727540994,0.1946485730657502,56.0,58.0
bizitobs_l2c/h/medium,Toto-2.0-4m,0.5761218900573664,0.2745279640732229,91.0,81.0
bizitobs_l2c/h/long,Toto-2.0-4m,0.6990189971408894,0.322386080240608,93.0,85.0
ett2/h/short,Toto-2.0-4m,0.7480558819708468,0.0657407803384668,81.0,77.0
ett2/h/medium,Toto-2.0-4m,1.1096053367874248,0.1116141318730536,97.0,86.0
ett2/h/long,Toto-2.0-4m,1.0758431793790886,0.1086889263077318,76.0,68.0
electricity/w/short,Toto-2.0-4m,1.5881488966191348,0.054840389332682,71.0,69.0
saugeen/m/short,Toto-2.0-4m,0.7235304820931197,0.2904664877045525,36.0,45.0
solar/d/short,Toto-2.0-4m,0.992393831513398,0.2779768160076348,81.0,60.0
bizitobs_application/10s/short,Toto-2.0-4m,1.0946154826635317,0.0102763555657262,53.0,48.0
bizitobs_application/10s/medium,Toto-2.0-4m,2.6056703901664107,0.0417476385846531,80.0,81.0
bizitobs_application/10s/long,Toto-2.0-4m,3.3177966623749056,0.0545817816321681,75.0,71.0
m4_yearly/a/short,Toto-2.0-4m,3.3489334161245914,0.1190374785581602,67.0,72.0
saugeen/d/short,Toto-2.0-4m,2.8551642193748927,0.3460244659517803,50.0,52.0
bitbrains_fast_storage/5t/long,Toto-2.0-FnF,0.8180251671406796,0.6232758837456429,9.0,17.0
bitbrains_fast_storage/5t/medium,Toto-2.0-FnF,0.9179274635084256,0.6038150687667078,11.0,26.0
bitbrains_fast_storage/5t/short,Toto-2.0-FnF,0.6093852373564531,0.3457332703689969,3.0,7.0
bitbrains_fast_storage/h/short,Toto-2.0-FnF,0.9217525597179852,0.6607405768128751,7.0,63.0
bitbrains_rnd/5t/long,Toto-2.0-FnF,3.2383096450560673,0.6123536829633901,3.0,35.0
bitbrains_rnd/5t/medium,Toto-2.0-FnF,4.30816012967219,0.6468809325086826,2.0,70.0
bitbrains_rnd/5t/short,Toto-2.0-FnF,1.569756992534852,0.374724382384044,7.0,16.0
bitbrains_rnd/h/short,Toto-2.0-FnF,5.752230065866608,0.6469427847171922,14.0,66.0
bizitobs_application/10s/long,Toto-2.0-FnF,3.250006156690735,0.0543505411189032,59.0,67.0
bizitobs_application/10s/medium,Toto-2.0-FnF,2.3969975809757655,0.038330546588796,56.0,58.0
bizitobs_application/10s/short,Toto-2.0-FnF,1.008337314691823,0.0102504608730987,24.0,47.0
bizitobs_l2c/5t/long,Toto-2.0-FnF,0.420112062551829,0.1855358517064515,4.0,4.0
bizitobs_l2c/5t/medium,Toto-2.0-FnF,0.4548547010300799,0.1879194754776718,14.0,10.0
bizitobs_l2c/5t/short,Toto-2.0-FnF,0.2123097571623434,0.0559533729389272,15.0,15.0
bizitobs_l2c/h/long,Toto-2.0-FnF,0.539928149012986,0.2474562868992035,14.0,6.0
bizitobs_l2c/h/medium,Toto-2.0-FnF,0.4788336032532183,0.2262479505539393,17.0,18.0
bizitobs_l2c/h/short,Toto-2.0-FnF,0.4274662479418658,0.1843795065674678,30.0,35.0
bizitobs_service/10s/long,Toto-2.0-FnF,1.2826479219208575,0.0521904952288792,16.0,47.0
bizitobs_service/10s/medium,Toto-2.0-FnF,0.9956450832677746,0.0221539950645875,34.0,38.0
bizitobs_service/10s/short,Toto-2.0-FnF,0.6946468550635586,0.0099390855907031,26.0,12.0
car_parts/m/short,Toto-2.0-FnF,0.8874324726553701,1.0220209294829758,85.0,72.0
covid_deaths/d/short,Toto-2.0-FnF,29.06876173777873,0.027958459401651,4.0,21.0
electricity/15t/long,Toto-2.0-FnF,0.8417609615692088,0.0704487574734333,10.0,13.0
electricity/15t/medium,Toto-2.0-FnF,0.7901046933995404,0.0699371237019242,8.0,5.0
electricity/15t/short,Toto-2.0-FnF,0.9547420444573362,0.0810262820891739,48.0,40.0
electricity/d/short,Toto-2.0-FnF,1.3549572093915925,0.0536298402283986,16.0,25.0
electricity/h/long,Toto-2.0-FnF,1.1261004509089414,0.0787972359681557,17.0,14.0
electricity/h/medium,Toto-2.0-FnF,1.0284340646404184,0.0725731340057956,19.0,26.0
electricity/h/short,Toto-2.0-FnF,0.930457115870157,0.0665502167536883,53.0,53.0
electricity/w/short,Toto-2.0-FnF,1.377424763966162,0.046324219112166,10.0,14.0
ett1/15t/long,Toto-2.0-FnF,0.9726315058530778,0.2235165160217076,17.0,20.0
ett1/15t/medium,Toto-2.0-FnF,0.965207389755943,0.2258691889250711,19.0,24.0
ett1/15t/short,Toto-2.0-FnF,0.6719975227404711,0.1559299477947984,29.0,31.0
ett1/d/short,Toto-2.0-FnF,1.5858936465625864,0.2582658351911208,9.0,6.0
ett1/h/long,Toto-2.0-FnF,1.3662246771948987,0.2634730431108639,50.0,34.0
ett1/h/medium,Toto-2.0-FnF,1.262258362012395,0.2552006690921888,49.0,46.0
ett1/h/short,Toto-2.0-FnF,0.7893165821209576,0.1709812121752595,18.0,21.0
ett1/w/short,Toto-2.0-FnF,1.5232308145019513,0.2504899923940814,36.0,23.0
ett2/15t/long,Toto-2.0-FnF,0.8592890807150205,0.0892396503414316,14.0,15.0
ett2/15t/medium,Toto-2.0-FnF,0.8518459839257161,0.0873308106833325,32.0,26.0
ett2/15t/short,Toto-2.0-FnF,0.711440535075929,0.0619147726120239,22.0,23.0
ett2/d/short,Toto-2.0-FnF,1.2562594292421505,0.0898185853687679,12.0,14.0
ett2/h/long,Toto-2.0-FnF,1.009506043697303,0.1015652247823458,36.0,30.0
ett2/h/medium,Toto-2.0-FnF,1.007229457566919,0.1009675954998333,17.0,20.0
ett2/h/short,Toto-2.0-FnF,0.7196529098081003,0.0630413678377026,18.0,24.0
ett2/w/short,Toto-2.0-FnF,0.8141180159939483,0.0836505939332857,56.0,24.0
hierarchical_sales/d/short,Toto-2.0-FnF,0.7401065693815594,0.5691038214446352,17.0,22.0
hierarchical_sales/w/short,Toto-2.0-FnF,0.7157368443939842,0.3403269984862023,33.0,22.0
hospital/m/short,Toto-2.0-FnF,0.7408670421383975,0.0481109078000803,11.0,10.0
jena_weather/10t/long,Toto-2.0-FnF,0.6139129525997082,0.0463547589982753,14.0,11.0
jena_weather/10t/medium,Toto-2.0-FnF,0.5716037625545065,0.045332197910416,21.0,7.0
jena_weather/10t/short,Toto-2.0-FnF,0.2649281603556855,0.0279640406524578,31.0,50.0
jena_weather/d/short,Toto-2.0-FnF,0.9911724248971546,0.0446099650963465,10.0,24.0
jena_weather/h/long,Toto-2.0-FnF,0.8882452436446758,0.052003560210311,22.0,10.0
jena_weather/h/medium,Toto-2.0-FnF,0.7703260677434616,0.0473488439371068,43.0,2.0
jena_weather/h/short,Toto-2.0-FnF,0.5177234914422421,0.0404182033265805,30.0,19.0
kdd_cup_2018/d/short,Toto-2.0-FnF,1.204127010621912,0.3764580492982664,86.0,57.0
kdd_cup_2018/h/long,Toto-2.0-FnF,1.0735183235847252,0.4665802750252126,108.0,84.0
kdd_cup_2018/h/medium,Toto-2.0-FnF,1.11304144036448,0.4441270413361774,107.0,88.0
kdd_cup_2018/h/short,Toto-2.0-FnF,1.0029293319934562,0.3962161332336,100.0,86.0
loop_seattle/5t/long,Toto-2.0-FnF,0.7942405505601492,0.0699688735856928,30.0,27.0
loop_seattle/5t/medium,Toto-2.0-FnF,0.7218793837468137,0.0635360688894656,22.0,22.0
loop_seattle/5t/short,Toto-2.0-FnF,0.5382867026096851,0.0458056192784659,23.0,21.0
loop_seattle/d/short,Toto-2.0-FnF,0.8610586908069136,0.04129620009042,20.0,20.0
loop_seattle/h/long,Toto-2.0-FnF,0.8475127515738958,0.05768519370706,32.0,31.0
loop_seattle/h/medium,Toto-2.0-FnF,0.8536477177680137,0.0589646493571493,26.0,27.0
loop_seattle/h/short,Toto-2.0-FnF,0.7930820866726908,0.0553303316167091,33.0,30.0
m4_daily/d/short,Toto-2.0-FnF,3.277374820336946,0.0214704789390905,57.0,47.0
m4_hourly/h/short,Toto-2.0-FnF,0.6484829521308693,0.0188640998355613,12.0,13.0
m4_monthly/m/short,Toto-2.0-FnF,0.8945207071001676,0.0894797043061077,11.0,14.0
m4_quarterly/q/short,Toto-2.0-FnF,1.1156911438495225,0.0722149783082471,7.0,19.0
m4_weekly/w/short,Toto-2.0-FnF,1.852011414199622,0.0347948954571754,8.0,5.0
m4_yearly/a/short,Toto-2.0-FnF,2.980233407752116,0.1075463612320571,12.0,19.0
m_dense/d/short,Toto-2.0-FnF,0.6314321233636238,0.0606406480559603,27.0,29.0
m_dense/h/long,Toto-2.0-FnF,0.669152095777515,0.1117427621055421,22.0,28.0
m_dense/h/medium,Toto-2.0-FnF,0.6787968228694384,0.111836713229996,32.0,21.0
m_dense/h/short,Toto-2.0-FnF,0.7538907615941077,0.1250283235521589,26.0,32.0
restaurant/d/short,Toto-2.0-FnF,0.6774476666928854,0.2537547761095939,25.0,19.0
saugeen/d/short,Toto-2.0-FnF,2.7498526377484453,0.331906790692012,32.0,29.0
saugeen/m/short,Toto-2.0-FnF,0.7268110298268381,0.2866361550313963,49.0,29.0
saugeen/w/short,Toto-2.0-FnF,1.2033229540272692,0.3546897760739143,58.0,48.0
solar/10t/long,Toto-2.0-FnF,0.7756199757737772,0.2849573028001403,14.0,10.0
solar/10t/medium,Toto-2.0-FnF,0.793287219288875,0.2951900043318003,23.0,21.0
solar/10t/short,Toto-2.0-FnF,0.8332964374071499,0.4186581061537864,35.0,34.0
solar/d/short,Toto-2.0-FnF,0.9632769041109812,0.2718663978887842,29.0,26.0
solar/h/long,Toto-2.0-FnF,1.0002770944543122,0.3412075045749431,90.0,71.0
solar/h/medium,Toto-2.0-FnF,0.9908980651239236,0.337601577864479,105.0,73.0
solar/h/short,Toto-2.0-FnF,0.7903176918891256,0.28803288116139,38.0,35.0
solar/w/short,Toto-2.0-FnF,1.0506738947781733,0.1419626837173007,41.0,34.0
sz_taxi/15t/long,Toto-2.0-FnF,0.5065789388935183,0.1985999522490972,35.0,45.0
sz_taxi/15t/medium,Toto-2.0-FnF,0.5327501191954815,0.2003558769453115,13.0,11.0
sz_taxi/15t/short,Toto-2.0-FnF,0.5396444834745913,0.1986327200677379,14.0,14.0
sz_taxi/h/short,Toto-2.0-FnF,0.5576892362332112,0.1341680018952235,15.0,15.0
temperature_rain/d/short,Toto-2.0-FnF,1.30996920050276,0.5377537528180193,15.0,14.0
us_births/d/short,Toto-2.0-FnF,0.3165292711493124,0.0159178143444204,24.0,16.0
us_births/m/short,Toto-2.0-FnF,0.6731695609400244,0.0147547482079893,62.0,71.0
us_births/w/short,Toto-2.0-FnF,0.8982517665195573,0.0104149882791899,19.0,12.0
bizitobs_l2c/h/medium,Toto_Open_Base_1.0,0.7566620283,0.3562059739,105.0,102.0
m_dense/d/short,Toto_Open_Base_1.0,0.7633603786,0.0745206581,94.0,86.0
ett2/h/long,Toto_Open_Base_1.0,1.077451519,0.1082210883,78.0,66.0
bizitobs_application/10s/medium,Toto_Open_Base_1.0,2.303904467,0.03422610427,45.0,41.0
ett2/w/short,Toto_Open_Base_1.0,0.9866367346,0.1058714494,94.0,93.0
m4_weekly/w/short,Toto_Open_Base_1.0,2.399577752,0.049082368,90.0,103.0
jena_weather/10t/short,Toto_Open_Base_1.0,0.2656077383,0.02662086378,34.0,20.0
bitbrains_rnd/h/short,Toto_Open_Base_1.0,5.637954952,0.5927710423,4.0,22.0
ett1/w/short,Toto_Open_Base_1.0,1.578953942,0.2629936609,66.0,53.0
solar/h/long,Toto_Open_Base_1.0,0.9574328268,0.3313992776,72.0,61.0
sz_taxi/15t/medium,Toto_Open_Base_1.0,0.5453405167,0.2054407513,80.0,69.0
loop_seattle/h/medium,Toto_Open_Base_1.0,0.9291967897,0.06448085654,69.0,60.0
saugeen/m/short,Toto_Open_Base_1.0,0.7569064687,0.2987905772,93.0,65.0
ett2/15t/short,Toto_Open_Base_1.0,0.7858460986,0.06808393659,88.0,80.0
ett1/d/short,Toto_Open_Base_1.0,1.658963218,0.2838008056,44.0,75.0
bizitobs_application/10s/short,Toto_Open_Base_1.0,1.24709962,0.01159086669,68.0,60.0
kdd_cup_2018/d/short,Toto_Open_Base_1.0,1.211969669,0.3873948742,95.0,93.0
restaurant/d/short,Toto_Open_Base_1.0,0.7834700744,0.2973646443,117.0,108.0
hospital/m/short,Toto_Open_Base_1.0,0.7832408926,0.05238767787,88.0,60.0
sz_taxi/h/short,Toto_Open_Base_1.0,0.5675622397,0.1373674751,74.0,71.0
bizitobs_service/10s/long,Toto_Open_Base_1.0,1.302467646,0.05102757171,35.0,20.0
us_births/w/short,Toto_Open_Base_1.0,1.234635428,0.01447765155,89.0,84.0
ett1/h/long,Toto_Open_Base_1.0,1.369602803,0.2668288663,53.0,43.0
ett1/15t/short,Toto_Open_Base_1.0,0.6927710736,0.1616278199,67.0,61.0
hierarchical_sales/w/short,Toto_Open_Base_1.0,0.7442683038,0.3558391793,88.0,79.0
hierarchical_sales/d/short,Toto_Open_Base_1.0,0.7354232305,0.5704088874,6.0,32.0
m4_hourly/h/short,Toto_Open_Base_1.0,0.8608470877,0.03460384789,76.0,110.0
covid_deaths/d/short,Toto_Open_Base_1.0,32.61906192,0.02727374002,44.0,18.0
bizitobs_l2c/5t/short,Toto_Open_Base_1.0,0.2585959492,0.06947410461,39.0,43.0
solar/d/short,Toto_Open_Base_1.0,1.011716133,0.2897205121,97.0,89.0
solar/w/short,Toto_Open_Base_1.0,1.426511618,0.1860354557,101.0,92.0
ett2/15t/medium,Toto_Open_Base_1.0,0.9225758172,0.09284270687,87.0,74.0
saugeen/d/short,Toto_Open_Base_1.0,2.964942115,0.3532752348,71.0,63.0
m4_daily/d/short,Toto_Open_Base_1.0,3.312199429,0.02186022254,72.0,57.0
ett2/15t/long,Toto_Open_Base_1.0,0.8713644491,0.08833617314,33.0,6.0
ett2/h/short,Toto_Open_Base_1.0,0.7349521832,0.06450730164,56.0,61.0
sz_taxi/15t/long,Toto_Open_Base_1.0,0.5175745084,0.2018226322,79.0,67.0
jena_weather/h/short,Toto_Open_Base_1.0,0.5438768279,0.04224081567,86.0,56.0
bizitobs_l2c/h/short,Toto_Open_Base_1.0,0.4696071924,0.1989570271,63.0,63.0
bitbrains_rnd/5t/medium,Toto_Open_Base_1.0,4.416975059,0.6281348146,67.0,57.0
jena_weather/d/short,Toto_Open_Base_1.0,1.195979531,0.05050018266,90.0,78.0
bizitobs_service/10s/short,Toto_Open_Base_1.0,0.7885676144,0.01143907001,59.0,49.0
bizitobs_l2c/h/long,Toto_Open_Base_1.0,0.7971592662,0.3685722769,102.0,99.0
m_dense/h/short,Toto_Open_Base_1.0,0.8785644308,0.1483854659,99.0,94.0
sz_taxi/15t/short,Toto_Open_Base_1.0,0.5498899178,0.2026779445,78.0,69.0
saugeen/w/short,Toto_Open_Base_1.0,1.307169824,0.3900837548,90.0,82.0
bizitobs_l2c/5t/long,Toto_Open_Base_1.0,1.177213459,0.5326296421,97.0,89.0
bitbrains_fast_storage/h/short,Toto_Open_Base_1.0,0.9447498096,0.6227602305,20.0,36.0
kdd_cup_2018/h/short,Toto_Open_Base_1.0,0.9901861829,0.4029938215,96.0,92.0
electricity/w/short,Toto_Open_Base_1.0,1.789913428,0.06366477644,99.0,93.0
jena_weather/10t/medium,Toto_Open_Base_1.0,0.5977261209,0.04890392733,46.0,54.0
solar/h/medium,Toto_Open_Base_1.0,0.8654755987,0.3312314098,63.0,64.0
jena_weather/h/long,Toto_Open_Base_1.0,1.013920841,0.05715514827,69.0,50.0
jena_weather/10t/long,Toto_Open_Base_1.0,0.6347010837,0.04982757937,41.0,58.0
m4_quarterly/q/short,Toto_Open_Base_1.0,1.226756767,0.07759517241,81.0,68.0
jena_weather/h/medium,Toto_Open_Base_1.0,0.7525596047,0.05268077696,22.0,59.0
m4_yearly/a/short,Toto_Open_Base_1.0,3.39694196,0.1216313197,78.0,81.0
bizitobs_application/10s/long,Toto_Open_Base_1.0,3.274733168,0.05250523855,68.0,46.0
solar/h/short,Toto_Open_Base_1.0,0.8282911464,0.3281712475,45.0,63.0
ett2/h/medium,Toto_Open_Base_1.0,1.017258383,0.1017818934,35.0,29.0
solar/10t/short,Toto_Open_Base_1.0,1.032864175,0.5406264183,79.0,75.0
us_births/d/short,Toto_Open_Base_1.0,0.4979574637,0.02593239217,96.0,96.0
bizitobs_service/10s/medium,Toto_Open_Base_1.0,1.083177612,0.02729092177,61.0,63.0
loop_seattle/h/long,Toto_Open_Base_1.0,0.9429943618,0.06461756368,84.0,71.0
loop_seattle/h/short,Toto_Open_Base_1.0,0.89936996,0.06349726817,89.0,79.0
ett1/h/medium,Toto_Open_Base_1.0,1.271840857,0.2538733743,60.0,43.0
ett1/h/short,Toto_Open_Base_1.0,0.8649675899,0.1937806943,99.0,91.0
solar/10t/long,Toto_Open_Base_1.0,0.8802104975,0.352392243,80.0,78.0
bitbrains_rnd/5t/long,Toto_Open_Base_1.0,3.336747658,0.5889880229,61.0,21.0
m_dense/h/long,Toto_Open_Base_1.0,0.7801472265,0.1284824893,86.0,78.0
ett1/15t/long,Toto_Open_Base_1.0,1.069131671,0.2511173411,85.0,75.0
electricity/15t/short,Toto_Open_Base_1.0,1.144713264,0.09944710545,94.0,93.0
loop_seattle/5t/short,Toto_Open_Base_1.0,0.5618224956,0.04834597093,69.0,62.0
kdd_cup_2018/h/long,Toto_Open_Base_1.0,1.041030982,0.4566059798,85.0,76.0
car_parts/m/short,Toto_Open_Base_1.0,0.810434487,0.8989729648,5.0,2.0
electricity/h/medium,Toto_Open_Base_1.0,1.102564665,0.07507115984,86.0,51.0
bitbrains_fast_storage/5t/medium,Toto_Open_Base_1.0,0.9847437587,0.629301822,56.0,48.0
bizitobs_l2c/5t/medium,Toto_Open_Base_1.0,0.7541455962,0.3155920059,84.0,76.0
m4_monthly/m/short,Toto_Open_Base_1.0,0.9827794763,0.09687896759,89.0,78.0
electricity/h/long,Toto_Open_Base_1.0,1.235409238,0.08349723518,80.0,31.0
solar/10t/medium,Toto_Open_Base_1.0,0.8811358769,0.3530037168,75.0,75.0
electricity/h/short,Toto_Open_Base_1.0,0.9756653182,0.0689230012,71.0,70.0
bitbrains_fast_storage/5t/long,Toto_Open_Base_1.0,0.8969665165,0.6688295234,52.0,36.0
ett1/15t/medium,Toto_Open_Base_1.0,1.080607726,0.2604685887,95.0,84.0
temperature_rain/d/short,Toto_Open_Base_1.0,1.365017681,0.559701936,73.0,67.0
us_births/m/short,Toto_Open_Base_1.0,0.5814147368,0.01269073845,23.0,37.0
bitbrains_rnd/5t/short,Toto_Open_Base_1.0,1.649742225,0.3985907533,57.0,43.0
kdd_cup_2018/h/medium,Toto_Open_Base_1.0,1.077645508,0.4414215174,96.0,85.0
m_dense/h/medium,Toto_Open_Base_1.0,0.7282179456,0.121148238,76.0,71.0
loop_seattle/5t/medium,Toto_Open_Base_1.0,0.8042105073,0.07234440444,68.0,66.0
loop_seattle/5t/long,Toto_Open_Base_1.0,0.8478243958,0.07661619596,57.0,56.0
loop_seattle/d/short,Toto_Open_Base_1.0,0.9245607514,0.04439360883,97.0,84.0
electricity/15t/medium,Toto_Open_Base_1.0,0.9876350728,0.08595130674,99.0,88.0
electricity/15t/long,Toto_Open_Base_1.0,1.043512109,0.08562482807,104.0,89.0
ett2/d/short,Toto_Open_Base_1.0,1.614564587,0.1114829481,115.0,103.0
bitbrains_fast_storage/5t/short,Toto_Open_Base_1.0,0.6717791317,0.3706565882,44.0,29.0
electricity/d/short,Toto_Open_Base_1.0,1.484873289,0.05886452498,86.0,82.0
bitbrains_fast_storage/5t/long,TurkForecast-FM-Chronos2-LoRA-v1,0.8711999929238592,0.7026061445524241,33.0,52.0
bitbrains_fast_storage/5t/medium,TurkForecast-FM-Chronos2-LoRA-v1,0.9588490240362444,0.6233457308991365,35.0,42.0
bitbrains_fast_storage/5t/short,TurkForecast-FM-Chronos2-LoRA-v1,0.588926849642918,0.5921277160771736,1.0,116.0
bitbrains_fast_storage/h/short,TurkForecast-FM-Chronos2-LoRA-v1,1.0045046730749456,0.3718851728329854,40.0,1.0
bitbrains_rnd/5t/long,TurkForecast-FM-Chronos2-LoRA-v1,3.2753978851024095,0.8730126297517127,33.0,110.0
bitbrains_rnd/5t/medium,TurkForecast-FM-Chronos2-LoRA-v1,4.359229717604128,1.004565433626743,36.0,118.0
bitbrains_rnd/5t/short,TurkForecast-FM-Chronos2-LoRA-v1,0.3420767059130533,0.319436938542304,1.0,1.0
bitbrains_rnd/h/short,TurkForecast-FM-Chronos2-LoRA-v1,2.8112009545430268,0.7198871910519904,1.0,101.0
bizitobs_application/10s/long,TurkForecast-FM-Chronos2-LoRA-v1,2.9496631708273595,0.0453959737312229,15.0,12.0
bizitobs_application/10s/medium,TurkForecast-FM-Chronos2-LoRA-v1,1.8026079477842636,0.0256626331378489,9.0,13.0
bizitobs_application/10s/short,TurkForecast-FM-Chronos2-LoRA-v1,1.003902166736118,0.0095672555987191,20.0,20.0
bizitobs_l2c/5t/long,TurkForecast-FM-Chronos2-LoRA-v1,0.6471512945825063,0.2977954916750903,64.0,61.0
bizitobs_l2c/5t/medium,TurkForecast-FM-Chronos2-LoRA-v1,0.5826103672409443,0.2472050569534263,56.0,55.0
bizitobs_l2c/5t/short,TurkForecast-FM-Chronos2-LoRA-v1,1.4394779156694748,0.0865655033613251,129.0,109.0
bizitobs_l2c/h/long,TurkForecast-FM-Chronos2-LoRA-v1,0.5712635894958724,0.2672670630808577,56.0,51.0
bizitobs_l2c/h/medium,TurkForecast-FM-Chronos2-LoRA-v1,0.4979993374385745,0.2359357980831375,55.0,47.0
bizitobs_l2c/h/short,TurkForecast-FM-Chronos2-LoRA-v1,0.4174540700545407,0.1009694978590239,16.0,2.0
bizitobs_service/10s/long,TurkForecast-FM-Chronos2-LoRA-v1,1.3255743262231172,0.0511030149757811,45.0,23.0
bizitobs_service/10s/medium,TurkForecast-FM-Chronos2-LoRA-v1,0.9790487780830548,0.0221194743170398,26.0,35.0
bizitobs_service/10s/short,TurkForecast-FM-Chronos2-LoRA-v1,0.71692567427202,0.0101257050050553,32.0,24.0
car_parts/m/short,TurkForecast-FM-Chronos2-LoRA-v1,0.8359773797258253,0.9660464513713964,33.0,41.0
covid_deaths/d/short,TurkForecast-FM-Chronos2-LoRA-v1,6.563407122049355,0.0738302274764192,1.0,105.0
electricity/15t/long,TurkForecast-FM-Chronos2-LoRA-v1,0.8554108103088559,0.0716730428446192,27.0,24.0
electricity/15t/medium,TurkForecast-FM-Chronos2-LoRA-v1,0.8041393284984164,0.0714217580593769,27.0,23.0
electricity/15t/short,TurkForecast-FM-Chronos2-LoRA-v1,0.3150890824201111,0.0640681692592709,1.0,2.0
electricity/d/short,TurkForecast-FM-Chronos2-LoRA-v1,1.1762035837391729,0.0459542624584606,2.0,1.0
electricity/h/long,TurkForecast-FM-Chronos2-LoRA-v1,1.1925033326651897,0.0877503437630306,57.0,56.0
electricity/h/medium,TurkForecast-FM-Chronos2-LoRA-v1,1.0691861062780872,0.0759349953315115,58.0,55.0
electricity/h/short,TurkForecast-FM-Chronos2-LoRA-v1,0.8275140821788405,0.0470979880074406,4.0,3.0
electricity/w/short,TurkForecast-FM-Chronos2-LoRA-v1,1.9659352960831995,0.063013573611984,112.0,90.0
ett1/15t/long,TurkForecast-FM-Chronos2-LoRA-v1,1.0133727405348167,0.2411348565671954,56.0,62.0
ett1/15t/medium,TurkForecast-FM-Chronos2-LoRA-v1,0.9859937447971706,0.2330312560593471,39.0,48.0
ett1/15t/short,TurkForecast-FM-Chronos2-LoRA-v1,0.1542107382926454,0.0515462956914361,1.0,1.0
ett1/d/short,TurkForecast-FM-Chronos2-LoRA-v1,1.0104384777211877,0.2138386022144983,2.0,3.0
ett1/h/long,TurkForecast-FM-Chronos2-LoRA-v1,1.380466540478325,0.2751785632214682,64.0,61.0
ett1/h/medium,TurkForecast-FM-Chronos2-LoRA-v1,1.273777521133431,0.2605946385713529,61.0,61.0
ett1/h/short,TurkForecast-FM-Chronos2-LoRA-v1,0.5203337299979017,0.1243509603776632,2.0,3.0
ett1/w/short,TurkForecast-FM-Chronos2-LoRA-v1,1.9389318805161724,0.2596483891300435,123.0,42.0
ett2/15t/long,TurkForecast-FM-Chronos2-LoRA-v1,0.8903270215343758,0.0928944831364481,56.0,60.0
ett2/15t/medium,TurkForecast-FM-Chronos2-LoRA-v1,0.8487085901964821,0.0873889550421822,23.0,30.0
ett2/15t/short,TurkForecast-FM-Chronos2-LoRA-v1,0.338607453936347,0.0349142069036886,1.0,1.0
ett2/d/short,TurkForecast-FM-Chronos2-LoRA-v1,1.9556510338798443,0.2467312340221731,122.0,129.0
ett2/h/long,TurkForecast-FM-Chronos2-LoRA-v1,1.0480351820112477,0.1050584396802398,61.0,49.0
ett2/h/medium,TurkForecast-FM-Chronos2-LoRA-v1,1.0901769049896204,0.109115110250553,93.0,77.0
ett2/h/short,TurkForecast-FM-Chronos2-LoRA-v1,1.0860030503952955,0.119146402702528,125.0,127.0
ett2/w/short,TurkForecast-FM-Chronos2-LoRA-v1,0.930140857732958,0.071826914192675,82.0,2.0
hierarchical_sales/d/short,TurkForecast-FM-Chronos2-LoRA-v1,0.6085223460366644,0.5227454262865514,1.0,1.0
hierarchical_sales/w/short,TurkForecast-FM-Chronos2-LoRA-v1,0.8621687897941697,0.4190792956647283,117.0,111.0
hospital/m/short,TurkForecast-FM-Chronos2-LoRA-v1,0.8597670915810088,0.0740885931112302,119.0,120.0
jena_weather/10t/long,TurkForecast-FM-Chronos2-LoRA-v1,0.6918561732061718,0.0513843815936062,96.0,66.0
jena_weather/10t/medium,TurkForecast-FM-Chronos2-LoRA-v1,0.6057200244714774,0.0496059978779397,57.0,62.0
jena_weather/10t/short,TurkForecast-FM-Chronos2-LoRA-v1,0.8509935845199619,0.0008763931003529,125.0,1.0
jena_weather/d/short,TurkForecast-FM-Chronos2-LoRA-v1,0.8993278589429283,0.005785124574119,3.0,1.0
jena_weather/h/long,TurkForecast-FM-Chronos2-LoRA-v1,1.0084402648660813,0.0585725405228165,64.0,57.0
jena_weather/h/medium,TurkForecast-FM-Chronos2-LoRA-v1,0.7856590893334519,0.050332724275342,53.0,38.0
jena_weather/h/short,TurkForecast-FM-Chronos2-LoRA-v1,0.6440790394692644,0.0021862307638049,115.0,1.0
kdd_cup_2018/d/short,TurkForecast-FM-Chronos2-LoRA-v1,0.7474060642847339,0.4322835798077091,1.0,107.0
kdd_cup_2018/h/long,TurkForecast-FM-Chronos2-LoRA-v1,1.046908916534262,0.4453330441535226,93.0,50.0
kdd_cup_2018/h/medium,TurkForecast-FM-Chronos2-LoRA-v1,1.0401058282304303,0.4172199143643951,52.0,37.0
kdd_cup_2018/h/short,TurkForecast-FM-Chronos2-LoRA-v1,0.958027150164678,0.3917997154385879,83.0,82.0
loop_seattle/5t/long,TurkForecast-FM-Chronos2-LoRA-v1,0.9113433908564642,0.0795193568123974,79.0,70.0
loop_seattle/5t/medium,TurkForecast-FM-Chronos2-LoRA-v1,0.845525262307259,0.0741713136524417,78.0,71.0
loop_seattle/5t/short,TurkForecast-FM-Chronos2-LoRA-v1,0.4637518482637061,0.0500886598592809,2.0,79.0
loop_seattle/d/short,TurkForecast-FM-Chronos2-LoRA-v1,0.9562158922375632,0.0309195965120866,108.0,3.0
loop_seattle/h/long,TurkForecast-FM-Chronos2-LoRA-v1,0.8735345852417211,0.0593385872215878,51.0,40.0
loop_seattle/h/medium,TurkForecast-FM-Chronos2-LoRA-v1,0.907609396259916,0.0628153587206585,50.0,45.0
loop_seattle/h/short,TurkForecast-FM-Chronos2-LoRA-v1,0.6031596229164817,0.0498946157542692,1.0,11.0
m4_daily/d/short,TurkForecast-FM-Chronos2-LoRA-v1,1.5319453498062423,0.0267802681965197,1.0,108.0
m4_hourly/h/short,TurkForecast-FM-Chronos2-LoRA-v1,0.648396571302382,0.0218804631866145,11.0,51.0
m4_monthly/m/short,TurkForecast-FM-Chronos2-LoRA-v1,2.5904531963588107,0.040901510229704,125.0,1.0
m4_quarterly/q/short,TurkForecast-FM-Chronos2-LoRA-v1,1.1289480023112772,0.0208571242407581,14.0,1.0
m4_weekly/w/short,TurkForecast-FM-Chronos2-LoRA-v1,2.010269640900077,0.0498302867682196,49.0,106.0
m4_yearly/a/short,TurkForecast-FM-Chronos2-LoRA-v1,2.5353122073318635,0.0494973709184788,2.0,1.0
m_dense/d/short,TurkForecast-FM-Chronos2-LoRA-v1,0.8689651659452137,0.1237893502204041,112.0,120.0
m_dense/h/long,TurkForecast-FM-Chronos2-LoRA-v1,0.6824050396489317,0.1133079726778582,40.0,39.0
m_dense/h/medium,TurkForecast-FM-Chronos2-LoRA-v1,0.6970900925375951,0.1172163131736959,52.0,57.0
m_dense/h/short,TurkForecast-FM-Chronos2-LoRA-v1,0.5180690556036381,0.0971235202025804,1.0,1.0
restaurant/d/short,TurkForecast-FM-Chronos2-LoRA-v1,0.725015936999844,0.3035090489046448,102.0,109.0
saugeen/d/short,TurkForecast-FM-Chronos2-LoRA-v1,2.5544081416350553,0.5909052350266903,6.0,126.0
saugeen/m/short,TurkForecast-FM-Chronos2-LoRA-v1,0.6033998468352851,0.312059723181511,2.0,83.0
saugeen/w/short,TurkForecast-FM-Chronos2-LoRA-v1,0.2901206979928427,0.1856047022634849,2.0,2.0
solar/10t/long,TurkForecast-FM-Chronos2-LoRA-v1,0.7941239726053174,0.2900662040027847,33.0,16.0
solar/10t/medium,TurkForecast-FM-Chronos2-LoRA-v1,0.7899656500667791,0.2902240427950798,16.0,8.0
solar/10t/short,TurkForecast-FM-Chronos2-LoRA-v1,0.7784342503824689,0.3859580534483757,17.0,17.0
solar/d/short,TurkForecast-FM-Chronos2-LoRA-v1,0.754791892927362,0.1830297356762598,4.0,3.0
solar/h/long,TurkForecast-FM-Chronos2-LoRA-v1,0.995109673968544,0.3396900582695741,87.0,68.0
solar/h/medium,TurkForecast-FM-Chronos2-LoRA-v1,1.0693943523681286,0.3629792518845982,117.0,93.0
solar/h/short,TurkForecast-FM-Chronos2-LoRA-v1,0.8526820348967128,0.25984255080819,59.0,21.0
solar/w/short,TurkForecast-FM-Chronos2-LoRA-v1,0.4446646429488684,0.0518428384037627,2.0,2.0
sz_taxi/15t/long,TurkForecast-FM-Chronos2-LoRA-v1,0.5097233936474667,0.2011106580950573,57.0,61.0
sz_taxi/15t/medium,TurkForecast-FM-Chronos2-LoRA-v1,0.5346223799157326,0.2020288543113543,36.0,40.0
sz_taxi/15t/short,TurkForecast-FM-Chronos2-LoRA-v1,0.4443898701852468,0.1473147168143663,1.0,1.0
sz_taxi/h/short,TurkForecast-FM-Chronos2-LoRA-v1,0.5346529789677261,0.0955011940389498,1.0,1.0
temperature_rain/d/short,TurkForecast-FM-Chronos2-LoRA-v1,4.833495982554783,0.4068868875347929,128.0,1.0
us_births/d/short,TurkForecast-FM-Chronos2-LoRA-v1,0.7682235467834035,0.0175205492616178,117.0,45.0
us_births/m/short,TurkForecast-FM-Chronos2-LoRA-v1,1.344911389496713,0.0511548941632414,123.0,129.0
us_births/w/short,TurkForecast-FM-Chronos2-LoRA-v1,0.6602110512574637,0.008023667974401,1.0,1.0
m4_yearly/a/short,VISIT-1.0,3.965954932,0.137145657,112.0,102.0
ett1/w/short,VISIT-1.0,1.768920788,0.311825147,119.0,106.0
bizitobs_l2c/h/short,VISIT-1.0,1.086094004,0.486324806,122.0,119.0
bizitobs_l2c/h/medium,VISIT-1.0,1.485089827,0.863952307,123.0,125.0
bizitobs_l2c/h/long,VISIT-1.0,1.427895214,0.817819415,125.0,124.0
ett2/d/short,VISIT-1.0,1.390114316,0.153311002,90.0,121.0
solar/w/short,VISIT-1.0,1.470350678,0.209747628,104.0,102.0
jena_weather/d/short,VISIT-1.0,1.57341403,0.210590857,116.0,128.0
saugeen/m/short,VISIT-1.0,1.230295346,0.767893298,128.0,128.0
kdd_cup_2018/h/short,VISIT-1.0,1.280008297,0.561863083,124.0,124.0
kdd_cup_2018/h/medium,VISIT-1.0,1.445873627,0.999670725,127.0,129.0
kdd_cup_2018/h/long,VISIT-1.0,1.180184135,1.246051173,122.0,127.0
loop_seattle/h/short,VISIT-1.0,1.591891706,0.182063651,128.0,128.0
loop_seattle/h/medium,VISIT-1.0,1.776697704,0.457648372,128.0,128.0
loop_seattle/h/long,VISIT-1.0,1.751202365,0.556466107,127.0,128.0
ett1/h/short,VISIT-1.0,1.825025819,0.40679017,128.0,126.0
ett1/h/medium,VISIT-1.0,2.032829042,0.841462733,125.0,127.0
ett1/h/long,VISIT-1.0,2.272855241,0.986852633,125.0,126.0
ett1/d/short,VISIT-1.0,1.778369788,0.408433578,102.0,125.0
covid_deaths/d/short,VISIT-1.0,46.91239826,0.126723278,117.0,119.0
m4_quarterly/q/short,VISIT-1.0,1.477034188,0.094339172,118.0,113.0
ett2/15t/short,VISIT-1.0,1.244310243,0.121073408,126.0,128.0
ett2/15t/medium,VISIT-1.0,1.2168516,0.242030651,125.0,126.0
ett2/15t/long,VISIT-1.0,1.300946032,0.28312587,124.0,126.0
bizitobs_l2c/5t/short,VISIT-1.0,0.283065772,0.080084607,86.0,93.0
bizitobs_l2c/5t/medium,VISIT-1.0,0.825571982,0.358834137,95.0,87.0
bizitobs_l2c/5t/long,VISIT-1.0,1.248406562,0.591979541,111.0,102.0
solar/10t/short,VISIT-1.0,1.449262586,0.94314235,117.0,122.0
solar/10t/medium,VISIT-1.0,2.564335861,1.37370654,126.0,126.0
solar/10t/long,VISIT-1.0,2.017857284,1.549016337,123.0,126.0
temperature_rain/d/short,VISIT-1.0,2.011535765,1.26794552,125.0,126.0
m4_hourly/h/short,VISIT-1.0,11.6076876,0.1364885,127.0,127.0
m4_daily/d/short,VISIT-1.0,3.278424297,0.024356148,60.0,100.0
ett2/h/short,VISIT-1.0,1.087203562,0.112760802,126.0,126.0
ett2/h/medium,VISIT-1.0,1.427555015,0.294769337,125.0,128.0
ett2/h/long,VISIT-1.0,1.322869935,0.349377097,116.0,128.0
car_parts/m/short,VISIT-1.0,1.212543321,2.499976551,120.0,128.0
loop_seattle/5t/short,VISIT-1.0,0.892790556,0.11567082,125.0,128.0
loop_seattle/5t/medium,VISIT-1.0,1.987133946,0.326867287,127.0,128.0
loop_seattle/5t/long,VISIT-1.0,1.408835031,0.360518643,125.0,128.0
loop_seattle/d/short,VISIT-1.0,1.732395706,0.10325476,127.0,127.0
sz_taxi/15t/short,VISIT-1.0,0.785596893,0.661161122,127.0,127.0
sz_taxi/15t/medium,VISIT-1.0,0.779204933,1.935540324,127.0,128.0
sz_taxi/15t/long,VISIT-1.0,0.742344567,2.401991848,122.0,128.0
m_dense/h/short,VISIT-1.0,2.713986491,0.538739792,128.0,126.0
m_dense/h/medium,VISIT-1.0,2.735230066,1.202480846,127.0,128.0
m_dense/h/long,VISIT-1.0,2.855573014,1.442547328,128.0,128.0
electricity/15t/short,VISIT-1.0,2.456280689,0.220644107,126.0,125.0
electricity/15t/medium,VISIT-1.0,3.457518566,0.429820293,127.0,129.0
electricity/15t/long,VISIT-1.0,3.412327584,0.477969644,127.0,129.0
saugeen/d/short,VISIT-1.0,3.413049306,0.585014174,118.0,123.0
bitbrains_rnd/h/short,VISIT-1.0,5.871568507,1.459027782,77.0,128.0
bitbrains_rnd/5t/short,VISIT-1.0,2.056416521,0.868334637,118.0,126.0
bitbrains_rnd/5t/medium,VISIT-1.0,4.774544594,2.00820742,115.0,128.0
bitbrains_rnd/5t/long,VISIT-1.0,3.986885675,2.361494687,119.0,128.0
m_dense/d/short,VISIT-1.0,1.669336881,0.226865657,126.0,126.0
saugeen/w/short,VISIT-1.0,1.990658005,0.734035221,127.0,125.0
jena_weather/h/short,VISIT-1.0,0.647771746,0.307798359,117.0,127.0
jena_weather/h/medium,VISIT-1.0,0.87273452,0.927416584,98.0,127.0
jena_weather/h/long,VISIT-1.0,1.465794979,1.140949148,120.0,127.0
bitbrains_fast_storage/h/short,VISIT-1.0,1.407856421,1.205840521,117.0,126.0
kdd_cup_2018/d/short,VISIT-1.0,1.497034374,0.674506129,127.0,124.0
sz_taxi/h/short,VISIT-1.0,0.834605694,0.485820598,126.0,127.0
ett1/15t/short,VISIT-1.0,1.969401564,0.384811451,129.0,126.0
ett1/15t/medium,VISIT-1.0,1.823105935,0.617472453,128.0,127.0
ett1/15t/long,VISIT-1.0,2.044637829,0.715586134,127.0,125.0
m4_monthly/m/short,VISIT-1.0,1.205128988,0.129360852,117.0,120.0
electricity/w/short,VISIT-1.0,2.089699506,0.099303202,114.0,113.0
bitbrains_fast_storage/5t/short,VISIT-1.0,1.094814628,0.892946468,118.0,125.0
bitbrains_fast_storage/5t/medium,VISIT-1.0,1.271487397,2.049123907,115.0,128.0
bitbrains_fast_storage/5t/long,VISIT-1.0,1.190359881,2.122607238,117.0,128.0
hospital/m/short,VISIT-1.0,0.96760003,0.086342501,123.0,122.0
us_births/w/short,VISIT-1.0,1.563420434,0.019296796,120.0,113.0
us_births/m/short,VISIT-1.0,1.499460001,0.039028588,124.0,125.0
jena_weather/10t/short,VISIT-1.0,0.363827245,0.287723341,109.0,128.0
jena_weather/10t/medium,VISIT-1.0,0.760320475,0.881887332,119.0,129.0
jena_weather/10t/long,VISIT-1.0,0.753193086,1.070325464,110.0,129.0
electricity/d/short,VISIT-1.0,1.9870414,0.104059871,126.0,125.0
bizitobs_application/10s/short,VISIT-1.0,3.763641919,0.038218857,113.0,114.0
bizitobs_application/10s/medium,VISIT-1.0,6.519459026,0.088534507,110.0,119.0
bizitobs_application/10s/long,VISIT-1.0,7.207407834,0.097354213,110.0,119.0
us_births/d/short,VISIT-1.0,1.864839191,0.119526866,127.0,129.0
restaurant/d/short,VISIT-1.0,1.006075745,0.677016475,124.0,127.0
hierarchical_sales/d/short,VISIT-1.0,1.1348034,1.736457207,127.0,128.0
solar/d/short,VISIT-1.0,1.155861191,0.559065116,121.0,124.0
solar/h/short,VISIT-1.0,2.092858499,1.329536974,129.0,128.0
solar/h/medium,VISIT-1.0,2.120411643,2.976347252,127.0,127.0
solar/h/long,VISIT-1.0,2.20364724,3.458736881,125.0,128.0
hierarchical_sales/w/short,VISIT-1.0,1.025013378,0.832226753,125.0,128.0
ett2/w/short,VISIT-1.0,0.778520953,0.133677589,36.0,113.0
bizitobs_service/10s/short,VISIT-1.0,2.188686925,0.036596223,114.0,116.0
bizitobs_service/10s/medium,VISIT-1.0,3.706699935,0.095261789,113.0,122.0
bizitobs_service/10s/long,VISIT-1.0,3.859549432,0.11879425,114.0,124.0
m4_weekly/w/short,VISIT-1.0,2.777295047,0.060870395,110.0,119.0
electricity/h/short,VISIT-1.0,3.922376437,0.29433055,128.0,127.0
electricity/h/medium,VISIT-1.0,4.089287698,0.559183307,126.0,129.0
electricity/h/long,VISIT-1.0,4.015252993,0.668018805,127.0,128.0
bitbrains_fast_storage/5t/long,ValBestSingle-cmtt,0.86663423491602,0.9925363756519324,28.0,115.0
bitbrains_fast_storage/5t/medium,ValBestSingle-cmtt,0.948173735353074,0.8288329530502643,29.0,106.0
bitbrains_fast_storage/5t/short,ValBestSingle-cmtt,0.690295971506051,0.4793347471032019,58.0,103.0
bitbrains_fast_storage/h/short,ValBestSingle-cmtt,1.0670967357030117,0.8231860952058265,59.0,109.0
bitbrains_rnd/5t/long,ValBestSingle-cmtt,3.267014197887756,0.6417360544304969,22.0,61.0
bitbrains_rnd/5t/medium,ValBestSingle-cmtt,4.313929512799595,0.5863850854536545,7.0,12.0
bitbrains_rnd/5t/short,ValBestSingle-cmtt,1.579622643188623,0.4676339061937542,19.0,96.0
bitbrains_rnd/h/short,ValBestSingle-cmtt,5.80932558597257,0.8620957032241595,46.0,115.0
bizitobs_application/10s/long,ValBestSingle-cmtt,2.933430296713408,0.0560183771176457,12.0,85.0
bizitobs_application/10s/medium,ValBestSingle-cmtt,2.390983771480361,0.0442383568251612,54.0,88.0
bizitobs_application/10s/short,ValBestSingle-cmtt,1.2015828254397234,0.0146200398619338,64.0,77.0
bizitobs_l2c/5t/long,ValBestSingle-cmtt,0.6061023655955687,0.3410663617711625,51.0,72.0
bizitobs_l2c/5t/medium,ValBestSingle-cmtt,0.6732320795961305,0.3700729217781527,77.0,99.0
bizitobs_l2c/5t/short,ValBestSingle-cmtt,0.2255713418048483,0.074889069916537,24.0,70.0
bizitobs_l2c/h/long,ValBestSingle-cmtt,0.6142980068021322,0.353657564309242,83.0,95.0
bizitobs_l2c/h/medium,ValBestSingle-cmtt,0.5063595028082796,0.3034167326714266,65.0,89.0
bizitobs_l2c/h/short,ValBestSingle-cmtt,0.4313480134361925,0.2392309814922844,39.0,90.0
bizitobs_service/10s/long,ValBestSingle-cmtt,1.286232806394766,0.0561002253574047,19.0,87.0
bizitobs_service/10s/medium,ValBestSingle-cmtt,1.0144252186557996,0.0288411204460156,40.0,68.0
bizitobs_service/10s/short,ValBestSingle-cmtt,0.7032063520300167,0.0125327175730915,27.0,63.0
car_parts/m/short,ValBestSingle-cmtt,0.8238442774451531,1.060267049781701,10.0,86.0
covid_deaths/d/short,ValBestSingle-cmtt,37.43747046542028,0.0384646335308131,82.0,68.0
electricity/15t/long,ValBestSingle-cmtt,0.8755009180547396,0.0911668576070031,48.0,98.0
electricity/15t/medium,ValBestSingle-cmtt,0.7949739044509424,0.0871241837322227,16.0,93.0
electricity/15t/short,ValBestSingle-cmtt,0.8893869374641534,0.0907504668634185,17.0,70.0
electricity/d/short,ValBestSingle-cmtt,1.3748976426726809,0.0695674494461851,32.0,102.0
electricity/h/long,ValBestSingle-cmtt,1.189622224740556,0.1109431638671936,54.0,109.0
electricity/h/medium,ValBestSingle-cmtt,1.0592429017398786,0.0939237658981974,45.0,107.0
electricity/h/short,ValBestSingle-cmtt,0.8841763544973119,0.0773913262809317,25.0,98.0
electricity/w/short,ValBestSingle-cmtt,1.619187854110682,0.070954284863565,84.0,100.0
ett1/15t/long,ValBestSingle-cmtt,1.02024456912554,0.3016155578457363,65.0,104.0
ett1/15t/medium,ValBestSingle-cmtt,1.075358606664503,0.3256870031558329,90.0,110.0
ett1/15t/short,ValBestSingle-cmtt,0.677972097398358,0.2060276345556931,44.0,104.0
ett1/d/short,ValBestSingle-cmtt,1.6818402541836692,0.3474543063230797,63.0,112.0
ett1/h/long,ValBestSingle-cmtt,1.406608186858124,0.352433508907288,76.0,113.0
ett1/h/medium,ValBestSingle-cmtt,1.3031440958068323,0.3340701236199008,79.0,113.0
ett1/h/short,ValBestSingle-cmtt,0.8395249764559498,0.2371346775453317,80.0,115.0
ett1/w/short,ValBestSingle-cmtt,1.5985202877822395,0.3822732118549475,76.0,121.0
ett2/15t/long,ValBestSingle-cmtt,0.8951851684498038,0.1147374823008951,61.0,102.0
ett2/15t/medium,ValBestSingle-cmtt,0.939241562205588,0.1201430987224108,94.0,112.0
ett2/15t/short,ValBestSingle-cmtt,0.7537320583124911,0.083252523150153,68.0,110.0
ett2/d/short,ValBestSingle-cmtt,1.262145842462595,0.1105188200967411,18.0,102.0
ett2/h/long,ValBestSingle-cmtt,1.0054270007050194,0.1268855562383228,26.0,104.0
ett2/h/medium,ValBestSingle-cmtt,1.0451832319084586,0.1334626189311901,71.0,113.0
ett2/h/short,ValBestSingle-cmtt,0.7373987606075953,0.081049668196993,64.0,111.0
ett2/w/short,ValBestSingle-cmtt,0.8974412652459781,0.1076436051219431,77.0,97.0
hierarchical_sales/d/short,ValBestSingle-cmtt,0.7486554138243836,0.7133406979588075,76.0,113.0
hierarchical_sales/w/short,ValBestSingle-cmtt,0.7231566263147101,0.4078440298267035,59.0,107.0
hospital/m/short,ValBestSingle-cmtt,0.7525293621528875,0.0627118378356969,37.0,109.0
jena_weather/10t/long,ValBestSingle-cmtt,0.6383987270259981,0.0575203121360555,48.0,86.0
jena_weather/10t/medium,ValBestSingle-cmtt,0.6080058472987112,0.0598384002571259,62.0,94.0
jena_weather/10t/short,ValBestSingle-cmtt,0.279963797017349,0.0328092788926493,56.0,84.0
jena_weather/d/short,ValBestSingle-cmtt,1.0148636076717843,0.0556909174530225,30.0,100.0
jena_weather/h/long,ValBestSingle-cmtt,1.0566829769928126,0.0709069848736877,82.0,97.0
jena_weather/h/medium,ValBestSingle-cmtt,0.7931557743189344,0.0598395840703139,62.0,91.0
jena_weather/h/short,ValBestSingle-cmtt,0.523662633504456,0.0506364286323983,54.0,108.0
kdd_cup_2018/d/short,ValBestSingle-cmtt,1.2007917524556584,0.4744150855559397,81.0,113.0
kdd_cup_2018/h/long,ValBestSingle-cmtt,1.073522066842835,0.5961213547885204,109.0,118.0
kdd_cup_2018/h/medium,ValBestSingle-cmtt,1.1131605091224734,0.5671087984776619,108.0,119.0
kdd_cup_2018/h/short,ValBestSingle-cmtt,1.0033036626886809,0.5021510047693671,101.0,116.0
loop_seattle/5t/long,ValBestSingle-cmtt,0.8266728628324254,0.0923749946320679,46.0,89.0
loop_seattle/5t/medium,ValBestSingle-cmtt,0.7585511695982263,0.0849958539792453,46.0,85.0
loop_seattle/5t/short,ValBestSingle-cmtt,0.5659700955906873,0.0610114912858027,74.0,103.0
loop_seattle/d/short,ValBestSingle-cmtt,0.8746254530176736,0.0518750623275428,42.0,109.0
loop_seattle/h/long,ValBestSingle-cmtt,0.8769095847794188,0.0748539317445762,59.0,97.0
loop_seattle/h/medium,ValBestSingle-cmtt,0.912485737651594,0.0786611887315826,59.0,102.0
loop_seattle/h/short,ValBestSingle-cmtt,0.8244922654099773,0.0719164354217753,55.0,102.0
m4_daily/d/short,ValBestSingle-cmtt,3.233442600326376,0.0264603539408441,41.0,106.0
m4_hourly/h/short,ValBestSingle-cmtt,0.7222996286575414,0.0245572425691359,43.0,73.0
m4_monthly/m/short,ValBestSingle-cmtt,0.921312944085702,0.1147037053461179,44.0,111.0
m4_quarterly/q/short,ValBestSingle-cmtt,1.1456591689397086,0.091337297384441,36.0,110.0
m4_weekly/w/short,ValBestSingle-cmtt,1.8638384764427909,0.0461755584066205,18.0,95.0
m4_yearly/a/short,ValBestSingle-cmtt,3.3638821974676367,0.1437600322002671,70.0,108.0
m_dense/d/short,ValBestSingle-cmtt,0.659736643213776,0.0765880675613895,45.0,93.0
m_dense/h/long,ValBestSingle-cmtt,0.751692607238376,0.1525511301536116,81.0,103.0
m_dense/h/medium,ValBestSingle-cmtt,0.7256923903700657,0.1471931101592143,73.0,103.0
m_dense/h/short,ValBestSingle-cmtt,0.782241139068183,0.1566227785823955,56.0,102.0
restaurant/d/short,ValBestSingle-cmtt,0.6778751739209068,0.3253617287660816,34.0,112.0
saugeen/d/short,ValBestSingle-cmtt,2.998193805233196,0.4370438616335373,80.0,112.0
saugeen/m/short,ValBestSingle-cmtt,0.7310304175109452,0.3746187799500615,57.0,110.0
saugeen/w/short,ValBestSingle-cmtt,1.1704049303195252,0.4355408469074999,29.0,97.0
solar/10t/long,ValBestSingle-cmtt,0.9751405873339556,0.4876400433993387,92.0,99.0
solar/10t/medium,ValBestSingle-cmtt,0.8866432658338546,0.4452244391597781,79.0,96.0
solar/10t/short,ValBestSingle-cmtt,0.6104480290083371,0.4132737908035657,4.0,29.0
solar/d/short,ValBestSingle-cmtt,0.9556222486419722,0.3541417081176575,9.0,110.0
solar/h/long,ValBestSingle-cmtt,0.8260126190480189,0.3767283081803202,35.0,93.0
solar/h/medium,ValBestSingle-cmtt,0.7834544013306716,0.3698937077964639,29.0,98.0
solar/h/short,ValBestSingle-cmtt,0.8790768647808507,0.4202586656737879,78.0,114.0
solar/w/short,ValBestSingle-cmtt,1.1020090222681442,0.2057897900458912,55.0,99.0
sz_taxi/15t/long,ValBestSingle-cmtt,0.5059996771351352,0.2482814434241602,31.0,105.0
sz_taxi/15t/medium,ValBestSingle-cmtt,0.5337761411574364,0.2546810476221881,27.0,110.0
sz_taxi/15t/short,ValBestSingle-cmtt,0.542202427117631,0.2541479446714146,35.0,112.0
sz_taxi/h/short,ValBestSingle-cmtt,0.5605348027479187,0.1713077715695115,42.0,111.0
temperature_rain/d/short,ValBestSingle-cmtt,1.3137964974881058,0.6646540353290408,24.0,111.0
us_births/d/short,ValBestSingle-cmtt,0.3773045151438734,0.0240240993842339,64.0,89.0
us_births/m/short,ValBestSingle-cmtt,0.950202128135872,0.0260936711571131,114.0,118.0
us_births/w/short,ValBestSingle-cmtt,0.9789679105069536,0.0146111737502605,44.0,86.0
loop_seattle/5t/short,Xihe-max,0.55891249,0.04814697,65.0,60.0
loop_seattle/5t/medium,Xihe-max,0.8016960572185369,0.0723004,66.0,65.0
loop_seattle/5t/long,Xihe-max,0.8643729914057043,0.078044132,64.0,62.0
loop_seattle/d/short,Xihe-max,0.8177830268838611,0.040056892,7.0,8.0
loop_seattle/h/short,Xihe-max,0.8226476562270052,0.057879168,52.0,50.0
loop_seattle/h/medium,Xihe-max,0.9078157749020616,0.061630729,53.0,39.0
loop_seattle/h/long,Xihe-max,0.8994190436126114,0.061238438,69.0,61.0
m_dense/d/short,Xihe-max,0.7148130394027843,0.066869633,77.0,63.0
m_dense/h/short,Xihe-max,0.7847471331801037,0.1335557821270395,60.0,71.0
m_dense/h/medium,Xihe-max,0.7070103452613254,0.1189315084185395,66.0,62.0
m_dense/h/long,Xihe-max,0.7202059854599885,0.1182253657898272,68.0,61.0
sz_taxi/15t/short,Xihe-max,0.5481744712554384,0.2042166140725311,74.0,82.0
sz_taxi/15t/medium,Xihe-max,0.5369029547625049,0.2036548577860835,53.0,64.0
sz_taxi/15t/long,Xihe-max,0.5115509994352472,0.1986265846262413,63.0,46.0
sz_taxi/h/short,Xihe-max,0.5632019484004515,0.1377847106185264,60.0,75.0
bitbrains_fast_storage/5t/short,Xihe-max,0.721762658,0.4180751241490739,69.0,70.0
bitbrains_fast_storage/5t/medium,Xihe-max,0.9944859787964452,0.6466734343231637,63.0,64.0
bitbrains_fast_storage/5t/long,Xihe-max,0.9020835917447682,0.753756082,56.0,80.0
bitbrains_fast_storage/h/short,Xihe-max,1.0836269229307502,0.711651156,73.0,90.0
bitbrains_rnd/5t/short,Xihe-max,1.685214824096653,0.436287498,71.0,77.0
bitbrains_rnd/5t/medium,Xihe-max,4.405160706227904,0.6230363221732866,61.0,51.0
bitbrains_rnd/5t/long,Xihe-max,3.3449739213485845,0.5877684725365372,63.0,19.0
bitbrains_rnd/h/short,Xihe-max,5.846193790597633,0.6020814628365917,66.0,26.0
bizitobs_application/10s/short,Xihe-max,1.0127702805614824,0.00930797,25.0,12.0
bizitobs_application/10s/medium,Xihe-max,1.6803280914073229,0.0192475503316723,5.0,5.0
bizitobs_application/10s/long,Xihe-max,3.2666337653169677,0.0551736529590052,62.0,77.0
bizitobs_l2c/5t/short,Xihe-max,0.2760794537119198,0.075943918,70.0,74.0
bizitobs_l2c/5t/medium,Xihe-max,0.8165475147896163,0.3652128522545015,93.0,94.0
bizitobs_l2c/5t/long,Xihe-max,1.077452371416156,0.543603364,89.0,90.0
bizitobs_l2c/h/short,Xihe-max,0.5328521764648978,0.2228605680855997,90.0,84.0
bizitobs_l2c/h/medium,Xihe-max,0.5266006725632296,0.2496012149207334,79.0,65.0
bizitobs_l2c/h/long,Xihe-max,0.6080232944354178,0.279781724,75.0,66.0
bizitobs_service/10s/short,Xihe-max,0.7971252845881031,0.0114994422067017,64.0,50.0
bizitobs_service/10s/medium,Xihe-max,1.0196288044851052,0.018631527,42.0,17.0
bizitobs_service/10s/long,Xihe-max,1.464440826,0.0544165469321525,82.0,78.0
car_parts/m/short,Xihe-max,0.8567573709296786,0.965325598,64.0,39.0
covid_deaths/d/short,Xihe-max,35.65174079300399,0.032067086,69.0,43.0
electricity/15t/short,Xihe-max,1.0601449311684314,0.092251473,79.0,78.0
electricity/15t/medium,Xihe-max,0.8610060398250966,0.077271295,71.0,60.0
electricity/15t/long,Xihe-max,0.8983954315844545,0.075828266,61.0,54.0
electricity/d/short,Xihe-max,1.411082304708791,0.053638383,55.0,26.0
electricity/h/short,Xihe-max,0.5266777041050522,0.0409232941300875,2.0,2.0
electricity/h/medium,Xihe-max,0.5035323510976801,0.039023996,2.0,2.0
electricity/h/long,Xihe-max,0.5395718823299412,0.042692657,2.0,2.0
electricity/w/short,Xihe-max,1.235510299252794,0.0413323428953647,2.0,2.0
ett1/15t/short,Xihe-max,0.6921990942942566,0.1615881402547356,64.0,60.0
ett1/15t/medium,Xihe-max,1.040924167798281,0.247129752658631,79.0,73.0
ett1/15t/long,Xihe-max,1.052520715561906,0.2452476485255973,80.0,70.0
ett1/d/short,Xihe-max,1.766480509851547,0.2850215832859098,97.0,79.0
ett1/h/short,Xihe-max,0.826200412,0.1820624715996708,64.0,67.0
ett1/h/medium,Xihe-max,1.2437675016941585,0.2532031982173865,27.0,39.0
ett1/h/long,Xihe-max,1.3763136987074605,0.2658553328036537,57.0,38.0
ett1/w/short,Xihe-max,1.4671958716619724,0.250431905,18.0,22.0
ett2/15t/short,Xihe-max,0.8047592651818412,0.069044073,97.0,84.0
ett2/15t/medium,Xihe-max,0.9338748634823686,0.093305455,92.0,76.0
ett2/15t/long,Xihe-max,0.9678366807698284,0.096677287,95.0,78.0
ett2/d/short,Xihe-max,1.356286607,0.093705476,83.0,66.0
ett2/h/short,Xihe-max,0.733628095,0.06402786,52.0,44.0
ett2/h/medium,Xihe-max,1.069215162168459,0.1086325413740932,84.0,74.0
ett2/h/long,Xihe-max,1.1241418169681254,0.1111306386601592,95.0,73.0
ett2/w/short,Xihe-max,0.97109793701505,0.096495763,90.0,78.0
hierarchical_sales/d/short,Xihe-max,0.7463516292324174,0.5831236837436201,59.0,84.0
hierarchical_sales/w/short,Xihe-max,0.720057644,0.3488028393314503,51.0,64.0
hospital/m/short,Xihe-max,0.780203251,0.054635547,82.0,83.0
jena_weather/10t/short,Xihe-max,0.2875155359928459,0.029574733703625,67.0,65.0
jena_weather/10t/medium,Xihe-max,0.6203327433754269,0.0517393311284169,76.0,76.0
jena_weather/10t/long,Xihe-max,0.6275846801682163,0.0498276890732645,34.0,59.0
jena_weather/d/short,Xihe-max,1.0149663454998223,0.044515592,32.0,21.0
jena_weather/h/short,Xihe-max,0.5171584578783028,0.043661286,28.0,73.0
jena_weather/h/medium,Xihe-max,0.8089546807730316,0.052214892,69.0,57.0
jena_weather/h/long,Xihe-max,0.9309834216893208,0.0580603096292357,36.0,56.0
kdd_cup_2018/d/short,Xihe-max,1.2239837442467476,0.3897651870136743,107.0,98.0
kdd_cup_2018/h/short,Xihe-max,0.945605209,0.3808412672078531,64.0,65.0
kdd_cup_2018/h/medium,Xihe-max,1.0743486012716004,0.4341800600126724,94.0,75.0
kdd_cup_2018/h/long,Xihe-max,1.048325225768913,0.4605991146972498,97.0,82.0
m4_daily/d/short,Xihe-max,3.2812386485657647,0.0213562966709768,61.0,41.0
m4_hourly/h/short,Xihe-max,0.7744276539957019,0.02129899416139,59.0,47.0
m4_monthly/m/short,Xihe-max,0.9298277658609316,0.093234627,53.0,56.0
m4_quarterly/q/short,Xihe-max,1.1941408917143237,0.075930545,70.0,59.0
m4_weekly/w/short,Xihe-max,2.150585273240526,0.038812459,71.0,62.0
m4_yearly/a/short,Xihe-max,3.3284582612914773,0.1161381383920038,63.0,58.0
restaurant/d/short,Xihe-max,0.6800204241893651,0.2577514809536938,43.0,52.0
saugeen/d/short,Xihe-max,3.037739104607543,0.3677954808954955,88.0,76.0
saugeen/m/short,Xihe-max,0.7555269757230162,0.3260089026113894,90.0,98.0
saugeen/w/short,Xihe-max,1.2176192637701422,0.3813146503384794,67.0,75.0
solar/10t/short,Xihe-max,1.007020243635241,0.5486101887069333,75.0,78.0
solar/10t/medium,Xihe-max,0.879111796,0.3666599803761932,74.0,81.0
solar/10t/long,Xihe-max,0.8631169025612137,0.3473585172078025,75.0,76.0
solar/d/short,Xihe-max,0.9670981233246094,0.2883828229645581,39.0,84.0
solar/h/short,Xihe-max,0.8360415072527302,0.3260290295241634,49.0,60.0
solar/h/medium,Xihe-max,0.8585847271401199,0.324720559,58.0,58.0
solar/h/long,Xihe-max,0.9634456738032544,0.3384275128458303,76.0,66.0
solar/w/short,Xihe-max,0.964771616,0.1414645606805211,17.0,31.0
temperature_rain/d/short,Xihe-max,1.3708054539036223,0.570111747,78.0,82.0
us_births/d/short,Xihe-max,0.3781654010349133,0.019677576,65.0,63.0
us_births/m/short,Xihe-max,0.8559174352593576,0.0167830348478383,105.0,93.0
us_births/w/short,Xihe-max,1.263213700535578,0.014881743,93.0,90.0
loop_seattle/5t/short,Xihe-ultra,0.5525362998379605,0.047383994,54.0,49.0
loop_seattle/5t/medium,Xihe-ultra,0.7891794207190156,0.070789544,56.0,59.0
loop_seattle/5t/long,Xihe-ultra,0.8572834423092317,0.076725057,60.0,57.0
loop_seattle/d/short,Xihe-ultra,0.8156672950509517,0.0400163837509497,6.0,7.0
loop_seattle/h/short,Xihe-ultra,0.8297236668002693,0.0586277937058121,62.0,55.0
loop_seattle/h/medium,Xihe-ultra,0.9104377164081832,0.061905687,56.0,41.0
loop_seattle/h/long,Xihe-ultra,0.8954051820383957,0.060832148,68.0,58.0
m_dense/d/short,Xihe-ultra,0.7043517277360063,0.065114109,72.0,54.0
m_dense/h/short,Xihe-ultra,0.7916560735820326,0.1334740172149549,66.0,70.0
m_dense/h/medium,Xihe-ultra,0.7031574416225225,0.1213822676297944,61.0,73.0
m_dense/h/long,Xihe-ultra,0.7148072681487547,0.1189140250371111,65.0,63.0
sz_taxi/15t/short,Xihe-ultra,0.5462189537812815,0.2036165907762556,65.0,78.0
sz_taxi/15t/medium,Xihe-ultra,0.5366250260285236,0.2032815616939901,52.0,59.0
sz_taxi/15t/long,Xihe-ultra,0.5093306830530901,0.1974901292023047,55.0,30.0
sz_taxi/h/short,Xihe-ultra,0.5636197936304952,0.1377035121902364,63.0,73.0
bitbrains_fast_storage/5t/short,Xihe-ultra,0.7214019874809705,0.4214194016966749,68.0,72.0
bitbrains_fast_storage/5t/medium,Xihe-ultra,0.9761514890953042,0.6425679957485908,49.0,59.0
bitbrains_fast_storage/5t/long,Xihe-ultra,0.8848255286825402,0.6962672346450743,46.0,51.0
bitbrains_fast_storage/h/short,Xihe-ultra,1.0699317805783952,0.7206755493589037,68.0,92.0
bitbrains_rnd/5t/short,Xihe-ultra,1.6547397376366055,0.4280030822390958,63.0,69.0
bitbrains_rnd/5t/medium,Xihe-ultra,4.382693427175122,0.6129070867805502,45.0,39.0
bitbrains_rnd/5t/long,Xihe-ultra,3.3021078255405243,0.6129977297103549,41.0,36.0
bitbrains_rnd/h/short,Xihe-ultra,5.8293048824970635,0.6128791462198312,61.0,40.0
bizitobs_application/10s/short,Xihe-ultra,1.0864350750778309,0.009110071,48.0,9.0
bizitobs_application/10s/medium,Xihe-ultra,1.395300264927214,0.0169757045580604,3.0,3.0
bizitobs_application/10s/long,Xihe-ultra,3.125557401569899,0.052742588,32.0,49.0
bizitobs_l2c/5t/short,Xihe-ultra,0.2756367488788276,0.074610059,67.0,67.0
bizitobs_l2c/5t/medium,Xihe-ultra,0.8267371123610818,0.3663172065816551,97.0,96.0
bizitobs_l2c/5t/long,Xihe-ultra,1.1896701400927294,0.6044385431661644,99.0,105.0
bizitobs_l2c/h/short,Xihe-ultra,0.5257759839227331,0.2193497478880942,87.0,81.0
bizitobs_l2c/h/medium,Xihe-ultra,0.4947444858525362,0.2360158450982762,51.0,50.0
bizitobs_l2c/h/long,Xihe-ultra,0.5902358580942464,0.2787145090927939,65.0,62.0
bizitobs_service/10s/short,Xihe-ultra,0.7909498339019101,0.011556168755544,60.0,53.0
bizitobs_service/10s/medium,Xihe-ultra,1.0327667301739094,0.023266825,47.0,44.0
bizitobs_service/10s/long,Xihe-ultra,1.4023801133588474,0.0524165302684532,78.0,53.0
car_parts/m/short,Xihe-ultra,0.8537271281871612,0.9744766195694426,58.0,47.0
covid_deaths/d/short,Xihe-ultra,37.16358485,0.0407188523332223,80.0,71.0
electricity/15t/short,Xihe-ultra,1.0594491433135709,0.092759967,78.0,81.0
electricity/15t/medium,Xihe-ultra,0.8620942065477268,0.07778859,73.0,61.0
electricity/15t/long,Xihe-ultra,0.9007781198316952,0.076901067,62.0,57.0
electricity/d/short,Xihe-ultra,1.392854968419864,0.052883138,47.0,10.0
electricity/h/short,Xihe-ultra,0.4413557195412455,0.035983388,1.0,1.0
electricity/h/medium,Xihe-ultra,0.3921131329517311,0.033395714,1.0,1.0
electricity/h/long,Xihe-ultra,0.4245804723290249,0.036251388,1.0,1.0
electricity/w/short,Xihe-ultra,1.139842112,0.0398298336778693,1.0,1.0
ett1/15t/short,Xihe-ultra,0.690471116,0.1590738469109185,62.0,52.0
ett1/15t/medium,Xihe-ultra,1.0252467472794304,0.2433245181696297,70.0,66.0
ett1/15t/long,Xihe-ultra,1.0361203536890342,0.2410556896133796,73.0,61.0
ett1/d/short,Xihe-ultra,1.698397637,0.2692610560183823,70.0,18.0
ett1/h/short,Xihe-ultra,0.8132978201905047,0.1785686537437323,45.0,54.0
ett1/h/medium,Xihe-ultra,1.271515120497746,0.2575811887397268,59.0,53.0
ett1/h/long,Xihe-ultra,1.396815170728968,0.2701140712720095,72.0,50.0
ett1/w/short,Xihe-ultra,1.504317575590085,0.2531145081770716,29.0,29.0
ett2/15t/short,Xihe-ultra,0.7522992938019447,0.06721522,64.0,76.0
ett2/15t/medium,Xihe-ultra,0.8874042623701659,0.09114545,65.0,67.0
ett2/15t/long,Xihe-ultra,0.9321516602255124,0.095926079,83.0,75.0
ett2/d/short,Xihe-ultra,1.3535025951469044,0.092895067,82.0,53.0
ett2/h/short,Xihe-ultra,0.7391487451530276,0.064918661,69.0,67.0
ett2/h/medium,Xihe-ultra,1.067258062400856,0.1083502014471659,83.0,73.0
ett2/h/long,Xihe-ultra,1.0830957131923122,0.1059619792855713,82.0,55.0
ett2/w/short,Xihe-ultra,1.0055537332869773,0.096978845,95.0,80.0
hierarchical_sales/d/short,Xihe-ultra,0.7431484433132276,0.5818644309389445,35.0,80.0
hierarchical_sales/w/short,Xihe-ultra,0.7175628054321711,0.3484804474257159,44.0,62.0
hospital/m/short,Xihe-ultra,0.767976626,0.051303862269502,62.0,50.0
jena_weather/10t/short,Xihe-ultra,0.2895513290626613,0.0303463023408892,69.0,72.0
jena_weather/10t/medium,Xihe-ultra,0.614209971,0.05085375,68.0,71.0
jena_weather/10t/long,Xihe-ultra,0.6160430266889381,0.048397793,20.0,42.0
jena_weather/d/short,Xihe-ultra,1.0360840764147228,0.046278646,44.0,52.0
jena_weather/h/short,Xihe-ultra,0.5121741541179023,0.0422606261426658,8.0,57.0
jena_weather/h/medium,Xihe-ultra,0.8184800904335158,0.053919094,78.0,66.0
jena_weather/h/long,Xihe-ultra,0.9639472061702166,0.0601015537718696,50.0,66.0
kdd_cup_2018/d/short,Xihe-ultra,1.2234100180682037,0.3880664698822201,106.0,94.0
kdd_cup_2018/h/short,Xihe-ultra,0.9458608796544428,0.378856806175965,66.0,58.0
kdd_cup_2018/h/medium,Xihe-ultra,1.060943294578158,0.4270901931119261,84.0,65.0
kdd_cup_2018/h/long,Xihe-ultra,1.0252590932213814,0.450068242,66.0,62.0
m4_daily/d/short,Xihe-ultra,3.246458191750085,0.0213499669507196,46.0,40.0
m4_hourly/h/short,Xihe-ultra,0.7439293956315816,0.0212171497460011,54.0,46.0
m4_monthly/m/short,Xihe-ultra,0.9283490505012216,0.09301896,50.0,53.0
m4_quarterly/q/short,Xihe-ultra,1.1829328735162112,0.075217666,62.0,52.0
m4_weekly/w/short,Xihe-ultra,2.0732618992708964,0.039268817,60.0,65.0
m4_yearly/a/short,Xihe-ultra,3.3786454870854623,0.1176983972738009,75.0,67.0
restaurant/d/short,Xihe-ultra,0.6791176103861518,0.2573412677222934,40.0,49.0
saugeen/d/short,Xihe-ultra,3.213345540430402,0.3948183127332798,103.0,92.0
saugeen/m/short,Xihe-ultra,0.7547769059101183,0.3200300498214323,88.0,92.0
saugeen/w/short,Xihe-ultra,1.273077472183066,0.3872156226012375,87.0,81.0
solar/10t/short,Xihe-ultra,0.9863113424762432,0.5311131418858885,71.0,74.0
solar/10t/medium,Xihe-ultra,0.8480618409779851,0.3515323842208734,64.0,74.0
solar/10t/long,Xihe-ultra,0.7981416962771917,0.3190774332691369,41.0,55.0
solar/d/short,Xihe-ultra,0.9952286512140318,0.3078397437954654,84.0,102.0
solar/h/short,Xihe-ultra,0.8382970095109584,0.3267323203201621,52.0,61.0
solar/h/medium,Xihe-ultra,0.8488050409128891,0.3194871062084086,55.0,53.0
solar/h/long,Xihe-ultra,0.9534993997102684,0.3311878273138458,69.0,60.0
solar/w/short,Xihe-ultra,0.9259448562764692,0.1385156189229627,11.0,21.0
temperature_rain/d/short,Xihe-ultra,1.3759068414149989,0.5717960169197225,81.0,84.0
us_births/d/short,Xihe-ultra,0.3603960998230391,0.018689506,58.0,56.0
us_births/m/short,Xihe-ultra,1.0382850650156994,0.0217268589017769,116.0,109.0
us_births/w/short,Xihe-ultra,1.1728447853359485,0.013973287,80.0,78.0
car_parts/m/short,YingLong_110m,1.042972189100596,1.1609190089229378,111.0,103.0
solar/d/short,YingLong_110m,0.9732760927275498,0.2842868608780193,54.0,76.0
bizitobs_application/10s/short,YingLong_110m,1.6094207599473829,0.0160324211305041,89.0,82.0
bizitobs_application/10s/medium,YingLong_110m,3.6654339255789594,0.0493313648740927,101.0,102.0
bizitobs_application/10s/long,YingLong_110m,4.3767350951622985,0.0575771418541374,101.0,91.0
ett1/d/short,YingLong_110m,1.7278003705101963,0.2799443289488829,87.0,64.0
ett1/w/short,YingLong_110m,1.5250727690609622,0.2528383972571947,38.0,28.0
hospital/m/short,YingLong_110m,0.780682014214452,0.054137476375947,84.0,78.0
electricity/w/short,YingLong_110m,1.6906766671378068,0.0568398686961493,92.0,78.0
hierarchical_sales/w/short,YingLong_110m,0.7420677178441749,0.3687032562737851,87.0,99.0
ett2/w/short,YingLong_110m,1.1859454986372289,0.1128394040690246,113.0,105.0
bizitobs_service/10s/short,YingLong_110m,1.0746929494411337,0.0158236069161317,89.0,86.0
bizitobs_service/10s/medium,YingLong_110m,1.8281844017773472,0.0448172043138526,99.0,99.0
bizitobs_service/10s/long,YingLong_110m,1.89335579626426,0.0601586077501251,96.0,97.0
us_births/w/short,YingLong_110m,1.2990108718894304,0.0152737308948069,96.0,92.0
us_births/m/short,YingLong_110m,0.6502323111027395,0.0135742571718928,52.0,52.0
solar/h/short,YingLong_110m,0.8804431656373053,0.3430711896492029,81.0,87.0
solar/h/medium,YingLong_110m,0.9391865615780406,0.3672737353222672,94.0,96.0
solar/h/long,YingLong_110m,0.9975936672777356,0.3695688623863586,89.0,88.0
loop_seattle/h/short,YingLong_110m,0.884904762340182,0.0625666537078707,83.0,73.0
loop_seattle/h/medium,YingLong_110m,0.9752768181998628,0.0675196517741423,85.0,71.0
loop_seattle/h/long,YingLong_110m,0.9799117689366712,0.0682400740590624,93.0,84.0
bitbrains_rnd/5t/short,YingLong_110m,1.7586382192009924,0.4293571966948413,86.0,70.0
bitbrains_rnd/5t/medium,YingLong_110m,4.513589574300016,0.6734731764383273,90.0,86.0
m4_quarterly/q/short,YingLong_110m,1.4733073524974245,0.0882082277748772,117.0,107.0
hierarchical_sales/d/short,YingLong_110m,0.7557288351703992,0.5847970303492365,98.0,86.0
solar/w/short,YingLong_110m,2.1729912508262035,0.3172612244118224,122.0,121.0
bitbrains_rnd/5t/long,YingLong_110m,3.4640875677908043,0.6479758135832705,89.0,66.0
jena_weather/10t/short,YingLong_110m,0.3244455062148568,0.0306395209585856,94.0,74.0
jena_weather/10t/medium,YingLong_110m,0.6405198409986587,0.0557072030209336,86.0,87.0
jena_weather/10t/long,YingLong_110m,0.647390345084517,0.059911383129092,61.0,90.0
ett2/h/short,YingLong_110m,0.7430531378811844,0.0646473544645334,75.0,62.0
ett2/h/medium,YingLong_110m,1.0296640197015383,0.1041337052597714,50.0,50.0
ett2/h/long,YingLong_110m,1.0983183735154745,0.1108865766785165,90.0,72.0
sz_taxi/h/short,YingLong_110m,0.5647840552609904,0.1361426119807096,67.0,61.0
bitbrains_rnd/h/short,YingLong_110m,5.915073307974757,0.6922823514290165,91.0,96.0
temperature_rain/d/short,YingLong_110m,1.4092067762158809,0.5695113851444837,91.0,81.0
saugeen/w/short,YingLong_110m,1.1173300535021184,0.3386746927817969,9.0,10.0
jena_weather/d/short,YingLong_110m,1.119835715322047,0.047642228426339,76.0,67.0
bitbrains_fast_storage/5t/short,YingLong_110m,0.7746741240390985,0.4190319350630545,84.0,71.0
m4_yearly/a/short,YingLong_110m,4.716552389805132,0.1588989513840055,120.0,117.0
covid_deaths/d/short,YingLong_110m,46.26887410004859,0.0787579692151736,113.0,109.0
saugeen/d/short,YingLong_110m,3.006842335499278,0.3600684836259978,82.0,70.0
bizitobs_l2c/h/short,YingLong_110m,0.544079942342998,0.2286716253990275,96.0,86.0
bizitobs_l2c/h/medium,YingLong_110m,0.6549118588142214,0.3056147204016453,94.0,90.0
bizitobs_l2c/h/long,YingLong_110m,0.7759753162582762,0.3580713160303097,100.0,98.0
kdd_cup_2018/d/short,YingLong_110m,1.175281319525241,0.3749615411328965,16.0,47.0
bizitobs_l2c/5t/short,YingLong_110m,0.2880674767032388,0.077275721016552,95.0,81.0
bizitobs_l2c/5t/medium,YingLong_110m,0.9018982754305164,0.3862613771152057,113.0,105.0
bizitobs_l2c/5t/long,YingLong_110m,1.2567234613394984,0.5918333986329958,113.0,101.0
restaurant/d/short,YingLong_110m,0.7097982312540012,0.2703437743348678,94.0,91.0
bitbrains_fast_storage/5t/medium,YingLong_110m,1.059909032669241,0.6557298339121019,83.0,67.0
electricity/h/short,YingLong_110m,1.1389196928115577,0.079940864424704,111.0,106.0
bitbrains_fast_storage/5t/long,YingLong_110m,0.995757746542128,0.7196851456747015,92.0,66.0
ett1/h/short,YingLong_110m,0.8253969858404319,0.179656885094139,63.0,60.0
ett1/h/medium,YingLong_110m,1.2686854868617772,0.2535399540538676,55.0,40.0
ett1/h/long,YingLong_110m,1.4119925613288111,0.2729411016142002,80.0,56.0
electricity/h/medium,YingLong_110m,1.3000870172048071,0.0921588430756736,113.0,105.0
solar/10t/short,YingLong_110m,1.1395126606310668,0.5700685263101939,100.0,85.0
electricity/h/long,YingLong_110m,1.444133612638563,0.1037060848487748,114.0,95.0
m4_weekly/w/short,YingLong_110m,2.312578906208,0.0416169408903756,84.0,78.0
ett2/15t/short,YingLong_110m,0.7462979204359157,0.0647997474034762,58.0,56.0
ett2/15t/medium,YingLong_110m,0.8945756200628378,0.0912416193690419,74.0,69.0
ett2/15t/long,YingLong_110m,0.9064558057674303,0.0927031899970379,71.0,57.0
jena_weather/h/short,YingLong_110m,0.5382559556516687,0.0437685577017571,78.0,78.0
jena_weather/h/medium,YingLong_110m,0.8849009643070249,0.0566642850114182,106.0,76.0
jena_weather/h/long,YingLong_110m,1.0097983231584071,0.0603954391211289,67.0,69.0
m4_monthly/m/short,YingLong_110m,1.0851097148969189,0.1054375180146469,108.0,107.0
m_dense/d/short,YingLong_110m,0.8671633461373934,0.0833182725876339,111.0,105.0
solar/10t/medium,YingLong_110m,1.1379832379438883,0.4569334412231867,106.0,100.0
m4_daily/d/short,YingLong_110m,3.543748673772196,0.0226415174904807,104.0,71.0
bitbrains_fast_storage/h/short,YingLong_110m,1.1046303884623228,0.6399073021233013,83.0,48.0
electricity/15t/short,YingLong_110m,1.0489393678544376,0.0909779068139793,70.0,73.0
solar/10t/long,YingLong_110m,1.2375559443485704,0.4813229342949809,110.0,97.0
m4_hourly/h/short,YingLong_110m,0.9638390525024426,0.022922751640237,88.0,56.0
loop_seattle/d/short,YingLong_110m,0.9304386245067072,0.0443372585836093,100.0,83.0
saugeen/m/short,YingLong_110m,0.7947187874178349,0.3223218449697684,111.0,94.0
ett2/d/short,YingLong_110m,1.265202085176369,0.0905975178997903,19.0,21.0
m_dense/h/short,YingLong_110m,0.9481986678278248,0.1589397861698921,111.0,105.0
m_dense/h/medium,YingLong_110m,0.9497984247475948,0.1616473374171873,111.0,109.0
m_dense/h/long,YingLong_110m,1.0276977408385104,0.1803886234454,111.0,113.0
loop_seattle/5t/short,YingLong_110m,0.6053939536032894,0.0524655617089425,93.0,89.0
electricity/15t/medium,YingLong_110m,0.8804414343468178,0.0790904614363773,76.0,69.0
loop_seattle/5t/medium,YingLong_110m,1.0335103121146776,0.0934372085902928,100.0,97.0
loop_seattle/5t/long,YingLong_110m,1.0803133892896442,0.0975790263086008,103.0,96.0
sz_taxi/15t/short,YingLong_110m,0.5468035215974539,0.2018717640127759,72.0,63.0
sz_taxi/15t/medium,YingLong_110m,0.5375678696241388,0.2018226805281084,60.0,36.0
sz_taxi/15t/long,YingLong_110m,0.5080189682874582,0.1962359118574886,46.0,19.0
ett1/15t/short,YingLong_110m,0.7041810358768417,0.1676887519959624,76.0,76.0
ett1/15t/medium,YingLong_110m,1.009852841367202,0.240882488272878,61.0,64.0
ett1/15t/long,YingLong_110m,1.0137601444292446,0.2329755020422297,59.0,44.0
electricity/15t/long,YingLong_110m,0.9112326708689272,0.0775482475996398,72.0,63.0
us_births/d/short,YingLong_110m,0.5717365850482113,0.0298180647071071,111.0,110.0
electricity/d/short,YingLong_110m,1.4186643866874746,0.055195447196494,61.0,51.0
kdd_cup_2018/h/short,YingLong_110m,0.9172755726602436,0.3736459314080033,32.0,45.0
kdd_cup_2018/h/medium,YingLong_110m,1.0340430992906833,0.421088051598333,39.0,50.0
kdd_cup_2018/h/long,YingLong_110m,1.0066094026393546,0.4437795527641178,38.0,47.0
car_parts/m/short,YingLong_300m,1.0651554318735337,1.1909752401446398,112.0,109.0
ett1/w/short,YingLong_300m,1.5891326412551992,0.2702477427520409,67.0,62.0
hospital/m/short,YingLong_300m,0.7925509856820293,0.0571739399990139,96.0,96.0
electricity/w/short,YingLong_300m,1.5985525104586955,0.0571041755428816,75.0,80.0
us_births/w/short,YingLong_300m,1.2366136774693737,0.0146625855770976,90.0,88.0
bitbrains_rnd/h/short,YingLong_300m,5.891558599317641,0.6726041862317288,85.0,87.0
sz_taxi/h/short,YingLong_300m,0.5678432184047901,0.136745560885467,75.0,65.0
bitbrains_fast_storage/h/short,YingLong_300m,1.116041561674029,0.6314508563229755,88.0,41.0
loop_seattle/h/short,YingLong_300m,0.8946830528220908,0.0630410510266255,85.0,75.0
loop_seattle/h/medium,YingLong_300m,0.9658017991621825,0.0668446691847725,82.0,69.0
loop_seattle/h/long,YingLong_300m,0.980583866721561,0.0680189711717979,94.0,81.0
solar/h/short,YingLong_300m,0.9113878939471538,0.3553887270331152,96.0,93.0
solar/h/medium,YingLong_300m,0.9667742024331428,0.3741601759997349,101.0,100.0
solar/h/long,YingLong_300m,0.9605376905649284,0.3519056717370039,74.0,78.0
hierarchical_sales/d/short,YingLong_300m,0.7628497507907794,0.5886648287710353,105.0,94.0
electricity/h/short,YingLong_300m,1.092141316358599,0.0783453463677904,106.0,100.0
m4_quarterly/q/short,YingLong_300m,1.3902340567998526,0.0858312457511847,108.0,104.0
solar/d/short,YingLong_300m,0.9718423636674904,0.2780932732986481,51.0,62.0
jena_weather/10t/short,YingLong_300m,0.3190417201037026,0.0297604143954231,88.0,67.0
jena_weather/10t/medium,YingLong_300m,0.6168747497369166,0.0505212199444347,71.0,69.0
jena_weather/10t/long,YingLong_300m,0.6389360993754846,0.0517809597026227,49.0,72.0
electricity/h/medium,YingLong_300m,1.1394256712480204,0.0823824332110503,92.0,81.0
electricity/h/long,YingLong_300m,1.2904492927112967,0.0973975950166174,94.0,79.0
bizitobs_service/10s/short,YingLong_300m,1.1375627888817756,0.0168141396060885,92.0,91.0
bizitobs_service/10s/medium,YingLong_300m,2.024475608191864,0.0454953792638194,102.0,101.0
bizitobs_service/10s/long,YingLong_300m,2.209092702254538,0.0621107889211743,102.0,103.0
temperature_rain/d/short,YingLong_300m,1.4169223545586886,0.570969453004899,97.0,83.0
jena_weather/h/short,YingLong_300m,0.5433205131930411,0.0452479824277923,84.0,89.0
jena_weather/h/medium,YingLong_300m,0.8864643831135963,0.0573387430363795,107.0,79.0
jena_weather/h/long,YingLong_300m,1.0297684460143597,0.060212749301546,74.0,68.0
ett2/w/short,YingLong_300m,0.920251381772724,0.0913238713292226,80.0,64.0
m4_weekly/w/short,YingLong_300m,2.2478891646814683,0.0409224454402673,78.0,71.0
us_births/m/short,YingLong_300m,0.7297496794067668,0.0147512790400836,82.0,70.0
ett2/15t/short,YingLong_300m,0.7526828731917684,0.0656481454070023,65.0,62.0
ett2/15t/medium,YingLong_300m,0.887583082146435,0.0902405995156334,67.0,61.0
ett2/15t/long,YingLong_300m,0.9056944228890282,0.0923770822217173,69.0,55.0
bitbrains_fast_storage/5t/short,YingLong_300m,0.8032211889881609,0.4236067899107265,91.0,73.0
bitbrains_fast_storage/5t/medium,YingLong_300m,1.071828860739069,0.6451886415427616,88.0,62.0
m4_monthly/m/short,YingLong_300m,1.0481616578806128,0.1040263144155038,101.0,101.0
m_dense/d/short,YingLong_300m,0.7452390651863391,0.0727910211679623,90.0,84.0
bitbrains_rnd/5t/short,YingLong_300m,1.785717368673824,0.4254771941136492,92.0,65.0
bitbrains_rnd/5t/medium,YingLong_300m,4.498291984870307,0.6523731293826035,88.0,72.0
electricity/15t/short,YingLong_300m,1.0720575790780826,0.0928686267327801,83.0,82.0
bitbrains_rnd/5t/long,YingLong_300m,3.4700286239149376,0.6887456579557683,90.0,79.0
hierarchical_sales/w/short,YingLong_300m,0.7470547667388,0.3712959863530989,92.0,100.0
bitbrains_fast_storage/5t/long,YingLong_300m,1.009582292054786,0.7091054073249635,95.0,58.0
saugeen/m/short,YingLong_300m,0.7850987702047343,0.3277683276184382,106.0,99.0
ett1/d/short,YingLong_300m,1.7279010891714286,0.284186477558998,88.0,78.0
m_dense/h/short,YingLong_300m,0.9290678683994812,0.1564930420470122,108.0,101.0
kdd_cup_2018/h/short,YingLong_300m,0.927031062482016,0.3740945141201524,44.0,51.0
m_dense/h/medium,YingLong_300m,0.7876295415627308,0.1340288035217407,94.0,91.0
m_dense/h/long,YingLong_300m,0.8425839120449523,0.1450698737138724,97.0,96.0
kdd_cup_2018/h/medium,YingLong_300m,1.0340730004504828,0.4169610440086544,40.0,35.0
kdd_cup_2018/h/long,YingLong_300m,1.0039256698315402,0.4394137146588515,35.0,39.0
m4_daily/d/short,YingLong_300m,3.51317346219464,0.0225400668982757,100.0,69.0
solar/10t/short,YingLong_300m,1.10731808027984,0.553421584303218,90.0,80.0
m4_yearly/a/short,YingLong_300m,4.312498587797275,0.1515941545796118,115.0,115.0
saugeen/w/short,YingLong_300m,1.1859630934214436,0.360389737554416,47.0,57.0
solar/10t/medium,YingLong_300m,0.8896344776528704,0.3482281957351236,81.0,71.0
solar/10t/long,YingLong_300m,0.8863020744614358,0.3512486118243954,81.0,77.0
loop_seattle/d/short,YingLong_300m,0.9072788780417246,0.0428155122248671,89.0,61.0
ett2/d/short,YingLong_300m,1.299525306770167,0.092369399197667,54.0,46.0
ett1/h/short,YingLong_300m,0.8324057044261892,0.1820929093721376,70.0,68.0
ett1/h/medium,YingLong_300m,1.2602670254898185,0.251884158597903,45.0,31.0
ett1/h/long,YingLong_300m,1.3700696073732894,0.2635700437027675,54.0,35.0
bizitobs_application/10s/short,YingLong_300m,1.817812998221645,0.0167920703778449,93.0,87.0
bizitobs_application/10s/medium,YingLong_300m,3.8681272482165134,0.0482781477326485,103.0,98.0
bizitobs_application/10s/long,YingLong_300m,4.599798576803993,0.0606065105006177,103.0,100.0
m4_hourly/h/short,YingLong_300m,0.9250319562832946,0.024848441847268,84.0,74.0
electricity/15t/medium,YingLong_300m,0.8830048993986506,0.0788211182303169,77.0,66.0
loop_seattle/5t/short,YingLong_300m,0.6071451751382285,0.0524441375006667,94.0,88.0
loop_seattle/5t/medium,YingLong_300m,1.022574347155637,0.0920612168122998,98.0,95.0
electricity/15t/long,YingLong_300m,0.918390176709199,0.0781690330929683,77.0,68.0
ett2/h/short,YingLong_300m,0.7407379492686809,0.0644934721112446,72.0,59.0
ett2/h/medium,YingLong_300m,1.0184489875158365,0.1043022206096907,36.0,51.0
ett2/h/long,YingLong_300m,1.0566042765999606,0.1074672897321776,67.0,63.0
solar/w/short,YingLong_300m,1.7994194368063492,0.2550112813871233,117.0,113.0
us_births/d/short,YingLong_300m,0.5056032079818389,0.026229993355089,98.0,97.0
loop_seattle/5t/long,YingLong_300m,1.0697318088504102,0.0963152927793633,100.0,95.0
ett1/15t/short,YingLong_300m,0.7168367160193663,0.1664695648975054,84.0,71.0
ett1/15t/medium,YingLong_300m,1.0285318121682634,0.2433109284140673,75.0,65.0
ett1/15t/long,YingLong_300m,1.0330601058192537,0.234386699323145,70.0,49.0
bizitobs_l2c/h/short,YingLong_300m,0.5544664321973307,0.2293816088144503,99.0,87.0
bizitobs_l2c/h/medium,YingLong_300m,0.7066118148803214,0.3300024212056354,102.0,96.0
bizitobs_l2c/h/long,YingLong_300m,0.8682625214808085,0.4064934051278263,105.0,102.0
electricity/d/short,YingLong_300m,1.3960895808857603,0.0544394748229051,49.0,42.0
restaurant/d/short,YingLong_300m,0.7028993806063948,0.2660543066940184,85.0,82.0
covid_deaths/d/short,YingLong_300m,45.40439854073493,0.0782561074650183,112.0,106.0
kdd_cup_2018/d/short,YingLong_300m,1.1828928942779466,0.3737529937229737,28.0,34.0
jena_weather/d/short,YingLong_300m,1.1223821038179145,0.0498921349319168,78.0,77.0
saugeen/d/short,YingLong_300m,3.1354633168907866,0.3812078377644103,94.0,85.0
sz_taxi/15t/short,YingLong_300m,0.5506225498685873,0.2029748081706777,81.0,73.0
sz_taxi/15t/medium,YingLong_300m,0.5409075762721375,0.2033638725101678,71.0,61.0
sz_taxi/15t/long,YingLong_300m,0.5112924792403588,0.1984183486358434,62.0,44.0
bizitobs_l2c/5t/short,YingLong_300m,0.2863604562118306,0.0769831298202451,92.0,79.0
bizitobs_l2c/5t/medium,YingLong_300m,0.8765213191442975,0.378771384090228,106.0,102.0
bizitobs_l2c/5t/long,YingLong_300m,1.2142850755593633,0.5755636810205136,103.0,99.0
car_parts/m/short,YingLong_50m,1.2694769664624517,1.4066018375789853,124.0,118.0
hierarchical_sales/w/short,YingLong_50m,0.7762142640077655,0.3884757395322085,105.0,105.0
m4_weekly/w/short,YingLong_50m,2.2658492182747123,0.0414693148038312,79.0,75.0
solar/h/short,YingLong_50m,0.8779149150095859,0.3410760500052428,77.0,84.0
solar/h/medium,YingLong_50m,0.9282774260861631,0.3593152234850635,89.0,89.0
bitbrains_fast_storage/h/short,YingLong_50m,1.11194384477403,0.623302913456145,86.0,37.0
solar/h/long,YingLong_50m,0.9753705831403884,0.3515286755533442,80.0,77.0
bizitobs_service/10s/short,YingLong_50m,1.1677389729333216,0.0177720397177592,94.0,92.0
bizitobs_service/10s/medium,YingLong_50m,2.11970590850764,0.0466532159788119,103.0,102.0
bizitobs_service/10s/long,YingLong_50m,2.3440938635306883,0.0652027971221242,104.0,105.0
jena_weather/h/short,YingLong_50m,0.5349701924956606,0.0437365212110991,71.0,75.0
jena_weather/h/medium,YingLong_50m,0.8804535156623439,0.056707822484238,104.0,77.0
jena_weather/h/long,YingLong_50m,1.0546677344811275,0.060924276451579,81.0,72.0
jena_weather/10t/short,YingLong_50m,0.3355857765130435,0.0369492828071498,97.0,95.0
jena_weather/10t/medium,YingLong_50m,0.6360092629119818,0.0577173812096614,84.0,91.0
jena_weather/10t/long,YingLong_50m,0.6418221135358174,0.0602355313198452,52.0,91.0
ett2/h/short,YingLong_50m,0.7520336049129952,0.0649365320886791,85.0,68.0
ett2/h/medium,YingLong_50m,1.010321635022601,0.102082007057541,21.0,31.0
ett2/h/long,YingLong_50m,1.060695091675036,0.1068073671577059,70.0,60.0
hierarchical_sales/d/short,YingLong_50m,0.7687472673995499,0.591013011304968,108.0,97.0
m4_daily/d/short,YingLong_50m,3.708535578366285,0.023740030190624,109.0,95.0
ett2/15t/short,YingLong_50m,0.7730018202384242,0.0670705947508995,84.0,75.0
ett2/15t/medium,YingLong_50m,0.909095213257458,0.0919309167813532,78.0,71.0
ett2/15t/long,YingLong_50m,0.9193657819633304,0.0931966929661242,77.0,65.0
us_births/w/short,YingLong_50m,1.2339246271767508,0.0143340729500147,88.0,81.0
ett2/w/short,YingLong_50m,0.9505465144564608,0.109217580130966,87.0,100.0
bitbrains_fast_storage/5t/short,YingLong_50m,0.8170880115615706,0.4157287325802631,93.0,67.0
temperature_rain/d/short,YingLong_50m,1.4583460504277337,0.5855959025173892,108.0,93.0
saugeen/d/short,YingLong_50m,3.030752481941585,0.3670472305631288,87.0,74.0
saugeen/w/short,YingLong_50m,1.2393039893169084,0.3761910558095485,78.0,70.0
bitbrains_fast_storage/5t/medium,YingLong_50m,1.0843732914669508,0.643268657087845,93.0,60.0
kdd_cup_2018/h/short,YingLong_50m,0.933982231959928,0.3798612742472347,50.0,64.0
kdd_cup_2018/h/medium,YingLong_50m,1.0303783760583116,0.4193356351147657,36.0,47.0
electricity/h/short,YingLong_50m,1.0953413361090494,0.0786484151989655,108.0,103.0
kdd_cup_2018/h/long,YingLong_50m,1.0096902984019391,0.4445782346906876,44.0,48.0
bizitobs_l2c/h/short,YingLong_50m,0.6454355930506707,0.268816795141293,104.0,95.0
bizitobs_l2c/h/medium,YingLong_50m,0.7737421733293213,0.3582639308630035,106.0,103.0
bizitobs_l2c/h/long,YingLong_50m,0.7900304220953858,0.3770265652827749,101.0,101.0
restaurant/d/short,YingLong_50m,0.7169512887675535,0.2713240697110609,101.0,93.0
sz_taxi/15t/short,YingLong_50m,0.5513067916951179,0.2032656653026313,82.0,76.0
sz_taxi/15t/medium,YingLong_50m,0.5522790594283759,0.2082080492337384,91.0,78.0
sz_taxi/15t/long,YingLong_50m,0.5209434231991072,0.2043178718052039,83.0,71.0
jena_weather/d/short,YingLong_50m,1.0802152985573867,0.0489986381024393,65.0,73.0
kdd_cup_2018/d/short,YingLong_50m,1.1712600846547196,0.3718150430487579,10.0,25.0
m_dense/d/short,YingLong_50m,0.8310552920904485,0.0802924636732568,106.0,102.0
bitbrains_fast_storage/5t/long,YingLong_50m,1.007303638308903,0.6903949173762876,94.0,48.0
m_dense/h/short,YingLong_50m,0.9371542769194656,0.1575588611417751,110.0,103.0
m_dense/h/medium,YingLong_50m,0.8893852585453887,0.156467421056435,106.0,106.0
m_dense/h/long,YingLong_50m,0.9842398728974996,0.1747923377750923,109.0,111.0
bizitobs_application/10s/short,YingLong_50m,1.885777229108565,0.0176288755103418,94.0,88.0
bizitobs_application/10s/medium,YingLong_50m,4.080549996140289,0.0489637633139335,105.0,101.0
bizitobs_application/10s/long,YingLong_50m,4.865825362311909,0.0601136315919493,104.0,99.0
ett1/h/short,YingLong_50m,0.8304398933425667,0.1793112094888531,69.0,59.0
ett1/h/medium,YingLong_50m,1.2665184884028238,0.2512376460359611,53.0,27.0
ett1/h/long,YingLong_50m,1.3444550410010925,0.2592799199082443,31.0,19.0
ett1/w/short,YingLong_50m,1.733683991631802,0.2902033017798772,113.0,91.0
electricity/h/medium,YingLong_50m,1.1566413945307807,0.086222377009911,95.0,90.0
m4_yearly/a/short,YingLong_50m,4.356100991573442,0.1503592848334618,117.0,114.0
ett1/15t/short,YingLong_50m,0.7179857460793408,0.1699979607237043,85.0,82.0
ett1/15t/medium,YingLong_50m,1.0279384672562828,0.2452464456609152,74.0,68.0
ett1/15t/long,YingLong_50m,1.0351120073786877,0.2422142447896858,71.0,66.0
electricity/h/long,YingLong_50m,1.3246994223916422,0.1046904349320689,100.0,98.0
electricity/d/short,YingLong_50m,1.4785628623154317,0.058313981731172,84.0,80.0
solar/10t/short,YingLong_50m,1.1219539696809864,0.5696661614103602,99.0,84.0
solar/10t/medium,YingLong_50m,1.2271129636096665,0.5363962280170552,110.0,105.0
bitbrains_rnd/5t/short,YingLong_50m,1.8033149761164065,0.4295090572542891,95.0,71.0
electricity/15t/short,YingLong_50m,1.0781102571023975,0.0931792249724961,84.0,83.0
solar/10t/long,YingLong_50m,1.362179537472376,0.5594268831323339,112.0,107.0
hospital/m/short,YingLong_50m,0.8277984503138229,0.0578865357962606,111.0,99.0
loop_seattle/d/short,YingLong_50m,0.9369963193505348,0.0438613585539295,102.0,76.0
saugeen/m/short,YingLong_50m,0.7450967247924493,0.3148663600775754,74.0,84.0
ett1/d/short,YingLong_50m,1.6953082577971474,0.2713516288121217,69.0,25.0
bitbrains_rnd/5t/medium,YingLong_50m,4.562232492964939,0.6379403883415798,99.0,65.0
m4_hourly/h/short,YingLong_50m,0.9642894045509044,0.0240692645292731,89.0,69.0
ett2/d/short,YingLong_50m,1.310885593087438,0.0940236788229717,65.0,68.0
bitbrains_rnd/5t/long,YingLong_50m,3.5096062818253326,0.6614450212712936,97.0,69.0
us_births/m/short,YingLong_50m,0.6073190193919541,0.0128850775476625,34.0,40.0
electricity/w/short,YingLong_50m,1.7377926176399563,0.0631888170242435,95.0,91.0
loop_seattle/5t/short,YingLong_50m,0.6588380813048039,0.0574285432218288,105.0,98.0
electricity/15t/medium,YingLong_50m,0.9499317309341716,0.0849946371244059,92.0,83.0
loop_seattle/5t/medium,YingLong_50m,1.0945748166882907,0.0994782709867671,107.0,101.0
loop_seattle/5t/long,YingLong_50m,1.1035848649746882,0.1004954530569604,105.0,99.0
bizitobs_l2c/5t/short,YingLong_50m,0.2877068481078589,0.0779665012791904,93.0,84.0
bizitobs_l2c/5t/medium,YingLong_50m,0.8418890347772198,0.3589505826234094,99.0,89.0
bizitobs_l2c/5t/long,YingLong_50m,1.187276933414684,0.5499149616032214,98.0,92.0
electricity/15t/long,YingLong_50m,1.004045441403098,0.083771915015824,97.0,83.0
solar/d/short,YingLong_50m,0.989843435216182,0.2884009884155804,76.0,85.0
bitbrains_rnd/h/short,YingLong_50m,5.867890053533356,0.6792077052027463,72.0,89.0
m4_monthly/m/short,YingLong_50m,1.0533479404780126,0.1047997367605427,105.0,103.0
covid_deaths/d/short,YingLong_50m,43.57945993519842,0.0593550539782383,102.0,95.0
loop_seattle/h/short,YingLong_50m,0.8965250597533395,0.0634633846793447,86.0,78.0
loop_seattle/h/medium,YingLong_50m,1.0132323030102617,0.0696447769590137,96.0,85.0
loop_seattle/h/long,YingLong_50m,0.9835414056424908,0.0681958697173843,95.0,83.0
solar/w/short,YingLong_50m,2.080787091174768,0.3045864028182746,120.0,120.0
sz_taxi/h/short,YingLong_50m,0.5666622235072498,0.13685702572313,69.0,67.0
m4_quarterly/q/short,YingLong_50m,1.4015457984951658,0.0875069168020507,110.0,106.0
us_births/d/short,YingLong_50m,0.6041797786177266,0.0307806063870929,112.0,111.0
car_parts/m/short,YingLong_6m,1.1116554622469257,1.2105464409696856,114.0,110.0
hospital/m/short,YingLong_6m,0.8359615058789307,0.0619081969301056,116.0,105.0
bizitobs_application/10s/short,YingLong_6m,2.149902125424402,0.0198596027188103,97.0,89.0
bizitobs_application/10s/medium,YingLong_6m,4.596128402307508,0.0523605555669505,107.0,106.0
bizitobs_application/10s/long,YingLong_6m,5.507461199402938,0.064830209163392,107.0,106.0
ett2/15t/short,YingLong_6m,0.7985663190479825,0.0688702376315566,93.0,82.0
ett2/15t/medium,YingLong_6m,0.921881067240266,0.0928659678493093,84.0,75.0
ett2/15t/long,YingLong_6m,0.94641495562293,0.0946459018278231,89.0,72.0
jena_weather/h/short,YingLong_6m,0.5534368630739412,0.0463518219474755,90.0,95.0
jena_weather/h/medium,YingLong_6m,0.9287345089526038,0.0615594287683964,114.0,96.0
jena_weather/h/long,YingLong_6m,1.0847386146010818,0.0640282769833356,94.0,79.0
bizitobs_service/10s/short,YingLong_6m,1.3457522148879075,0.0217088115020862,103.0,99.0
bizitobs_service/10s/medium,YingLong_6m,2.56449512959571,0.0528472399110938,106.0,109.0
bizitobs_service/10s/long,YingLong_6m,2.8186576443050546,0.0703410124367075,108.0,110.0
m4_weekly/w/short,YingLong_6m,3.007684597800195,0.0460643184049049,116.0,94.0
loop_seattle/h/short,YingLong_6m,0.9552631427715462,0.0683763311341952,101.0,97.0
loop_seattle/h/medium,YingLong_6m,1.0987527117909544,0.0767024007197392,107.0,99.0
bitbrains_fast_storage/h/short,YingLong_6m,1.2550857824673614,0.626181025860868,105.0,39.0
us_births/w/short,YingLong_6m,1.2886437559112136,0.015425635124951,95.0,93.0
loop_seattle/h/long,YingLong_6m,1.0925809377147078,0.0776206161634525,109.0,103.0
us_births/d/short,YingLong_6m,0.5302691111278264,0.0276366354815189,102.0,103.0
m4_daily/d/short,YingLong_6m,4.848722708823648,0.0323670658642097,123.0,120.0
electricity/w/short,YingLong_6m,1.789992584226223,0.0705048804977863,100.0,99.0
ett2/w/short,YingLong_6m,1.0456053839619526,0.1208295737805687,101.0,108.0
bitbrains_rnd/5t/short,YingLong_6m,1.8703412026772617,0.4486004945457798,102.0,87.0
bitbrains_rnd/5t/medium,YingLong_6m,4.716103863100836,0.67858376583898,112.0,89.0
bitbrains_rnd/5t/long,YingLong_6m,3.66585199150068,0.7269553805930001,107.0,89.0
bitbrains_fast_storage/5t/short,YingLong_6m,0.839242730401285,0.4380864950051189,99.0,83.0
bitbrains_fast_storage/5t/medium,YingLong_6m,1.1248485031990805,0.6903823536588576,100.0,76.0
temperature_rain/d/short,YingLong_6m,1.4494874376699838,0.5965084148536008,106.0,99.0
covid_deaths/d/short,YingLong_6m,43.99552852963286,0.0645705954238884,103.0,100.0
bitbrains_fast_storage/5t/long,YingLong_6m,1.0492137198460367,0.7163534024934399,102.0,64.0
m_dense/h/short,YingLong_6m,0.9912151708333264,0.1681412299803744,115.0,112.0
m_dense/h/medium,YingLong_6m,1.0937945539709597,0.1823752116213765,120.0,117.0
m_dense/h/long,YingLong_6m,1.1986693071260404,0.1996784596665274,119.0,117.0
electricity/h/short,YingLong_6m,1.1828402007772778,0.0844180273551706,115.0,109.0
solar/10t/short,YingLong_6m,1.184814199998189,0.6442934399924607,106.0,99.0
electricity/h/medium,YingLong_6m,1.2885369002786058,0.0949288107500603,111.0,110.0
solar/10t/medium,YingLong_6m,1.7762782629536509,0.7501030995299636,117.0,118.0
m4_monthly/m/short,YingLong_6m,1.050113930620086,0.1049130441022329,104.0,104.0
jena_weather/d/short,YingLong_6m,1.2265688762946565,0.0515118234851049,94.0,89.0
kdd_cup_2018/d/short,YingLong_6m,1.235084621197566,0.3931704265712783,113.0,100.0
saugeen/d/short,YingLong_6m,3.264783412067605,0.3974965662985171,107.0,94.0
ett1/15t/short,YingLong_6m,0.7283943219594146,0.1682085004302174,90.0,78.0
ett1/15t/medium,YingLong_6m,1.077458748159638,0.2547738538940717,92.0,80.0
electricity/h/long,YingLong_6m,1.447709422068271,0.1097024346345031,115.0,108.0
ett1/15t/long,YingLong_6m,1.0939685705011315,0.2463456125350392,91.0,72.0
hierarchical_sales/w/short,YingLong_6m,0.7924142448297052,0.4238735763580704,110.0,113.0
us_births/m/short,YingLong_6m,0.7683487106292306,0.0166777022892018,90.0,91.0
sz_taxi/15t/short,YingLong_6m,0.553238366544088,0.2040290328973894,89.0,80.0
sz_taxi/15t/medium,YingLong_6m,0.5460415234734954,0.2046726696245767,82.0,67.0
sz_taxi/15t/long,YingLong_6m,0.5143364474420461,0.1992851416979396,72.0,52.0
saugeen/w/short,YingLong_6m,1.2639585670474955,0.3854927856982198,85.0,78.0
m_dense/d/short,YingLong_6m,0.9290418115872155,0.0872931534659928,115.0,108.0
bizitobs_l2c/h/short,YingLong_6m,0.6749339592467777,0.2866723190263739,105.0,101.0
bizitobs_l2c/h/medium,YingLong_6m,0.8366655400172881,0.3697913207905763,108.0,105.0
bizitobs_l2c/h/long,YingLong_6m,0.9157663167342724,0.4142741912553321,107.0,104.0
electricity/d/short,YingLong_6m,1.5200583704182054,0.0594639002034952,96.0,84.0
electricity/15t/short,YingLong_6m,1.166133278671916,0.1025828727259494,100.0,97.0
solar/10t/long,YingLong_6m,1.9646781716857096,0.7950374809879271,119.0,119.0
ett1/h/short,YingLong_6m,0.8355688178660703,0.1821882587743685,74.0,69.0
ett1/h/medium,YingLong_6m,1.3020510597474362,0.2617993112689566,78.0,64.0
ett1/h/long,YingLong_6m,1.4042094601479322,0.2741528388126436,74.0,60.0
ett1/d/short,YingLong_6m,1.7178217424849256,0.2731873254716103,83.0,32.0
ett2/d/short,YingLong_6m,1.3196671681082288,0.0934227546884637,67.0,59.0
loop_seattle/d/short,YingLong_6m,0.9511760644378504,0.0455482690902607,107.0,95.0
saugeen/m/short,YingLong_6m,0.7908826313922438,0.330658762144861,109.0,101.0
m4_hourly/h/short,YingLong_6m,1.162580452863786,0.0274400106343165,100.0,86.0
ett1/w/short,YingLong_6m,1.616038709138826,0.3001318502614921,84.0,98.0
kdd_cup_2018/h/short,YingLong_6m,0.9355944265482335,0.3778594455561658,52.0,55.0
kdd_cup_2018/h/medium,YingLong_6m,1.0362150684167428,0.4199486741754273,47.0,48.0
kdd_cup_2018/h/long,YingLong_6m,1.0145360063015778,0.443385552750686,50.0,46.0
restaurant/d/short,YingLong_6m,0.7359646030201444,0.2792917209108109,109.0,101.0
bizitobs_l2c/5t/short,YingLong_6m,0.3140058967085348,0.0862905443981476,114.0,108.0
bizitobs_l2c/5t/medium,YingLong_6m,0.855587909665183,0.3777525911006123,103.0,100.0
bizitobs_l2c/5t/long,YingLong_6m,1.1310586877828337,0.5570813152362109,95.0,95.0
m4_yearly/a/short,YingLong_6m,5.270358387025677,0.177432191591014,124.0,121.0
electricity/15t/medium,YingLong_6m,1.029878923600594,0.0919811912232511,104.0,98.0
loop_seattle/5t/short,YingLong_6m,0.6930516664203245,0.0606622336274395,107.0,102.0
loop_seattle/5t/medium,YingLong_6m,1.1698861469748054,0.1073335596907305,115.0,105.0
electricity/15t/long,YingLong_6m,1.0776169606145911,0.0910301376974757,107.0,97.0
solar/d/short,YingLong_6m,0.9876464983558,0.2886610173572294,71.0,86.0
sz_taxi/h/short,YingLong_6m,0.5705636704225204,0.1380375211958415,83.0,78.0
hierarchical_sales/d/short,YingLong_6m,0.7547697733321663,0.5806447906103447,97.0,75.0
jena_weather/10t/short,YingLong_6m,0.3614230021215637,0.04751797037363,106.0,107.0
jena_weather/10t/medium,YingLong_6m,0.6620934052029728,0.0684501072410684,95.0,107.0
jena_weather/10t/long,YingLong_6m,0.6617058281251397,0.0709459708477972,77.0,111.0
loop_seattle/5t/long,YingLong_6m,1.1776338798942303,0.1086805463172179,113.0,104.0
m4_quarterly/q/short,YingLong_6m,1.4687421750313596,0.0906396630489106,115.0,109.0
bitbrains_rnd/h/short,YingLong_6m,6.06972423368074,0.6920231138529406,109.0,95.0
ett2/h/short,YingLong_6m,0.7770926335150614,0.068046699928005,98.0,91.0
ett2/h/medium,YingLong_6m,1.128187364748504,0.1124304754724707,103.0,88.0
ett2/h/long,YingLong_6m,1.2004794387609048,0.1201268788616959,107.0,90.0
solar/w/short,YingLong_6m,2.3621086683270733,0.3259369901003652,124.0,122.0
solar/h/short,YingLong_6m,0.9476317131566676,0.380009302778114,106.0,104.0
solar/h/medium,YingLong_6m,1.0211985848631435,0.416752720446112,110.0,110.0
solar/h/long,YingLong_6m,1.1052415852486046,0.4169607668135643,110.0,101.0
bitbrains_fast_storage/5t/long,Zeus,0.888523382372227,0.6735872447379916,49.0,42.0
bitbrains_fast_storage/5t/medium,Zeus,0.9762238424354128,0.7330469101371473,50.0,88.0
bitbrains_fast_storage/5t/short,Zeus,0.6755739682264444,0.426139017522922,47.0,77.0
bitbrains_fast_storage/h/short,Zeus,0.99336578188242,0.5386469275314731,37.0,6.0
bitbrains_rnd/5t/long,Zeus,3.3042811411306214,0.5334955421500981,45.0,2.0
bitbrains_rnd/5t/medium,Zeus,4.4132583511869425,0.5871490841616223,65.0,13.0
bitbrains_rnd/5t/short,Zeus,1.6470251095566089,0.4191680509008217,54.0,62.0
bitbrains_rnd/h/short,Zeus,5.867013368543355,0.5760612082628266,71.0,7.0
bizitobs_application/10s/long,Zeus,3.385429204841375,0.0578292757047468,81.0,95.0
bizitobs_application/10s/medium,Zeus,2.6329063743008394,0.0405286457303931,83.0,73.0
bizitobs_application/10s/short,Zeus,1.390765669105387,0.0152798836935839,77.0,80.0
bizitobs_l2c/5t/long,Zeus,0.4173876543334968,0.2031188715256115,2.0,11.0
bizitobs_l2c/5t/medium,Zeus,0.4204576292196575,0.1927134551078569,4.0,18.0
bizitobs_l2c/5t/short,Zeus,0.2879826461425019,0.0791430138345943,94.0,89.0
bizitobs_l2c/h/long,Zeus,0.2804463758117283,0.1486527832944117,2.0,2.0
bizitobs_l2c/h/medium,Zeus,0.3703153821071376,0.2028031461310656,3.0,3.0
bizitobs_l2c/h/short,Zeus,0.4388239103805381,0.1959068727057568,50.0,62.0
bizitobs_service/10s/long,Zeus,1.3859543111269663,0.0539961182469136,75.0,74.0
bizitobs_service/10s/medium,Zeus,1.19147278019135,0.0287595173116493,76.0,67.0
bizitobs_service/10s/short,Zeus,0.8513051720738843,0.0141138456100597,75.0,76.0
car_parts/m/short,Zeus,0.8726477310833671,0.9841734427516496,72.0,51.0
covid_deaths/d/short,Zeus,33.37857554392269,0.0361460373603402,52.0,63.0
electricity/15t/long,Zeus,0.904308583963078,0.0771168919979506,66.0,60.0
electricity/15t/medium,Zeus,0.854171157463604,0.0759862268788086,65.0,54.0
electricity/15t/short,Zeus,1.0607550411869662,0.0912767111862061,80.0,75.0
electricity/d/short,Zeus,1.4389851219224268,0.055598891618053,72.0,56.0
electricity/h/long,Zeus,1.1933166675196378,0.0838051539566786,60.0,33.0
electricity/h/medium,Zeus,1.0678506577593092,0.0761051843060963,56.0,60.0
electricity/h/short,Zeus,0.9251717522521108,0.0641978755747661,49.0,34.0
electricity/w/short,Zeus,1.6096367708155737,0.0545114474737027,80.0,66.0
ett1/15t/long,Zeus,1.0225448549718117,0.2335869937120949,66.0,47.0
ett1/15t/medium,Zeus,1.0096874393921234,0.2317412044899444,59.0,44.0
ett1/15t/short,Zeus,0.6781103358468572,0.1545295694516909,45.0,26.0
ett1/d/short,Zeus,1.7269710729478278,0.2873645326326197,86.0,86.0
ett1/h/long,Zeus,1.3043598103066918,0.2533212514051864,6.0,3.0
ett1/h/medium,Zeus,1.2470317771214772,0.2497805712915196,32.0,23.0
ett1/h/short,Zeus,0.8227288385345388,0.1782554197386828,59.0,53.0
ett1/w/short,Zeus,1.6914135389157707,0.2904419405682984,107.0,92.0
ett2/15t/long,Zeus,0.8903048124643925,0.0916432040986169,55.0,49.0
ett2/15t/medium,Zeus,0.8517534118566599,0.0868152602121924,31.0,14.0
ett2/15t/short,Zeus,0.7694542358776613,0.0680030030795376,82.0,79.0
ett2/d/short,Zeus,1.2691053657595677,0.0906437152835835,27.0,23.0
ett2/h/long,Zeus,1.049255513507401,0.1025456421548254,64.0,36.0
ett2/h/medium,Zeus,1.009671677487754,0.1002961440441393,20.0,14.0
ett2/h/short,Zeus,0.7353748200569994,0.0643761118954021,57.0,53.0
ett2/w/short,Zeus,0.7368305041641202,0.0805901739520524,9.0,11.0
hierarchical_sales/d/short,Zeus,0.7478801952451185,0.5759591669439548,70.0,49.0
hierarchical_sales/w/short,Zeus,0.729675431679521,0.3522422974584221,71.0,73.0
hospital/m/short,Zeus,0.7689107208531294,0.0545595553164056,66.0,82.0
jena_weather/10t/long,Zeus,0.6653651378804961,0.0526688092595321,81.0,77.0
jena_weather/10t/medium,Zeus,0.6282830290971587,0.0515794343160687,82.0,75.0
jena_weather/10t/short,Zeus,0.3168522220682317,0.0354071294881536,86.0,89.0
jena_weather/d/short,Zeus,1.0440641339633852,0.0447882935906862,47.0,32.0
jena_weather/h/long,Zeus,0.926791309157304,0.0533014394252477,35.0,29.0
jena_weather/h/medium,Zeus,0.7616864723294082,0.0503272570148973,35.0,37.0
jena_weather/h/short,Zeus,0.5213287430332505,0.0416076041487382,42.0,47.0
kdd_cup_2018/d/short,Zeus,1.2276637796170786,0.3868632057531628,109.0,92.0
kdd_cup_2018/h/long,Zeus,0.9848036274534188,0.4349556145527666,28.0,31.0
kdd_cup_2018/h/medium,Zeus,1.029031002289613,0.4147449717812687,34.0,32.0
kdd_cup_2018/h/short,Zeus,0.915679543953874,0.3649278584605144,30.0,28.0
loop_seattle/5t/long,Zeus,0.7664561077375819,0.0681656387097358,12.0,13.0
loop_seattle/5t/medium,Zeus,0.7162975159719862,0.0633755550738127,16.0,20.0
loop_seattle/5t/short,Zeus,0.5473288663199322,0.0466658473283962,44.0,42.0
loop_seattle/d/short,Zeus,0.8757525669521364,0.0420001112907517,46.0,39.0
loop_seattle/h/long,Zeus,0.8911088973624736,0.061047916142787,64.0,59.0
loop_seattle/h/medium,Zeus,0.9254232905057131,0.0647607922503115,65.0,65.0
loop_seattle/h/short,Zeus,0.837188633785518,0.058883719137265,67.0,57.0
m4_daily/d/short,Zeus,3.2594257242595654,0.0213646354877609,52.0,42.0
m4_hourly/h/short,Zeus,0.80893984321521,0.0254594821891111,71.0,78.0
m4_monthly/m/short,Zeus,0.9547138785887233,0.0944756162004677,68.0,66.0
m4_quarterly/q/short,Zeus,1.2182996339462355,0.0755281810703573,75.0,56.0
m4_weekly/w/short,Zeus,2.2326352845923374,0.0415155216995075,76.0,76.0
m4_yearly/a/short,Zeus,3.4703548009964376,0.1217015489744733,83.0,82.0
m_dense/d/short,Zeus,0.6276093115623664,0.0583477294571519,23.0,16.0
m_dense/h/long,Zeus,0.6160184727168697,0.1008286756017108,4.0,5.0
m_dense/h/medium,Zeus,0.6277480033695394,0.1031547688202799,4.0,4.0
m_dense/h/short,Zeus,0.7455435092393725,0.1247454416980472,15.0,26.0
restaurant/d/short,Zeus,0.6878958099108737,0.2584699983080077,56.0,55.0
saugeen/d/short,Zeus,2.649205625034174,0.3313632030776967,12.0,26.0
saugeen/m/short,Zeus,0.7585247826450028,0.2897283766841925,95.0,42.0
saugeen/w/short,Zeus,1.1819399568716311,0.3682505668249152,42.0,65.0
solar/10t/long,Zeus,0.7161172606432028,0.2771655302507599,5.0,6.0
solar/10t/medium,Zeus,0.7285609115280556,0.2918024357286306,6.0,12.0
solar/10t/short,Zeus,0.6993734431126453,0.3536283452774154,11.0,10.0
solar/d/short,Zeus,0.9830813397714272,0.2809709913756278,65.0,67.0
solar/h/long,Zeus,0.9005398358543246,0.3167756930282429,53.0,51.0
solar/h/medium,Zeus,0.8947463121626207,0.3243516697108826,80.0,56.0
solar/h/short,Zeus,0.8136371279827032,0.2950650346757302,40.0,38.0
solar/w/short,Zeus,1.0234285207132858,0.1423309977918387,35.0,35.0
sz_taxi/15t/long,Zeus,0.5031590764985754,0.1942763434366004,8.0,5.0
sz_taxi/15t/medium,Zeus,0.5347888000767954,0.2010942571339356,39.0,27.0
sz_taxi/15t/short,Zeus,0.5465372443050394,0.2012557517951156,69.0,58.0
sz_taxi/h/short,Zeus,0.5590202479309287,0.1348617173599151,22.0,31.0
temperature_rain/d/short,Zeus,1.32782725975404,0.5450802691931265,38.0,36.0
us_births/d/short,Zeus,0.3364795634012882,0.017318574242075,46.0,44.0
us_births/m/short,Zeus,0.5888275556911836,0.0117768139157694,26.0,21.0
us_births/w/short,Zeus,1.1480154658636224,0.0130733550552796,78.0,69.0
loop_seattle/d/short,ZooCast-Top1,0.8877604452918465,0.0424481930109351,69.0,47.0
m_dense/d/short,ZooCast-Top1,0.6150854754190758,0.0578214707348832,13.0,11.0
sz_taxi/15t/short,ZooCast-Top1,0.5429398753552315,0.2001496307577382,43.0,41.0
sz_taxi/15t/medium,ZooCast-Top1,0.5346223799157326,0.2020288543113543,36.0,40.0
sz_taxi/15t/long,ZooCast-Top1,0.5097233936474667,0.2011106580950573,57.0,61.0
sz_taxi/h/short,ZooCast-Top1,0.5603278951066386,0.1353093467050623,33.0,43.0
bizitobs_application/10s/short,ZooCast-Top1,1.003902166736118,0.0095672555987191,20.0,20.0
bizitobs_application/10s/medium,ZooCast-Top1,1.802607947784264,0.0256626331378489,11.0,13.0
bizitobs_application/10s/long,ZooCast-Top1,2.9496631708273595,0.0453959737312229,15.0,12.0
bizitobs_l2c/5t/short,ZooCast-Top1,0.2665168882394313,0.069140398604358,51.0,40.0
bizitobs_l2c/5t/medium,ZooCast-Top1,0.5826103672409443,0.2472050569534263,56.0,55.0
bizitobs_l2c/5t/long,ZooCast-Top1,0.6471512945825063,0.2977954916750903,64.0,61.0
bizitobs_l2c/h/short,ZooCast-Top1,0.4126212778254182,0.1764975143940964,12.0,12.0
bizitobs_l2c/h/medium,ZooCast-Top1,0.4979993374385745,0.2359357980831375,55.0,47.0
bizitobs_l2c/h/long,ZooCast-Top1,0.5712635894958724,0.2672670630808577,56.0,51.0
covid_deaths/d/short,ZooCast-Top1,32.53917305471355,0.0347800987574981,42.0,54.0
electricity/w/short,ZooCast-Top1,1.3850606026911376,0.0559012045363786,12.0,73.0
ett1/15t/short,ZooCast-Top1,0.6869282579853626,0.1652939685623463,57.0,68.0
ett1/15t/medium,ZooCast-Top1,0.9859937447971706,0.2330312560593471,39.0,48.0
ett1/15t/long,ZooCast-Top1,1.0133727405348167,0.2411348565671954,56.0,62.0
ett1/d/short,ZooCast-Top1,1.6403424775100648,0.2742107738380927,29.0,37.0
ett1/h/short,ZooCast-Top1,0.7867823367050838,0.1705640131569194,11.0,14.0
ett1/h/medium,ZooCast-Top1,1.273777521133431,0.2605946385713529,61.0,61.0
ett1/h/long,ZooCast-Top1,1.380466540478325,0.2751785632214682,64.0,61.0
ett1/w/short,ZooCast-Top1,1.5900649002196825,0.271427295073495,69.0,63.0
ett2/15t/short,ZooCast-Top1,0.7261654250803261,0.0621924472471009,38.0,28.0
ett2/15t/medium,ZooCast-Top1,0.8487085901964821,0.0873889550421822,23.0,30.0
ett2/15t/long,ZooCast-Top1,0.8903270215343758,0.0928944831364481,56.0,60.0
ett2/d/short,ZooCast-Top1,1.2907810501715815,0.094195986857254,47.0,69.0
ett2/h/short,ZooCast-Top1,0.736262066815625,0.064244526134332,61.0,48.0
ett2/h/medium,ZooCast-Top1,1.0901769049896204,0.109115110250553,93.0,77.0
ett2/h/long,ZooCast-Top1,1.0480351820112477,0.1050584396802398,61.0,49.0
ett2/w/short,ZooCast-Top1,0.771557833167684,0.0896346857166091,29.0,58.0
hierarchical_sales/d/short,ZooCast-Top1,0.7440117573590805,0.5788581494406615,40.0,62.0
hierarchical_sales/w/short,ZooCast-Top1,0.709343444262644,0.3407268882398649,13.0,25.0
hospital/m/short,ZooCast-Top1,0.7399125269543689,0.0509637993820193,7.0,46.0
jena_weather/d/short,ZooCast-Top1,1.082274922400169,0.0467494009615879,66.0,57.0
jena_weather/h/short,ZooCast-Top1,0.5226186910177899,0.0418778297643446,51.0,50.0
jena_weather/h/medium,ZooCast-Top1,0.7856590893334519,0.050332724275342,53.0,38.0
jena_weather/h/long,ZooCast-Top1,1.0084402648660813,0.0585725405228165,64.0,57.0
m4_hourly/h/short,ZooCast-Top1,0.7884232659057172,0.0232159748230914,65.0,60.0
m4_weekly/w/short,ZooCast-Top1,2.02628121593723,0.0367436386415721,52.0,44.0
saugeen/d/short,ZooCast-Top1,2.9834124400923168,0.3493609624403107,75.0,57.0
saugeen/m/short,ZooCast-Top1,0.723536495658706,0.2872324741828958,37.0,33.0
saugeen/w/short,ZooCast-Top1,1.1875833278434742,0.3468622613384748,49.0,24.0
solar/d/short,ZooCast-Top1,0.9610008143028058,0.266607200888623,22.0,8.0
solar/w/short,ZooCast-Top1,1.0123458246669514,0.1387024302027198,30.0,23.0
us_births/d/short,ZooCast-Top1,0.3265725610227272,0.016516423276982,39.0,31.0
us_births/m/short,ZooCast-Top1,0.6328374062505758,0.0125200922528865,46.0,32.0
us_births/w/short,ZooCast-Top1,0.9789677198038242,0.0113958264250987,42.0,36.0
loop_seattle/5t/short,ZooCast-Top1,0.5407390822395204,0.0462102030084543,32.0,30.0
loop_seattle/5t/medium,ZooCast-Top1,0.845525262307259,0.0741713136524417,78.0,71.0
loop_seattle/5t/long,ZooCast-Top1,0.9113433908564642,0.0795193568123974,79.0,70.0
loop_seattle/h/short,ZooCast-Top1,0.8250143479307347,0.0576622743078113,57.0,47.0
loop_seattle/h/medium,ZooCast-Top1,0.907609396259916,0.0628153587206585,50.0,45.0
loop_seattle/h/long,ZooCast-Top1,0.8735345852417211,0.0593385872215878,51.0,40.0
m_dense/h/short,ZooCast-Top1,0.781713995408606,0.1283405502433509,53.0,49.0
m_dense/h/medium,ZooCast-Top1,0.6970900925375951,0.1172163131736959,52.0,57.0
m_dense/h/long,ZooCast-Top1,0.6824050396489317,0.1133079726778582,40.0,39.0
bitbrains_fast_storage/5t/short,ZooCast-Top1,0.6563897676548155,0.3906378769842435,33.0,49.0
bitbrains_fast_storage/5t/medium,ZooCast-Top1,0.9588490240362444,0.6233457308991365,35.0,42.0
bitbrains_fast_storage/5t/long,ZooCast-Top1,0.8711999929238592,0.7026061445524241,33.0,52.0
bitbrains_fast_storage/h/short,ZooCast-Top1,0.9309593597654008,0.6635224677367416,12.0,65.0
bitbrains_rnd/5t/short,ZooCast-Top1,1.618136938121414,0.415745145404104,34.0,58.0
bitbrains_rnd/5t/medium,ZooCast-Top1,4.359229717604128,1.004565433626743,36.0,118.0
bitbrains_rnd/5t/long,ZooCast-Top1,3.275397885102409,0.8730126297517127,32.0,110.0
bitbrains_rnd/h/short,ZooCast-Top1,5.804742667777643,0.8035454819748182,37.0,111.0
bizitobs_service/10s/short,ZooCast-Top1,0.71692567427202,0.0101257050050553,32.0,24.0
bizitobs_service/10s/medium,ZooCast-Top1,0.9790487780830548,0.0221194743170398,26.0,35.0
bizitobs_service/10s/long,ZooCast-Top1,1.3255743262231172,0.0511030149757811,45.0,23.0
car_parts/m/short,ZooCast-Top1,0.8359773797258253,0.9660464513713964,33.0,41.0
electricity/15t/short,ZooCast-Top1,0.9223486782234586,0.0783787052678264,28.0,23.0
electricity/15t/medium,ZooCast-Top1,0.8041393284984164,0.0714217580593769,27.0,23.0
electricity/15t/long,ZooCast-Top1,0.8554108103088559,0.0716730428446192,27.0,24.0
electricity/d/short,ZooCast-Top1,1.4148597876653912,0.0580690885229228,57.0,76.0
electricity/h/short,ZooCast-Top1,0.9779272228502356,0.0679304948132221,74.0,63.0
electricity/h/medium,ZooCast-Top1,1.0691861062780872,0.0759349953315115,58.0,55.0
electricity/h/long,ZooCast-Top1,1.1925033326651897,0.0877503437630306,57.0,56.0
jena_weather/10t/short,ZooCast-Top1,0.2649503489516123,0.0303106753224837,32.0,70.0
jena_weather/10t/medium,ZooCast-Top1,0.6057200244714774,0.0496059978779397,57.0,62.0
jena_weather/10t/long,ZooCast-Top1,0.6918561732061718,0.0513843815936062,96.0,66.0
kdd_cup_2018/d/short,ZooCast-Top1,1.1977513994294262,0.3665565381873796,71.0,10.0
kdd_cup_2018/h/short,ZooCast-Top1,0.9466823637236516,0.3736478806328215,68.0,46.0
kdd_cup_2018/h/medium,ZooCast-Top1,1.0401058282304303,0.4172199143643951,52.0,37.0
kdd_cup_2018/h/long,ZooCast-Top1,1.046908916534262,0.4453330441535226,93.0,50.0
m4_daily/d/short,ZooCast-Top1,3.419271586278344,0.0229459168547594,92.0,79.0
m4_monthly/m/short,ZooCast-Top1,0.903217352832543,0.0898521683646606,18.0,22.0
m4_quarterly/q/short,ZooCast-Top1,1.1542560705399063,0.0732082342910787,42.0,31.0
m4_yearly/a/short,ZooCast-Top1,3.2361825352858733,0.111543749102192,46.0,34.0
restaurant/d/short,ZooCast-Top1,0.6776595370625726,0.2543246092294533,28.0,30.0
solar/10t/short,ZooCast-Top1,0.7784342503824689,0.3859580534483757,17.0,17.0
solar/10t/medium,ZooCast-Top1,0.7899656500667791,0.2902240427950798,16.0,8.0
solar/10t/long,ZooCast-Top1,0.7941239726053174,0.2900662040027847,33.0,16.0
solar/h/short,ZooCast-Top1,0.744055301637309,0.27294675614805,27.0,27.0
solar/h/medium,ZooCast-Top1,0.783587840190401,0.285002422784048,32.0,31.0
solar/h/long,ZooCast-Top1,0.825937782882037,0.286549909649834,30.0,28.0
temperature_rain/d/short,ZooCast-Top1,1.3102429840566732,0.5387614883878814,17.0,17.0
m4_yearly/a/short,auto_arima,3.71,0.13,104.0,92.0
bitbrains_fast_storage/5t/short,auto_arima,1.14,1.21,121.0,127.0
bitbrains_fast_storage/h/short,auto_arima,1.43,0.844,118.0,111.0
bitbrains_rnd/5t/short,auto_arima,1.97,1.1,106.0,127.0
bitbrains_rnd/h/short,auto_arima,6.08,0.874,111.0,116.0
bizitobs_application/10s/short,auto_arima,2.24,0.0348,98.0,110.0
bizitobs_l2c/5t/short,auto_arima,0.986,0.262,127.0,128.0
bizitobs_l2c/h/short,auto_arima,1.25,0.547,128.0,126.0
bizitobs_service/10s/short,auto_arima,1.23,0.04,98.0,118.0
car_parts/m/short,auto_arima,0.958,1.29,102.0,115.0
covid_deaths/d/short,auto_arima,31.4,0.0298,26.0,31.0
electricity/15t/short,auto_arima,1.72,0.165,121.0,118.0
electricity/d/short,auto_arima,1.82,0.0832,116.0,115.0
electricity/h/short,auto_arima,1.36,0.109,122.0,122.0
electricity/w/short,auto_arima,2.09,0.0997,117.0,116.0
ett1/15t/short,auto_arima,0.934,0.241,118.0,115.0
ett1/d/short,auto_arima,1.85,0.279,113.0,62.0
ett1/h/short,auto_arima,0.995,0.223,122.0,109.0
ett1/w/short,auto_arima,1.99,0.305,124.0,101.0
ett2/15t/short,auto_arima,1.07,0.0964,124.0,120.0
ett2/d/short,auto_arima,1.45,0.125,104.0,113.0
ett2/h/short,auto_arima,0.952,0.0892,119.0,120.0
ett2/w/short,auto_arima,1.13,0.136,109.0,114.0
hierarchical_sales/d/short,auto_arima,0.813,0.735,116.0,117.0
hierarchical_sales/w/short,auto_arima,0.85,0.485,114.0,118.0
hospital/m/short,auto_arima,0.826,0.0596,110.0,103.0
jena_weather/10t/short,auto_arima,0.743,0.155,124.0,124.0
jena_weather/d/short,auto_arima,1.45,0.0801,110.0,118.0
jena_weather/h/short,auto_arima,1.08,0.143,127.0,122.0
kdd_cup_2018/d/short,auto_arima,1.18,0.393,22.0,99.0
kdd_cup_2018/h/short,auto_arima,1.34,0.559,126.0,122.0
loop_seattle/5t/short,auto_arima,0.762,0.0808,112.0,118.0
loop_seattle/d/short,auto_arima,1.49,0.0777,121.0,121.0
loop_seattle/h/short,auto_arima,1.29,0.108,124.0,124.0
m_dense/d/short,auto_arima,1.34,0.135,125.0,123.0
m_dense/h/short,auto_arima,1.49,0.281,124.0,124.0
m4_daily/d/short,auto_arima,3.26,0.0231,53.0,84.0
m4_hourly/h/short,auto_arima,1.03,0.0337,94.0,105.0
m4_monthly/m/short,auto_arima,0.976,0.0979,84.0,83.0
m4_quarterly/q/short,auto_arima,1.28,0.0816,94.0,91.0
m4_weekly/w/short,auto_arima,2.36,0.0499,86.0,107.0
restaurant/d/short,auto_arima,0.929,0.362,123.0,121.0
saugeen/d/short,auto_arima,3.74,0.564,121.0,118.0
saugeen/m/short,auto_arima,0.725,0.326,42.0,97.0
saugeen/w/short,auto_arima,1.55,0.549,112.0,117.0
solar/10t/short,auto_arima,1.11,0.86,91.0,117.0
solar/d/short,auto_arima,1.01,0.282,94.0,70.0
solar/h/short,auto_arima,0.952,0.628,108.0,125.0
solar/w/short,auto_arima,1.12,0.152,61.0,59.0
sz_taxi/15t/short,auto_arima,0.764,0.309,125.0,126.0
sz_taxi/h/short,auto_arima,0.624,0.17,117.0,110.0
temperature_rain/d/short,auto_arima,1.71,0.694,116.0,113.0
us_births/d/short,auto_arima,1.58,0.0738,120.0,121.0
us_births/m/short,auto_arima,0.466,0.0104,10.0,10.0
us_births/w/short,auto_arima,1.48,0.018,114.0,108.0
bitbrains_fast_storage/5t/medium,auto_arima,1.22,1.27,106.0,125.0
bitbrains_rnd/5t/medium,auto_arima,4.54,1.26,95.0,125.0
bizitobs_application/10s/medium,auto_arima,2.69,0.0419,87.0,82.0
bizitobs_l2c/5t/medium,auto_arima,1.24,0.53,126.0,124.0
bizitobs_l2c/h/medium,auto_arima,1.56,0.813,128.0,123.0
bizitobs_service/10s/medium,auto_arima,1.32,0.0486,87.0,104.0
electricity/15t/medium,auto_arima,1.15,0.124,112.0,117.0
electricity/h/medium,auto_arima,1.39,0.156,119.0,121.0
ett1/15t/medium,auto_arima,1.19,0.352,110.0,118.0
ett1/h/medium,auto_arima,1.57,0.384,120.0,120.0
ett2/15t/medium,auto_arima,1.05,0.143,110.0,121.0
ett2/h/medium,auto_arima,1.46,0.245,126.0,124.0
jena_weather/10t/medium,auto_arima,0.716,0.277,110.0,126.0
jena_weather/h/medium,auto_arima,1.45,0.211,129.0,124.0
kdd_cup_2018/h/medium,auto_arima,1.42,0.851,124.0,126.0
loop_seattle/5t/medium,auto_arima,1.15,0.123,113.0,117.0
loop_seattle/h/medium,auto_arima,2.0,0.154,129.0,124.0
m_dense/h/medium,auto_arima,1.27,0.255,122.0,123.0
solar/10t/medium,auto_arima,0.927,0.771,88.0,120.0
solar/h/medium,auto_arima,0.848,0.557,53.0,121.0
sz_taxi/15t/medium,auto_arima,0.632,0.351,121.0,124.0
electricity/15t/long,auto_arima,1.16,0.129,111.0,116.0
electricity/h/long,auto_arima,1.52,0.19,118.0,123.0
solar/10t/long,auto_arima,0.871,0.786,78.0,118.0
solar/h/long,auto_arima,0.995,0.607,86.0,119.0
kdd_cup_2018/h/long,auto_arima,1.18,1.05,120.0,125.0
loop_seattle/5t/long,auto_arima,1.25,0.137,116.0,119.0
loop_seattle/h/long,auto_arima,2.59,0.193,129.0,125.0
sz_taxi/15t/long,auto_arima,0.598,0.398,117.0,124.0
m_dense/h/long,auto_arima,1.21,0.27,120.0,123.0
ett1/15t/long,auto_arima,1.19,0.396,105.0,119.0
ett1/h/long,auto_arima,1.65,0.43,121.0,120.0
ett2/15t/long,auto_arima,1.01,0.165,104.0,124.0
ett2/h/long,auto_arima,1.28,0.272,111.0,125.0
jena_weather/10t/long,auto_arima,0.761,0.304,113.0,126.0
jena_weather/h/long,auto_arima,1.98,0.23,125.0,124.0
bitbrains_fast_storage/5t/long,auto_arima,1.14,1.29,109.0,124.0
bitbrains_rnd/5t/long,auto_arima,3.5,1.29,92.0,124.0
bizitobs_application/10s/long,auto_arima,36400.0,0.973,129.0,129.0
bizitobs_service/10s/long,auto_arima,1.37,0.0559,66.0,81.0
bizitobs_l2c/5t/long,auto_arima,1.45,0.674,127.0,114.0
bizitobs_l2c/h/long,auto_arima,1.54,0.787,128.0,123.0
bitbrains_fast_storage/5t/short,auto_ets,1.14,1.21,121.0,127.0
bitbrains_fast_storage/h/short,auto_ets,1.32,76500000.0,110.0,129.0
bitbrains_rnd/5t/short,auto_ets,1.97,1.1,106.0,127.0
bitbrains_rnd/h/short,auto_ets,6.04,1.3,106.0,126.0
bizitobs_application/10s/short,auto_ets,5.09,0.048,121.0,119.0
bizitobs_l2c/5t/short,auto_ets,0.272,0.0755,61.0,72.0
bizitobs_l2c/h/short,auto_ets,1.11,0.494,124.0,122.0
bizitobs_service/10s/short,auto_ets,2.47,0.0465,118.0,124.0
car_parts/m/short,auto_ets,1.22,1.34,122.0,116.0
covid_deaths/d/short,auto_ets,28.4,0.0325,2.0,46.0
electricity/15t/short,auto_ets,2.43,0.175,125.0,121.0
electricity/d/short,auto_ets,1.93,0.111,123.0,127.0
electricity/h/short,auto_ets,1.36,0.0992,122.0,120.0
electricity/w/short,auto_ets,2.14,0.0981,121.0,112.0
ett1/15t/short,auto_ets,1.91,0.383,127.0,124.0
ett1/d/short,auto_ets,1.69,0.334,67.0,106.0
ett1/h/short,auto_ets,1.94,0.44,129.0,128.0
ett1/w/short,auto_ets,1.66,0.277,99.0,73.0
ett2/15t/short,auto_ets,1.18,0.103,125.0,124.0
ett2/d/short,auto_ets,1.42,0.158,96.0,124.0
ett2/h/short,auto_ets,1.03,0.103,124.0,123.0
ett2/w/short,auto_ets,0.874,0.115,71.0,106.0
hierarchical_sales/d/short,auto_ets,0.908,0.931,123.0,123.0
hierarchical_sales/w/short,auto_ets,0.916,0.642,120.0,124.0
hospital/m/short,auto_ets,0.77,0.0532,67.0,70.0
jena_weather/10t/short,auto_ets,0.341,0.0822,100.0,120.0
jena_weather/d/short,auto_ets,2.0,0.0741,125.0,117.0
jena_weather/h/short,auto_ets,0.744,0.158,122.0,125.0
kdd_cup_2018/d/short,auto_ets,1.47,10.3,123.0,129.0
kdd_cup_2018/h/short,auto_ets,1.43,1.16,128.0,128.0
loop_seattle/5t/short,auto_ets,0.835,0.0833,121.0,122.0
loop_seattle/d/short,auto_ets,1.25,0.0584,118.0,118.0
loop_seattle/h/short,auto_ets,1.55,0.157,127.0,126.0
m_dense/d/short,auto_ets,1.19,0.123,119.0,118.0
m_dense/h/short,auto_ets,1.46,0.242,122.0,122.0
m4_daily/d/short,auto_ets,3.24,0.0286,44.0,112.0
m4_hourly/h/short,auto_ets,1.61,0.0696,111.0,124.0
m4_monthly/m/short,auto_ets,0.964,0.0998,73.0,89.0
m4_quarterly/q/short,auto_ets,1.16,0.0792,50.0,78.0
m4_weekly/w/short,auto_ets,2.55,0.0518,102.0,111.0
m4_yearly/a/short,auto_ets,3.08,0.111,28.0,30.0
restaurant/d/short,auto_ets,0.861,110.0,121.0,129.0
saugeen/d/short,auto_ets,3.9,0.596,122.0,127.0
saugeen/m/short,auto_ets,0.725,0.322,42.0,93.0
saugeen/w/short,auto_ets,1.99,0.896,124.0,128.0
solar/10t/short,auto_ets,1.22,0.87,110.0,118.0
solar/d/short,auto_ets,1.02,0.281,105.0,68.0
solar/h/short,auto_ets,1.8,1.08,126.0,126.0
solar/w/short,auto_ets,1.0,0.139,27.0,27.0
sz_taxi/15t/short,auto_ets,0.696,0.291,124.0,123.0
sz_taxi/h/short,auto_ets,0.852,1.62,128.0,128.0
temperature_rain/d/short,auto_ets,1.97,0.754,124.0,118.0
us_births/d/short,auto_ets,1.6,0.0744,121.0,122.0
us_births/m/short,auto_ets,0.588,0.012,25.0,22.0
us_births/w/short,auto_ets,1.49,0.0183,115.0,111.0
bitbrains_fast_storage/5t/medium,auto_ets,1.22,1.27,106.0,125.0
bitbrains_rnd/5t/medium,auto_ets,4.54,1.26,95.0,125.0
bizitobs_application/10s/medium,auto_ets,7.31,0.161,115.0,128.0
bizitobs_l2c/5t/medium,auto_ets,0.809,0.355,91.0,86.0
bizitobs_l2c/h/medium,auto_ets,1.5,1.05,126.0,129.0
bizitobs_service/10s/medium,auto_ets,5.45,0.224,125.0,129.0
electricity/15t/medium,auto_ets,1.15,0.124,112.0,117.0
electricity/h/medium,auto_ets,1.39,0.156,119.0,121.0
ett1/15t/medium,auto_ets,1.87,0.867,129.0,128.0
ett1/h/medium,auto_ets,5.38,15.4,129.0,129.0
ett2/15t/medium,auto_ets,2.41,0.325,128.0,129.0
ett2/h/medium,auto_ets,1.41,0.272,123.0,125.0
jena_weather/10t/medium,auto_ets,1.02,0.21,125.0,124.0
jena_weather/h/medium,auto_ets,1.21,3720.0,125.0,129.0
kdd_cup_2018/h/medium,auto_ets,1.43,0.949,126.0,127.0
loop_seattle/5t/medium,auto_ets,1.97,0.238,124.0,126.0
loop_seattle/h/medium,auto_ets,1.7,0.339,126.0,126.0
m_dense/h/medium,auto_ets,1.49,0.458,123.0,126.0
solar/10t/medium,auto_ets,11.9,4.59,129.0,128.0
solar/h/medium,auto_ets,1.77,2.12,124.0,126.0
sz_taxi/15t/medium,auto_ets,1.92,79200000.0,128.0,129.0
electricity/15t/long,auto_ets,1.16,0.129,111.0,116.0
electricity/h/long,auto_ets,2.51,2.62e+24,124.0,129.0
solar/10t/long,auto_ets,2.02,2.93,124.0,128.0
solar/h/long,auto_ets,1.55,1.72,123.0,126.0
kdd_cup_2018/h/long,auto_ets,1.34,1.25,126.0,129.0
loop_seattle/5t/long,auto_ets,1.38,0.24,122.0,127.0
loop_seattle/h/long,auto_ets,1.71,0.426,125.0,126.0
sz_taxi/15t/long,auto_ets,2.45,517000000000000.0,129.0,129.0
m_dense/h/long,auto_ets,1.59,0.588,124.0,126.0
ett1/15t/long,auto_ets,2.2,1.05,128.0,127.0
ett1/h/long,auto_ets,6.83,448.0,129.0,129.0
ett2/15t/long,auto_ets,1.67,0.317,128.0,129.0
ett2/h/long,auto_ets,1.3,0.329,114.0,126.0
jena_weather/10t/long,auto_ets,1.09,0.282,127.0,125.0
jena_weather/h/long,auto_ets,4.83,684000000.0,128.0,129.0
bitbrains_fast_storage/5t/long,auto_ets,1.14,1.29,109.0,124.0
bitbrains_rnd/5t/long,auto_ets,3.5,1.29,92.0,124.0
bizitobs_application/10s/long,auto_ets,7.04,0.269,108.0,128.0
bizitobs_service/10s/long,auto_ets,3.89,0.373,116.0,129.0
bizitobs_l2c/5t/long,auto_ets,1.26,0.597,114.0,104.0
bizitobs_l2c/h/long,auto_ets,1.45,1.11,127.0,129.0
bitbrains_fast_storage/5t/short,auto_theta,1.15,0.731,123.0,124.0
bitbrains_fast_storage/h/short,auto_theta,1.35,1.15,113.0,125.0
bitbrains_rnd/5t/short,auto_theta,2.07,0.741,119.0,124.0
bitbrains_rnd/h/short,auto_theta,5.75,1.38,11.0,127.0
bizitobs_application/10s/short,auto_theta,1.11,0.00987,57.0,41.0
bizitobs_l2c/5t/short,auto_theta,0.292,0.0799,98.0,91.0
bizitobs_l2c/h/short,auto_theta,1.19,0.507,126.0,123.0
bizitobs_service/10s/short,auto_theta,0.791,0.0127,61.0,64.0
car_parts/m/short,auto_theta,1.23,1.34,123.0,116.0
covid_deaths/d/short,auto_theta,45.4,0.0945,110.0,113.0
electricity/15t/short,auto_theta,1.35,0.14,106.0,112.0
electricity/d/short,auto_theta,1.88,0.0884,121.0,119.0
electricity/h/short,auto_theta,1.74,0.177,125.0,126.0
electricity/w/short,auto_theta,2.14,0.101,121.0,117.0
ett1/15t/short,auto_theta,0.863,0.41,112.0,128.0
ett1/d/short,auto_theta,1.75,0.341,94.0,108.0
ett1/h/short,auto_theta,1.28,0.668,126.0,129.0
ett1/w/short,auto_theta,1.89,0.319,121.0,112.0
ett2/15t/short,auto_theta,0.832,0.0771,101.0,101.0
ett2/d/short,auto_theta,1.85,0.164,121.0,125.0
ett2/h/short,auto_theta,1.02,0.102,122.0,122.0
ett2/w/short,auto_theta,1.41,0.16,117.0,116.0
hierarchical_sales/d/short,auto_theta,0.932,0.967,124.0,124.0
hierarchical_sales/w/short,auto_theta,0.849,0.474,113.0,117.0
hospital/m/short,auto_theta,0.761,0.0553,49.0,85.0
jena_weather/10t/short,auto_theta,0.368,0.13,111.0,123.0
jena_weather/d/short,auto_theta,1.6,0.0818,117.0,120.0
jena_weather/h/short,auto_theta,0.878,0.296,125.0,126.0
kdd_cup_2018/d/short,auto_theta,1.38,0.459,120.0,112.0
kdd_cup_2018/h/short,auto_theta,1.27,0.531,121.0,120.0
loop_seattle/5t/short,auto_theta,0.78,0.0815,118.0,120.0
loop_seattle/d/short,auto_theta,1.39,0.0718,120.0,120.0
loop_seattle/h/short,auto_theta,1.4,0.165,126.0,127.0
m_dense/d/short,auto_theta,1.22,0.126,123.0,121.0
m_dense/h/short,auto_theta,1.69,0.549,126.0,128.0
m4_daily/d/short,auto_theta,3.34,0.0235,81.0,89.0
m4_hourly/h/short,auto_theta,2.46,0.0414,119.0,119.0
m4_monthly/m/short,auto_theta,0.966,0.098,75.0,84.0
m4_quarterly/q/short,auto_theta,1.19,0.0791,65.0,76.0
m4_weekly/w/short,auto_theta,2.66,0.0534,105.0,113.0
m4_yearly/a/short,auto_theta,3.11,0.115,31.0,50.0
restaurant/d/short,auto_theta,0.843,0.329,120.0,113.0
saugeen/d/short,auto_theta,3.6,0.669,120.0,129.0
saugeen/m/short,auto_theta,0.912,0.373,120.0,109.0
saugeen/w/short,auto_theta,2.12,0.734,128.0,124.0
solar/10t/short,auto_theta,1.8,2.36,126.0,128.0
solar/d/short,auto_theta,1.05,0.286,111.0,79.0
solar/h/short,auto_theta,2.05,2.33,127.0,129.0
solar/w/short,auto_theta,1.15,0.155,70.0,62.0
sz_taxi/15t/short,auto_theta,0.649,0.288,123.0,122.0
sz_taxi/h/short,auto_theta,0.691,0.232,123.0,125.0
temperature_rain/d/short,auto_theta,1.93,0.761,123.0,119.0
us_births/d/short,auto_theta,1.63,0.0748,124.0,123.0
us_births/m/short,auto_theta,0.883,0.019,107.0,102.0
us_births/w/short,auto_theta,1.49,0.0183,115.0,111.0
bitbrains_fast_storage/5t/medium,auto_theta,1.42,1.45,119.0,127.0
bitbrains_rnd/5t/medium,auto_theta,4.88,1.47,121.0,127.0
bizitobs_application/10s/medium,auto_theta,1.78,0.024,8.0,10.0
bizitobs_l2c/5t/medium,auto_theta,0.868,0.415,105.0,109.0
bizitobs_l2c/h/medium,auto_theta,1.65,0.892,129.0,127.0
bizitobs_service/10s/medium,auto_theta,1.06,0.0274,56.0,64.0
electricity/15t/medium,auto_theta,1.43,0.328,121.0,127.0
electricity/h/medium,auto_theta,1.78,0.254,123.0,126.0
ett1/15t/medium,auto_theta,1.25,1.13,115.0,129.0
ett1/h/medium,auto_theta,1.84,1.65,124.0,128.0
ett2/15t/medium,auto_theta,1.04,0.15,109.0,122.0
ett2/h/medium,auto_theta,1.3,0.284,118.0,127.0
jena_weather/10t/medium,auto_theta,0.806,0.35,122.0,127.0
jena_weather/h/medium,auto_theta,1.36,0.832,128.0,126.0
kdd_cup_2018/h/medium,auto_theta,1.33,0.791,122.0,125.0
loop_seattle/5t/medium,auto_theta,2.06,0.24,129.0,127.0
loop_seattle/h/medium,auto_theta,1.61,0.39,125.0,127.0
m_dense/h/medium,auto_theta,1.74,1.21,125.0,129.0
solar/10t/medium,auto_theta,2.69,5.67,128.0,129.0
solar/h/medium,auto_theta,2.87,6.13,129.0,129.0
sz_taxi/15t/medium,auto_theta,0.716,0.529,125.0,126.0
electricity/15t/long,auto_theta,1.5,0.401,121.0,127.0
electricity/h/long,auto_theta,2.05,0.3,121.0,126.0
solar/10t/long,auto_theta,4.53,6.64,129.0,129.0
solar/h/long,auto_theta,5.24,7.32,129.0,129.0
kdd_cup_2018/h/long,auto_theta,1.37,0.97,127.0,124.0
loop_seattle/5t/long,auto_theta,1.44,0.231,127.0,126.0
loop_seattle/h/long,auto_theta,2.02,0.468,128.0,127.0
sz_taxi/15t/long,auto_theta,0.759,0.629,123.0,126.0
m_dense/h/long,auto_theta,2.29,1.43,126.0,127.0
ett1/15t/long,auto_theta,1.76,1.39,125.0,128.0
ett1/h/long,auto_theta,2.51,1.94,127.0,128.0
ett2/15t/long,auto_theta,1.1,0.169,114.0,125.0
ett2/h/long,auto_theta,1.46,0.336,124.0,127.0
jena_weather/10t/long,auto_theta,0.99,0.424,125.0,127.0
jena_weather/h/long,auto_theta,2.64,1.29,127.0,128.0
bitbrains_fast_storage/5t/long,auto_theta,1.61,1.36,122.0,127.0
bitbrains_rnd/5t/long,auto_theta,4.11,1.6,122.0,127.0
bizitobs_application/10s/long,auto_theta,2.93,0.0355,11.0,2.0
bizitobs_service/10s/long,auto_theta,1.62,0.0517,90.0,36.0
bizitobs_l2c/5t/long,auto_theta,1.24,0.632,108.0,109.0
bizitobs_l2c/h/long,auto_theta,1.41,0.819,123.0,126.0
bitbrains_fast_storage/5t/long,chronos-2-synth,0.8759402907378362,0.6200447414208721,41.0,15.0
bitbrains_fast_storage/5t/medium,chronos-2-synth,0.96950614920306,0.5914591771812167,45.0,18.0
bitbrains_fast_storage/5t/short,chronos-2-synth,0.6637699037556243,0.3854588920477343,39.0,44.0
bitbrains_fast_storage/h/short,chronos-2-synth,1.008590807342029,0.6022981568065253,41.0,25.0
bitbrains_rnd/5t/long,chronos-2-synth,3.317870488567364,0.7456062720871048,54.0,95.0
bitbrains_rnd/5t/medium,chronos-2-synth,4.366534645426357,0.6210688094147774,39.0,49.0
bitbrains_rnd/5t/short,chronos-2-synth,1.6267822467708557,0.4094967876488237,41.0,56.0
bitbrains_rnd/h/short,chronos-2-synth,5.843239611381821,0.7396091701029824,65.0,105.0
bizitobs_application/10s/long,chronos-2-synth,3.000292144579015,0.0471631923276947,18.0,17.0
bizitobs_application/10s/medium,chronos-2-synth,1.7220286092351975,0.0205369416626582,7.0,6.0
bizitobs_application/10s/short,chronos-2-synth,1.0175544449456937,0.0093919379298731,27.0,13.0
bizitobs_l2c/5t/long,chronos-2-synth,0.6441739873762772,0.2798143830016573,62.0,53.0
bizitobs_l2c/5t/medium,chronos-2-synth,0.5988177381865053,0.2407976490376419,61.0,50.0
bizitobs_l2c/5t/short,chronos-2-synth,0.267162743475183,0.0725467666701082,55.0,55.0
bizitobs_l2c/h/long,chronos-2-synth,0.5497473060902974,0.2505023362064724,26.0,16.0
bizitobs_l2c/h/medium,chronos-2-synth,0.4919120695030535,0.2356955622606759,47.0,46.0
bizitobs_l2c/h/short,chronos-2-synth,0.4303170757847046,0.1834302521196304,36.0,31.0
bizitobs_service/10s/long,chronos-2-synth,1.343717417776477,0.0508135119891742,56.0,18.0
bizitobs_service/10s/medium,chronos-2-synth,0.9460166953408063,0.0170605098317618,7.0,5.0
bizitobs_service/10s/short,chronos-2-synth,0.7436720250917929,0.0099408538534071,44.0,13.0
car_parts/m/short,chronos-2-synth,0.8359226680147035,0.9509235410734131,32.0,29.0
covid_deaths/d/short,chronos-2-synth,29.88446124481787,0.033055285856789,16.0,48.0
electricity/15t/long,chronos-2-synth,0.8853972478829217,0.0770846867223548,53.0,59.0
electricity/15t/medium,chronos-2-synth,0.8300065425938451,0.074861002796408,51.0,48.0
electricity/15t/short,chronos-2-synth,0.966395362220282,0.0820409774818635,51.0,45.0
electricity/d/short,chronos-2-synth,1.3962842131175988,0.0553099483394654,50.0,54.0
electricity/h/long,chronos-2-synth,1.254369112068842,0.0976042773437565,87.0,82.0
electricity/h/medium,chronos-2-synth,1.1144176101174572,0.0831267589443106,89.0,83.0
electricity/h/short,chronos-2-synth,1.0568440483812842,0.0786624969872934,98.0,104.0
electricity/w/short,chronos-2-synth,1.4250855317322035,0.0558190439319578,34.0,72.0
ett1/15t/long,chronos-2-synth,1.057462354308891,0.2614211499763071,81.0,87.0
ett1/15t/medium,chronos-2-synth,1.0211817552048703,0.2462622293809939,68.0,71.0
ett1/15t/short,chronos-2-synth,0.6937849408185501,0.1683445778620174,69.0,79.0
ett1/d/short,chronos-2-synth,1.6473303481655612,0.2757008210030695,34.0,44.0
ett1/h/long,chronos-2-synth,1.4146557808356803,0.3096447603742983,84.0,92.0
ett1/h/medium,chronos-2-synth,1.392144410383506,0.2895745427099732,106.0,95.0
ett1/h/short,chronos-2-synth,0.8188669089694061,0.1790482097219195,57.0,56.0
ett1/w/short,chronos-2-synth,1.5544519258384428,0.2643061317015062,49.0,55.0
ett2/15t/long,chronos-2-synth,0.8870302940235181,0.0938073143219,51.0,66.0
ett2/15t/medium,chronos-2-synth,0.8671634129821371,0.0893472530182762,51.0,52.0
ett2/15t/short,chronos-2-synth,0.7589512486691441,0.0657172050105852,75.0,64.0
ett2/d/short,chronos-2-synth,1.9590256342119123,0.1145245536117249,123.0,105.0
ett2/h/long,chronos-2-synth,1.4048195895460436,0.1263864678082209,120.0,103.0
ett2/h/medium,chronos-2-synth,1.2958629457973854,0.1233432776425997,117.0,103.0
ett2/h/short,chronos-2-synth,0.7641742613943926,0.065955767293669,91.0,79.0
ett2/w/short,chronos-2-synth,0.7490738241518227,0.0851609458500416,15.0,39.0
hierarchical_sales/d/short,chronos-2-synth,0.7522379948739162,0.5880571537219734,92.0,92.0
hierarchical_sales/w/short,chronos-2-synth,0.7106052092971481,0.3401457518203516,16.0,19.0
hospital/m/short,chronos-2-synth,0.7523552122671665,0.0505469173077922,33.0,36.0
jena_weather/10t/long,chronos-2-synth,0.6440973923078107,0.0533225924989908,55.0,80.0
jena_weather/10t/medium,chronos-2-synth,0.5883983170481839,0.0525374753772189,38.0,80.0
jena_weather/10t/short,chronos-2-synth,0.2788170059661448,0.0322389560465949,54.0,81.0
jena_weather/d/short,chronos-2-synth,1.1348972810988334,0.0474243902772727,80.0,64.0
jena_weather/h/long,chronos-2-synth,1.267679650655475,0.0677947618543668,113.0,90.0
jena_weather/h/medium,chronos-2-synth,0.8118882579809137,0.0549724689205164,72.0,74.0
jena_weather/h/short,chronos-2-synth,0.5392669167965849,0.0427209169251189,80.0,62.0
kdd_cup_2018/d/short,chronos-2-synth,1.2267338836124602,0.3823030185173411,108.0,82.0
kdd_cup_2018/h/long,chronos-2-synth,1.0056682992128088,0.4479404193809887,37.0,57.0
kdd_cup_2018/h/medium,chronos-2-synth,1.0333821701122667,0.4282880788342649,38.0,67.0
kdd_cup_2018/h/short,chronos-2-synth,0.9617569356425048,0.3945809360384573,86.0,84.0
loop_seattle/5t/long,chronos-2-synth,0.9444327821719865,0.0835461805348947,85.0,77.0
loop_seattle/5t/medium,chronos-2-synth,0.8742128961352799,0.0774526490860539,84.0,76.0
loop_seattle/5t/short,chronos-2-synth,0.5913434776927697,0.050334152129738,89.0,82.0
loop_seattle/d/short,chronos-2-synth,0.8806483831727409,0.0428831505120874,58.0,63.0
loop_seattle/h/long,chronos-2-synth,0.8896534133828808,0.0612031220040873,63.0,60.0
loop_seattle/h/medium,chronos-2-synth,0.9257389258531884,0.0644209850840178,66.0,59.0
loop_seattle/h/short,chronos-2-synth,0.8462548971023094,0.0596029701632962,72.0,63.0
m4_daily/d/short,chronos-2-synth,3.409987345053648,0.0228561732256696,90.0,76.0
m4_hourly/h/short,chronos-2-synth,0.8475253507724109,0.0256762623483102,75.0,81.0
m4_monthly/m/short,chronos-2-synth,0.9152717496686644,0.0911597509311721,37.0,33.0
m4_quarterly/q/short,chronos-2-synth,1.1549957558124753,0.0736492150974681,44.0,41.0
m4_weekly/w/short,chronos-2-synth,2.077450928837584,0.0373033967001497,61.0,51.0
m4_yearly/a/short,chronos-2-synth,3.5049862211654736,0.1206997366843641,86.0,77.0
m_dense/d/short,chronos-2-synth,0.617717798937793,0.0594702679205165,17.0,22.0
m_dense/h/long,chronos-2-synth,0.9525571878203052,0.1485976291830834,107.0,101.0
m_dense/h/medium,chronos-2-synth,0.9139888536317566,0.1422495294239956,109.0,100.0
m_dense/h/short,chronos-2-synth,0.8628583175659563,0.1488289427122833,97.0,95.0
restaurant/d/short,chronos-2-synth,0.6795262994076543,0.2553274812484485,42.0,38.0
saugeen/d/short,chronos-2-synth,3.173431267746448,0.3910252943701728,100.0,90.0
saugeen/m/short,chronos-2-synth,0.7136291846141731,0.282700542966905,20.0,16.0
saugeen/w/short,chronos-2-synth,1.1881830354589615,0.3534258889017971,51.0,46.0
solar/10t/long,chronos-2-synth,0.8515239529034765,0.3363057070118321,72.0,69.0
solar/10t/medium,chronos-2-synth,0.8903335704909898,0.3469103304574673,83.0,69.0
solar/10t/short,chronos-2-synth,0.8593865848094706,0.433060589400999,44.0,42.0
solar/d/short,chronos-2-synth,0.9650313836985104,0.2692073299316702,34.0,15.0
solar/h/long,chronos-2-synth,0.9344835660449682,0.3308750043752249,63.0,59.0
solar/h/medium,chronos-2-synth,0.899750685749648,0.334553208228609,82.0,70.0
solar/h/short,chronos-2-synth,0.935197680350128,0.3562585734729165,103.0,94.0
solar/w/short,chronos-2-synth,1.1094004069973584,0.1497293817863933,56.0,54.0
sz_taxi/15t/long,chronos-2-synth,0.5082846064566703,0.2016473063849256,47.0,66.0
sz_taxi/15t/medium,chronos-2-synth,0.5401290748943555,0.2056746603999511,70.0,71.0
sz_taxi/15t/short,chronos-2-synth,0.5440025514925346,0.2004040657597225,50.0,45.0
sz_taxi/h/short,chronos-2-synth,0.5608318283302823,0.1356196725120145,47.0,49.0
temperature_rain/d/short,chronos-2-synth,1.3516999154066685,0.5526510310620748,65.0,58.0
us_births/d/short,chronos-2-synth,0.3049054661765532,0.0154481077584559,9.0,8.0
us_births/m/short,chronos-2-synth,0.6074192832476859,0.0123808335746589,35.0,28.0
us_births/w/short,chronos-2-synth,1.0176816047982542,0.011958782913582,54.0,52.0
bitbrains_fast_storage/5t/long,chronos-2,0.8711999929238592,0.7026061445524241,33.0,52.0
bitbrains_fast_storage/5t/medium,chronos-2,0.9588490240362444,0.6233457308991365,35.0,42.0
bitbrains_fast_storage/5t/short,chronos-2,0.6563897676548155,0.3906378769842435,33.0,49.0
bitbrains_fast_storage/h/short,chronos-2,0.9309593597654008,0.6635224677367416,12.0,65.0
bitbrains_rnd/5t/long,chronos-2,3.2753978851024095,0.8730126297517127,33.0,110.0
bitbrains_rnd/5t/medium,chronos-2,4.359229717604128,1.004565433626743,36.0,118.0
bitbrains_rnd/5t/short,chronos-2,1.618136938121414,0.415745145404104,34.0,58.0
bitbrains_rnd/h/short,chronos-2,5.804742667777643,0.8035454819748182,37.0,111.0
bizitobs_application/10s/long,chronos-2,2.9496631708273595,0.0453959737312229,15.0,12.0
bizitobs_application/10s/medium,chronos-2,1.8026079477842636,0.0256626331378489,9.0,13.0
bizitobs_application/10s/short,chronos-2,1.003902166736118,0.0095672555987191,20.0,20.0
bizitobs_l2c/5t/long,chronos-2,0.6471512945825063,0.2977954916750903,64.0,61.0
bizitobs_l2c/5t/medium,chronos-2,0.5826103672409443,0.2472050569534263,56.0,55.0
bizitobs_l2c/5t/short,chronos-2,0.2665168882394313,0.069140398604358,51.0,40.0
bizitobs_l2c/h/long,chronos-2,0.5712635894958724,0.2672670630808577,56.0,51.0
bizitobs_l2c/h/medium,chronos-2,0.4979993374385745,0.2359357980831375,55.0,47.0
bizitobs_l2c/h/short,chronos-2,0.4126212778254182,0.1764975143940964,12.0,12.0
bizitobs_service/10s/long,chronos-2,1.3255743262231172,0.0511030149757811,45.0,23.0
bizitobs_service/10s/medium,chronos-2,0.9790487780830548,0.0221194743170398,26.0,35.0
bizitobs_service/10s/short,chronos-2,0.71692567427202,0.0101257050050553,32.0,24.0
car_parts/m/short,chronos-2,0.8359773797258253,0.9660464513713964,33.0,41.0
covid_deaths/d/short,chronos-2,32.53917305471355,0.0347800987574981,42.0,54.0
electricity/15t/long,chronos-2,0.8554108103088559,0.0716730428446192,27.0,24.0
electricity/15t/medium,chronos-2,0.8041393284984164,0.0714217580593769,27.0,23.0
electricity/15t/short,chronos-2,0.9223486782234586,0.0783787052678264,28.0,23.0
electricity/d/short,chronos-2,1.4148597876653912,0.0580690885229228,57.0,76.0
electricity/h/long,chronos-2,1.1925033326651897,0.0877503437630306,57.0,56.0
electricity/h/medium,chronos-2,1.0691861062780872,0.0759349953315115,58.0,55.0
electricity/h/short,chronos-2,0.9779272228502356,0.0679304948132221,74.0,63.0
electricity/w/short,chronos-2,1.3850606026911376,0.0559012045363786,12.0,73.0
ett1/15t/long,chronos-2,1.0133727405348167,0.2411348565671954,56.0,62.0
ett1/15t/medium,chronos-2,0.9859937447971706,0.2330312560593471,39.0,48.0
ett1/15t/short,chronos-2,0.6869282579853626,0.1652939685623463,57.0,68.0
ett1/d/short,chronos-2,1.6403424775100648,0.2742107738380927,29.0,37.0
ett1/h/long,chronos-2,1.380466540478325,0.2751785632214682,64.0,61.0
ett1/h/medium,chronos-2,1.273777521133431,0.2605946385713529,61.0,61.0
ett1/h/short,chronos-2,0.7867823367050838,0.1705640131569194,11.0,14.0
ett1/w/short,chronos-2,1.5900649002196825,0.271427295073495,69.0,63.0
ett2/15t/long,chronos-2,0.8903270215343758,0.0928944831364481,56.0,60.0
ett2/15t/medium,chronos-2,0.8487085901964821,0.0873889550421822,23.0,30.0
ett2/15t/short,chronos-2,0.7261654250803261,0.0621924472471009,38.0,28.0
ett2/d/short,chronos-2,1.2907810501715815,0.094195986857254,47.0,69.0
ett2/h/long,chronos-2,1.0480351820112477,0.1050584396802398,61.0,49.0
ett2/h/medium,chronos-2,1.0901769049896204,0.109115110250553,93.0,77.0
ett2/h/short,chronos-2,0.736262066815625,0.064244526134332,61.0,48.0
ett2/w/short,chronos-2,0.771557833167684,0.0896346857166091,29.0,58.0
hierarchical_sales/d/short,chronos-2,0.7440117573590805,0.5788581494406615,40.0,62.0
hierarchical_sales/w/short,chronos-2,0.709343444262644,0.3407268882398649,13.0,25.0
hospital/m/short,chronos-2,0.7399125269543689,0.0509637993820193,7.0,46.0
jena_weather/10t/long,chronos-2,0.6918561732061718,0.0513843815936062,96.0,66.0
jena_weather/10t/medium,chronos-2,0.6057200244714774,0.0496059978779397,57.0,62.0
jena_weather/10t/short,chronos-2,0.2649503489516123,0.0303106753224837,32.0,70.0
jena_weather/d/short,chronos-2,1.082274922400169,0.0467494009615879,66.0,57.0
jena_weather/h/long,chronos-2,1.0084402648660813,0.0585725405228165,64.0,57.0
jena_weather/h/medium,chronos-2,0.7856590893334519,0.050332724275342,53.0,38.0
jena_weather/h/short,chronos-2,0.5226186910177899,0.0418778297643446,51.0,50.0
kdd_cup_2018/d/short,chronos-2,1.1977513994294262,0.3665565381873796,71.0,10.0
kdd_cup_2018/h/long,chronos-2,1.046908916534262,0.4453330441535226,93.0,50.0
kdd_cup_2018/h/medium,chronos-2,1.0401058282304303,0.4172199143643951,52.0,37.0
kdd_cup_2018/h/short,chronos-2,0.9466823637236516,0.3736478806328215,68.0,46.0
loop_seattle/5t/long,chronos-2,0.9113433908564642,0.0795193568123974,79.0,70.0
loop_seattle/5t/medium,chronos-2,0.845525262307259,0.0741713136524417,78.0,71.0
loop_seattle/5t/short,chronos-2,0.5407390822395204,0.0462102030084543,32.0,30.0
loop_seattle/d/short,chronos-2,0.8877604452918465,0.0424481930109351,69.0,47.0
loop_seattle/h/long,chronos-2,0.8735345852417211,0.0593385872215878,51.0,40.0
loop_seattle/h/medium,chronos-2,0.907609396259916,0.0628153587206585,50.0,45.0
loop_seattle/h/short,chronos-2,0.8250143479307347,0.0576622743078113,57.0,47.0
m4_daily/d/short,chronos-2,3.419271586278344,0.0229459168547594,92.0,79.0
m4_hourly/h/short,chronos-2,0.7884232659057172,0.0232159748230914,65.0,60.0
m4_monthly/m/short,chronos-2,0.903217352832543,0.0898521683646606,18.0,22.0
m4_quarterly/q/short,chronos-2,1.1542560705399063,0.0732082342910787,42.0,31.0
m4_weekly/w/short,chronos-2,2.02628121593723,0.0367436386415721,52.0,44.0
m4_yearly/a/short,chronos-2,3.2361825352858733,0.111543749102192,46.0,34.0
m_dense/d/short,chronos-2,0.6150854754190758,0.0578214707348832,13.0,11.0
m_dense/h/long,chronos-2,0.6824050396489317,0.1133079726778582,40.0,39.0
m_dense/h/medium,chronos-2,0.6970900925375951,0.1172163131736959,52.0,57.0
m_dense/h/short,chronos-2,0.781713995408606,0.1283405502433509,53.0,49.0
restaurant/d/short,chronos-2,0.6776595370625726,0.2543246092294533,28.0,30.0
saugeen/d/short,chronos-2,2.9834124400923168,0.3493609624403107,75.0,57.0
saugeen/m/short,chronos-2,0.723536495658706,0.2872324741828958,37.0,33.0
saugeen/w/short,chronos-2,1.1875833278434742,0.3468622613384748,49.0,24.0
solar/10t/long,chronos-2,0.7941239726053174,0.2900662040027847,33.0,16.0
solar/10t/medium,chronos-2,0.7899656500667791,0.2902240427950798,16.0,8.0
solar/10t/short,chronos-2,0.7784342503824689,0.3859580534483757,17.0,17.0
solar/d/short,chronos-2,0.9610008143028058,0.266607200888623,22.0,8.0
solar/h/long,chronos-2,0.995109673968544,0.3396900582695741,87.0,68.0
solar/h/medium,chronos-2,1.0693943523681286,0.3629792518845982,117.0,93.0
solar/h/short,chronos-2,0.9844577475332202,0.3462130094907792,115.0,89.0
solar/w/short,chronos-2,1.0123458246669514,0.1387024302027198,30.0,23.0
sz_taxi/15t/long,chronos-2,0.5097233936474667,0.2011106580950573,57.0,61.0
sz_taxi/15t/medium,chronos-2,0.5346223799157326,0.2020288543113543,36.0,40.0
sz_taxi/15t/short,chronos-2,0.5429398753552315,0.2001496307577382,43.0,41.0
sz_taxi/h/short,chronos-2,0.5603278951066386,0.1353093467050623,33.0,43.0
temperature_rain/d/short,chronos-2,1.3102429840566732,0.5387614883878814,17.0,17.0
us_births/d/short,chronos-2,0.3265725610227272,0.016516423276982,39.0,31.0
us_births/m/short,chronos-2,0.6328374062505758,0.0125200922528865,46.0,32.0
us_births/w/short,chronos-2,0.9789677198038242,0.0113958264250987,42.0,36.0
bitbrains_fast_storage/5t/short,chronos_base,0.85,0.463,100.0,94.0
bitbrains_fast_storage/h/short,chronos_base,1.11,0.622,85.0,35.0
bitbrains_rnd/5t/short,chronos_base,1.79,0.507,93.0,106.0
bitbrains_rnd/h/short,chronos_base,5.79,0.665,30.0,81.0
bizitobs_application/10s/short,chronos_base,3.01,0.031,109.0,104.0
bizitobs_l2c/5t/short,chronos_base,0.301,0.0839,104.0,102.0
bizitobs_l2c/h/short,chronos_base,0.99,0.469,117.0,116.0
bizitobs_service/10s/short,chronos_base,1.88,0.0272,109.0,108.0
car_parts/m/short,chronos_base,0.908,1.07,95.0,90.0
covid_deaths/d/short,chronos_base,42.7,0.0452,99.0,82.0
electricity/15t/short,chronos_base,1.05,0.0925,72.0,79.0
electricity/d/short,chronos_base,1.56,0.0611,99.0,91.0
electricity/h/short,chronos_base,0.902,0.0643,39.0,36.0
electricity/w/short,chronos_base,1.49,0.0494,52.0,46.0
ett1/15t/short,chronos_base,0.801,0.198,105.0,103.0
ett1/d/short,chronos_base,1.9,0.387,118.0,119.0
ett1/h/short,chronos_base,0.84,0.194,81.0,93.0
ett1/w/short,chronos_base,1.66,0.312,99.0,107.0
ett2/15t/short,chronos_base,0.857,0.0715,108.0,93.0
ett2/d/short,chronos_base,1.26,0.0924,16.0,48.0
ett2/h/short,chronos_base,0.781,0.0714,99.0,95.0
ett2/w/short,chronos_base,0.749,0.0766,14.0,3.0
hierarchical_sales/d/short,chronos_base,0.774,0.6,112.0,103.0
hierarchical_sales/w/short,chronos_base,0.764,0.367,103.0,97.0
hospital/m/short,chronos_base,0.816,0.0559,107.0,88.0
jena_weather/10t/short,chronos_base,0.366,0.0436,110.0,101.0
jena_weather/d/short,chronos_base,1.12,0.0491,77.0,74.0
jena_weather/h/short,chronos_base,0.567,0.0462,98.0,94.0
kdd_cup_2018/d/short,chronos_base,1.37,0.503,118.0,120.0
kdd_cup_2018/h/short,chronos_base,1.04,0.459,108.0,106.0
loop_seattle/5t/short,chronos_base,0.764,0.0696,114.0,111.0
loop_seattle/d/short,chronos_base,0.912,0.0446,92.0,85.0
loop_seattle/h/short,chronos_base,0.926,0.066,94.0,88.0
m_dense/d/short,chronos_base,0.712,0.075,75.0,88.0
m_dense/h/short,chronos_base,0.8,0.137,72.0,75.0
m4_daily/d/short,chronos_base,3.18,0.0221,21.0,64.0
m4_hourly/h/short,chronos_base,0.693,0.0244,29.0,72.0
m4_monthly/m/short,chronos_base,0.973,0.104,80.0,99.0
m4_quarterly/q/short,chronos_base,1.23,0.0833,82.0,95.0
m4_weekly/w/short,chronos_base,2.08,0.0374,63.0,52.0
m4_yearly/a/short,chronos_base,3.64,0.135,98.0,99.0
restaurant/d/short,chronos_base,0.728,0.279,104.0,99.0
saugeen/d/short,chronos_base,3.29,0.432,110.0,111.0
saugeen/m/short,chronos_base,0.854,0.408,116.0,118.0
saugeen/w/short,chronos_base,1.35,0.473,97.0,108.0
solar/10t/short,chronos_base,1.11,0.579,91.0,89.0
solar/d/short,chronos_base,1.01,0.326,94.0,106.0
solar/h/short,chronos_base,0.827,0.334,44.0,73.0
solar/w/short,chronos_base,1.15,0.161,70.0,69.0
sz_taxi/15t/short,chronos_base,0.589,0.236,115.0,108.0
sz_taxi/h/short,chronos_base,0.576,0.149,95.0,105.0
temperature_rain/d/short,chronos_base,1.41,0.61,92.0,102.0
us_births/d/short,chronos_base,0.42,0.0221,78.0,76.0
us_births/m/short,chronos_base,0.778,0.0176,92.0,98.0
us_births/w/short,chronos_base,0.932,0.0111,34.0,33.0
bitbrains_fast_storage/5t/medium,chronos_base,1.11,0.804,97.0,102.0
bitbrains_rnd/5t/medium,chronos_base,4.6,0.644,102.0,67.0
bizitobs_application/10s/medium,chronos_base,9.87,0.117,123.0,123.0
bizitobs_l2c/5t/medium,chronos_base,0.942,0.484,116.0,118.0
bizitobs_l2c/h/medium,chronos_base,1.34,0.793,121.0,121.0
bizitobs_service/10s/medium,chronos_base,4.58,0.0726,121.0,116.0
electricity/15t/medium,chronos_base,0.99,0.0952,100.0,103.0
electricity/h/medium,chronos_base,1.06,0.0872,46.0,95.0
ett1/15t/medium,chronos_base,1.32,0.379,120.0,121.0
ett1/h/medium,chronos_base,1.37,0.33,100.0,110.0
ett2/15t/medium,chronos_base,1.06,0.122,113.0,113.0
ett2/h/medium,chronos_base,1.15,0.132,107.0,112.0
jena_weather/10t/medium,chronos_base,0.722,0.076,113.0,117.0
jena_weather/h/medium,chronos_base,0.883,0.0702,105.0,109.0
kdd_cup_2018/h/medium,chronos_base,1.24,0.664,119.0,122.0
loop_seattle/5t/medium,chronos_base,1.61,0.176,121.0,123.0
loop_seattle/h/medium,chronos_base,1.05,0.084,102.0,110.0
m_dense/h/medium,chronos_base,0.757,0.136,86.0,93.0
solar/10t/medium,chronos_base,1.54,0.686,113.0,115.0
solar/h/medium,chronos_base,0.806,0.356,37.0,85.0
sz_taxi/15t/medium,chronos_base,0.597,0.268,118.0,116.0
electricity/15t/long,chronos_base,1.01,0.0945,98.0,103.0
electricity/h/long,chronos_base,1.2,0.105,66.0,100.0
solar/10t/long,chronos_base,1.66,0.748,114.0,116.0
solar/h/long,chronos_base,1.07,0.464,103.0,112.0
kdd_cup_2018/h/long,chronos_base,1.14,0.624,117.0,119.0
loop_seattle/5t/long,chronos_base,1.31,0.143,120.0,120.0
loop_seattle/h/long,chronos_base,1.01,0.0817,100.0,109.0
sz_taxi/15t/long,chronos_base,0.567,0.265,111.0,113.0
m_dense/h/long,chronos_base,0.773,0.135,85.0,86.0
ett1/15t/long,chronos_base,1.35,0.4,118.0,120.0
ett1/h/long,chronos_base,1.43,0.35,90.0,111.0
ett2/15t/long,chronos_base,1.14,0.134,117.0,118.0
ett2/h/long,chronos_base,1.12,0.136,93.0,110.0
jena_weather/10t/long,chronos_base,0.802,0.0796,118.0,116.0
jena_weather/h/long,chronos_base,1.11,0.0745,102.0,102.0
bitbrains_fast_storage/5t/long,chronos_base,1.01,0.711,96.0,60.0
bitbrains_rnd/5t/long,chronos_base,3.77,1.05,113.0,118.0
bizitobs_application/10s/long,chronos_base,9.25,0.0926,119.0,116.0
bizitobs_service/10s/long,chronos_base,4.22,0.0936,121.0,115.0
bizitobs_l2c/5t/long,chronos_base,1.2,0.722,100.0,119.0
bizitobs_l2c/h/long,chronos_base,1.25,0.738,117.0,119.0
ett1/w/short,chronos_bolt_base,1.697032566940297,0.2957891883410253,108.0,96.0
bitbrains_rnd/h/short,chronos_bolt_base,5.896930701328324,0.6242384340368896,88.0,55.0
m4_monthly/m/short,chronos_bolt_base,0.9488310602612808,0.0938053066317763,64.0,62.0
solar/10t/short,chronos_bolt_base,0.9906698531781524,0.5112793983053023,72.0,69.0
solar/10t/medium,chronos_bolt_base,1.0267698263919258,0.4360941943670532,100.0,95.0
solar/10t/long,chronos_bolt_base,1.070707661285413,0.4430211833271946,99.0,94.0
ett2/d/short,chronos_bolt_base,1.321560085664585,0.0935091933967089,69.0,62.0
kdd_cup_2018/h/short,chronos_bolt_base,0.6006888731041619,0.2464258780339759,1.0,2.0
kdd_cup_2018/h/medium,chronos_bolt_base,0.6998676270323146,0.301134325458312,1.0,4.0
kdd_cup_2018/h/long,chronos_bolt_base,0.6843417636819901,0.2999840609021186,1.0,3.0
car_parts/m/short,chronos_bolt_base,0.8550865270441237,0.9945303246497432,61.0,53.0
ett2/15t/short,chronos_bolt_base,0.7660546833993936,0.0665596028303953,78.0,72.0
ett2/15t/medium,chronos_bolt_base,0.9223355700407028,0.1103706291552915,86.0,99.0
ett2/15t/long,chronos_bolt_base,0.9399972036761725,0.1114415166135601,87.0,97.0
ett2/h/short,chronos_bolt_base,0.7329295674936381,0.0633855077828853,51.0,34.0
ett2/h/medium,chronos_bolt_base,1.0272940455036863,0.1146536172631278,45.0,92.0
ett2/h/long,chronos_bolt_base,1.0364106818165182,0.1169044786917205,54.0,87.0
electricity/15t/short,chronos_bolt_base,0.9354659393109584,0.0817054387171086,38.0,42.0
electricity/15t/medium,chronos_bolt_base,0.8616317535149881,0.0827217529492774,72.0,78.0
electricity/15t/long,chronos_bolt_base,0.9325404633386236,0.0841752118446624,79.0,85.0
solar/w/short,chronos_bolt_base,0.97969148428518,0.1325786066309884,20.0,15.0
restaurant/d/short,chronos_bolt_base,0.7003668206803989,0.2639520009374494,83.0,76.0
loop_seattle/5t/short,chronos_bolt_base,0.6275878697418952,0.0545992797700624,98.0,93.0
loop_seattle/5t/medium,chronos_bolt_base,1.135585946635922,0.1159673375458249,111.0,110.0
loop_seattle/5t/long,chronos_bolt_base,1.23862441602075,0.1290194435676897,115.0,117.0
ett2/w/short,chronos_bolt_base,0.7390983764105259,0.0882423737025315,10.0,54.0
jena_weather/10t/short,chronos_bolt_base,0.3055144625325652,0.0326451602814325,78.0,82.0
jena_weather/10t/medium,chronos_bolt_base,0.610204522298673,0.0571189233496437,64.0,90.0
jena_weather/10t/long,chronos_bolt_base,0.6566827497290605,0.0638386290209679,72.0,99.0
loop_seattle/d/short,chronos_bolt_base,0.902996881730335,0.0437342087571269,86.0,74.0
m4_weekly/w/short,chronos_bolt_base,2.077568679616644,0.0381679823419596,62.0,60.0
bitbrains_rnd/5t/short,chronos_bolt_base,1.7053983818241878,0.4382582062335134,74.0,80.0
bitbrains_rnd/5t/medium,chronos_bolt_base,4.449086047115958,0.6048791893642634,75.0,30.0
bitbrains_rnd/5t/long,chronos_bolt_base,3.397353175638085,0.7561433967402097,76.0,96.0
m4_hourly/h/short,chronos_bolt_base,0.8365145126402084,0.0253167358885586,74.0,77.0
m4_quarterly/q/short,chronos_bolt_base,1.2239122933946909,0.0770924954745449,79.0,65.0
electricity/h/short,chronos_bolt_base,0.8733264036372806,0.0636413800012829,17.0,25.0
electricity/h/medium,chronos_bolt_base,1.078106506309202,0.0810456579363745,69.0,76.0
electricity/h/long,chronos_bolt_base,1.2375023517676198,0.0977715129854863,81.0,83.0
us_births/w/short,chronos_bolt_base,1.0874998159877778,0.0128960953201872,65.0,65.0
sz_taxi/h/short,chronos_bolt_base,0.5624312720355508,0.1358945823830148,54.0,57.0
bizitobs_service/10s/short,chronos_bolt_base,3.316185566818455,0.0506699603662428,126.0,125.0
bizitobs_service/10s/medium,chronos_bolt_base,4.976573692925505,0.09617062672222,123.0,123.0
bizitobs_service/10s/long,chronos_bolt_base,5.297548535439662,0.1128146257605157,124.0,121.0
m4_yearly/a/short,chronos_bolt_base,3.5065536413628347,0.1214854739309558,87.0,79.0
m_dense/h/short,chronos_bolt_base,0.7753901744575882,0.1250250624517723,47.0,30.0
m_dense/h/medium,chronos_bolt_base,0.880549541091933,0.1572970574487073,105.0,107.0
m_dense/h/long,chronos_bolt_base,0.9382430465794104,0.1698264565139523,105.0,109.0
bizitobs_application/10s/short,chronos_bolt_base,5.533289563949242,0.0539585063079755,124.0,121.0
bizitobs_application/10s/medium,chronos_bolt_base,9.720343035454436,0.1035015439322636,122.0,121.0
bizitobs_application/10s/long,chronos_bolt_base,10.483797272184969,0.1089760930230169,123.0,122.0
bizitobs_l2c/h/short,chronos_bolt_base,0.4322697496212969,0.1890031523926408,41.0,51.0
bizitobs_l2c/h/medium,chronos_bolt_base,0.4952064150955139,0.2544303341342042,52.0,69.0
bizitobs_l2c/h/long,chronos_bolt_base,0.5557104860687487,0.2776360808497859,36.0,60.0
m_dense/d/short,chronos_bolt_base,0.7163139371946142,0.0689976912181444,78.0,71.0
covid_deaths/d/short,chronos_bolt_base,38.85475067368658,0.0470473271470451,90.0,85.0
bitbrains_fast_storage/h/short,chronos_bolt_base,1.0698664907888995,0.7740167427927402,67.0,99.0
sz_taxi/15t/short,chronos_bolt_base,0.5480560313979771,0.2019092854571707,73.0,64.0
sz_taxi/15t/medium,chronos_bolt_base,0.5593709400332562,0.2443616255585451,99.0,107.0
sz_taxi/15t/long,chronos_bolt_base,0.5454542094286499,0.248473111800863,102.0,106.0
m4_daily/d/short,chronos_bolt_base,3.198472027009148,0.0210644538255113,29.0,29.0
us_births/d/short,chronos_bolt_base,0.4847467244374381,0.0258925245423986,94.0,95.0
kdd_cup_2018/d/short,chronos_bolt_base,1.196744014676586,0.3724987443837408,65.0,28.0
solar/d/short,chronos_bolt_base,0.9817721336259708,0.2873626901713163,62.0,81.0
saugeen/d/short,chronos_bolt_base,2.8399177714952515,0.3379907529141502,47.0,41.0
saugeen/w/short,chronos_bolt_base,1.216141423836244,0.362725176091182,65.0,58.0
us_births/m/short,chronos_bolt_base,0.9239889802447854,0.0194503033218036,112.0,105.0
ett1/h/short,chronos_bolt_base,0.8278840489960693,0.1810874106027972,67.0,64.0
ett1/h/medium,chronos_bolt_base,1.3747702140570215,0.3027433819894267,103.0,101.0
ett1/h/long,chronos_bolt_base,1.354382701582919,0.3109441363499663,42.0,95.0
loop_seattle/h/short,chronos_bolt_base,0.8995769713002476,0.0650100834988568,90.0,84.0
loop_seattle/h/medium,chronos_bolt_base,1.0186663947682364,0.0761910354607414,98.0,98.0
loop_seattle/h/long,chronos_bolt_base,0.995631330117142,0.0758755781223692,98.0,100.0
temperature_rain/d/short,chronos_bolt_base,1.3042159951025352,0.5377152361648299,7.0,13.0
electricity/d/short,chronos_bolt_base,1.4477947352519285,0.055291389176046,74.0,53.0
hierarchical_sales/w/short,chronos_bolt_base,0.7327021603941902,0.3525957243942706,76.0,74.0
hierarchical_sales/d/short,chronos_bolt_base,0.7428404024355978,0.576118902500872,33.0,51.0
ett1/15t/short,chronos_bolt_base,0.6796552542631137,0.1578806550030958,49.0,44.0
ett1/15t/medium,chronos_bolt_base,1.0612801257404525,0.2809206587976533,87.0,95.0
ett1/15t/long,chronos_bolt_base,1.135765942659644,0.2977852927537994,101.0,102.0
jena_weather/d/short,chronos_bolt_base,1.0511436824682203,0.0450030835660378,54.0,38.0
hospital/m/short,chronos_bolt_base,0.7912515472623598,0.0570587754065871,94.0,95.0
solar/h/short,chronos_bolt_base,0.8127238219965786,0.2979309041251052,39.0,39.0
solar/h/medium,chronos_bolt_base,0.9311501639034304,0.3684720084400829,91.0,97.0
solar/h/long,chronos_bolt_base,1.0330380133126496,0.4051663730850769,100.0,100.0
bizitobs_l2c/5t/short,chronos_bolt_base,0.2781850094209992,0.0743531843450608,77.0,64.0
bizitobs_l2c/5t/medium,chronos_bolt_base,0.877710000252815,0.4454411146948493,107.0,111.0
bizitobs_l2c/5t/long,chronos_bolt_base,1.240735149523561,0.7380396010126371,109.0,122.0
saugeen/m/short,chronos_bolt_base,0.738857520702777,0.2961708904466834,66.0,58.0
jena_weather/h/short,chronos_bolt_base,0.5358097176773622,0.0422026331129209,75.0,55.0
jena_weather/h/medium,chronos_bolt_base,0.7472851689085295,0.0539970564762185,15.0,67.0
jena_weather/h/long,chronos_bolt_base,1.028094030338098,0.0616383484396545,73.0,75.0
ett1/d/short,chronos_bolt_base,1.6723194113856177,0.2873093836569982,51.0,85.0
electricity/w/short,chronos_bolt_base,1.4765609337319945,0.047328617677214,50.0,22.0
bitbrains_fast_storage/5t/short,chronos_bolt_base,0.7523961952951175,0.4535434402530867,78.0,90.0
bitbrains_fast_storage/5t/medium,chronos_bolt_base,1.0624395209705737,0.7554407215441805,85.0,92.0
bitbrains_fast_storage/5t/long,chronos_bolt_base,0.9483206362737594,0.7475094647143732,76.0,77.0
bitbrains_fast_storage/5t/short,chronos_bolt_small,0.7777608834330809,0.4348760466111736,86.0,81.0
bitbrains_fast_storage/5t/medium,chronos_bolt_small,1.0634378021214477,0.8673305394658734,86.0,110.0
bitbrains_fast_storage/5t/long,chronos_bolt_small,0.9619552843821944,0.7525542124907364,82.0,79.0
solar/10t/short,chronos_bolt_small,0.947242079114772,0.4983236376253859,64.0,68.0
solar/10t/medium,chronos_bolt_small,1.0649801879028569,0.4526781960801022,101.0,99.0
solar/10t/long,chronos_bolt_small,1.1880442543599503,0.4969913925359159,106.0,100.0
restaurant/d/short,chronos_bolt_small,0.7001842752554382,0.2638420119188948,82.0,75.0
m4_monthly/m/short,chronos_bolt_small,0.9535368311164092,0.0939011457332551,67.0,63.0
solar/w/short,chronos_bolt_small,0.9906325337868738,0.1364052824782347,25.0,19.0
jena_weather/10t/short,chronos_bolt_small,0.3198253063251975,0.0366512545050949,90.0,94.0
jena_weather/10t/medium,chronos_bolt_small,0.6464874242595468,0.0599552434860799,88.0,95.0
jena_weather/10t/long,chronos_bolt_small,0.7028802408793732,0.0633420791623043,100.0,95.0
bizitobs_l2c/5t/short,chronos_bolt_small,0.2724610189841305,0.0732790763063614,62.0,56.0
bizitobs_l2c/5t/medium,chronos_bolt_small,0.9197675346453706,0.4620088737807475,114.0,114.0
bizitobs_l2c/5t/long,chronos_bolt_small,1.3567893163220306,0.7904282559484993,125.0,127.0
ett1/w/short,chronos_bolt_small,1.704578594821481,0.2934603536913918,109.0,94.0
sz_taxi/h/short,chronos_bolt_small,0.5666750756151346,0.1373424017171904,70.0,70.0
solar/d/short,chronos_bolt_small,0.995236457565747,0.285827253990212,85.0,78.0
jena_weather/d/short,chronos_bolt_small,1.027640717393787,0.0468925098099824,40.0,60.0
sz_taxi/15t/short,chronos_bolt_small,0.5500468719450801,0.202900785926439,79.0,71.0
sz_taxi/15t/medium,chronos_bolt_small,0.5621651689781048,0.246264858578047,102.0,108.0
sz_taxi/15t/long,chronos_bolt_small,0.5377688812864103,0.2451328165112381,99.0,104.0
solar/h/short,chronos_bolt_small,0.852364565852396,0.3025288341371976,58.0,44.0
solar/h/medium,chronos_bolt_small,0.9259796922251357,0.3560217757865163,87.0,86.0
solar/h/long,chronos_bolt_small,0.957452313307858,0.3733195642088592,73.0,89.0
jena_weather/h/short,chronos_bolt_small,0.5404728710733272,0.0425819352933154,81.0,60.0
jena_weather/h/medium,chronos_bolt_small,0.7205781907439833,0.057619300568052,5.0,81.0
jena_weather/h/long,chronos_bolt_small,1.0597305837894289,0.0678386402190284,85.0,91.0
m_dense/d/short,chronos_bolt_small,0.7423986421380122,0.0717235879296969,89.0,79.0
m_dense/h/short,chronos_bolt_small,0.8049620273752686,0.1328590705011397,76.0,67.0
m_dense/h/medium,chronos_bolt_small,0.8197970274333967,0.1339498431540366,97.0,89.0
m_dense/h/long,chronos_bolt_small,0.9127083748610394,0.1460434249175656,103.0,99.0
covid_deaths/d/short,chronos_bolt_small,36.49351686169527,0.0428779098667486,75.0,75.0
us_births/m/short,chronos_bolt_small,0.7556778597113808,0.015738769178016,86.0,83.0
electricity/d/short,chronos_bolt_small,1.4807934174156656,0.0584362677456126,85.0,81.0
electricity/w/short,chronos_bolt_small,1.5026320784853435,0.0480023156462199,57.0,30.0
m4_daily/d/short,chronos_bolt_small,3.192638418796704,0.0213871838229555,26.0,43.0
hospital/m/short,chronos_bolt_small,0.8008252584384525,0.0581193259990378,100.0,101.0
ett2/d/short,chronos_bolt_small,1.2220531434260085,0.0907036151137276,7.0,27.0
saugeen/m/short,chronos_bolt_small,0.7271784751800231,0.2926327316003509,50.0,53.0
m4_yearly/a/short,chronos_bolt_small,3.686721825810013,0.1277760780695947,101.0,91.0
temperature_rain/d/short,chronos_bolt_small,1.3244573696223632,0.5442210527769746,31.0,30.0
kdd_cup_2018/h/short,chronos_bolt_small,0.6671666066105324,0.267085481552588,5.0,3.0
kdd_cup_2018/h/medium,chronos_bolt_small,0.8565478200909736,0.3643081212865721,15.0,13.0
kdd_cup_2018/h/long,chronos_bolt_small,0.9253110739997245,0.418838662735907,20.0,25.0
hierarchical_sales/w/short,chronos_bolt_small,0.7329884667148494,0.3537433571191943,77.0,77.0
ett1/15t/short,chronos_bolt_small,0.7042139392443753,0.1694517614538715,77.0,81.0
ett1/15t/medium,chronos_bolt_small,1.1072540166928586,0.2883742927471748,99.0,100.0
ett1/15t/long,chronos_bolt_small,1.1933534685916536,0.2956230333745314,108.0,101.0
ett2/w/short,chronos_bolt_small,0.7906223640176095,0.0943350982526557,45.0,73.0
us_births/w/short,chronos_bolt_small,1.1150317323431431,0.0131124056128516,73.0,70.0
bitbrains_rnd/5t/short,chronos_bolt_small,1.720143507476162,0.4534715672897649,78.0,88.0
bitbrains_rnd/5t/medium,chronos_bolt_small,4.474498846394525,0.7920524998243016,83.0,108.0
bitbrains_rnd/5t/long,chronos_bolt_small,3.4134610927991655,0.7561870977338633,81.0,97.0
us_births/d/short,chronos_bolt_small,0.5278529393295741,0.0276293867396847,101.0,102.0
ett1/h/short,chronos_bolt_small,0.8336399363407854,0.1886424699614662,71.0,81.0
ett1/h/medium,chronos_bolt_small,1.3700125038084177,0.2952110478145313,101.0,99.0
ett1/h/long,chronos_bolt_small,1.4420904520762965,0.3365575311705937,95.0,105.0
bizitobs_service/10s/short,chronos_bolt_small,2.896123139507861,0.0321168139446984,123.0,112.0
bizitobs_service/10s/medium,chronos_bolt_small,4.641429581994971,0.0824632553485962,122.0,118.0
bizitobs_service/10s/long,chronos_bolt_small,4.846833186795153,0.0963409332874989,123.0,119.0
electricity/15t/short,chronos_bolt_small,0.9364600387517178,0.0817352708233929,39.0,43.0
electricity/15t/medium,chronos_bolt_small,0.8961835840608436,0.0865766794229231,84.0,90.0
electricity/15t/long,chronos_bolt_small,0.9526935327290724,0.0862164945433895,86.0,91.0
car_parts/m/short,chronos_bolt_small,0.8583204042562572,1.0073442140670748,66.0,68.0
loop_seattle/5t/short,chronos_bolt_small,0.631083319352485,0.0554700379757118,101.0,94.0
loop_seattle/5t/medium,chronos_bolt_small,1.1451402144704466,0.1191199498631007,112.0,115.0
loop_seattle/5t/long,chronos_bolt_small,1.1867062854523307,0.1252563905148989,114.0,112.0
saugeen/w/short,chronos_bolt_small,1.2432277645604306,0.3720327275803584,80.0,68.0
hierarchical_sales/d/short,chronos_bolt_small,0.749358048958843,0.5815574884709025,81.0,79.0
m4_weekly/w/short,chronos_bolt_small,2.112323384034301,0.0377953800531781,68.0,56.0
bitbrains_fast_storage/h/short,chronos_bolt_small,1.0800454055417958,0.5886022148766323,71.0,23.0
bizitobs_application/10s/short,chronos_bolt_small,5.406631412072222,0.034529637900262,123.0,109.0
bizitobs_application/10s/medium,chronos_bolt_small,9.146526965196715,0.0847561229073261,121.0,117.0
bizitobs_application/10s/long,chronos_bolt_small,9.648161298109102,0.0921152961048044,121.0,115.0
electricity/h/short,chronos_bolt_small,0.9141469145736524,0.0673331477038767,44.0,58.0
electricity/h/medium,chronos_bolt_small,1.097873444008642,0.0840560806966358,84.0,84.0
electricity/h/long,chronos_bolt_small,1.2558093243844464,0.1018989231892465,89.0,90.0
ett2/15t/short,chronos_bolt_small,0.7884778043843235,0.0696808941397827,89.0,86.0
ett2/15t/medium,chronos_bolt_small,0.987072940153611,0.1189336197189786,104.0,110.0
ett2/15t/long,chronos_bolt_small,0.9909006690947088,0.1183187365046797,101.0,107.0
bitbrains_rnd/h/short,chronos_bolt_small,5.879649041062217,0.6232738917895426,82.0,54.0
kdd_cup_2018/d/short,chronos_bolt_small,1.1919088899673853,0.3725887395518267,47.0,29.0
loop_seattle/h/short,chronos_bolt_small,0.914744438642859,0.0663831336856776,92.0,91.0
loop_seattle/h/medium,chronos_bolt_small,1.10102468252871,0.0818362036463802,108.0,108.0
loop_seattle/h/long,chronos_bolt_small,1.0764322408264266,0.0815225114794015,107.0,108.0
m4_quarterly/q/short,chronos_bolt_small,1.2475898084604118,0.0780819019585454,92.0,70.0
loop_seattle/d/short,chronos_bolt_small,0.9190818792032956,0.0452557034428187,96.0,91.0
saugeen/d/short,chronos_bolt_small,2.955891680894076,0.3536144153186923,70.0,64.0
m4_hourly/h/short,chronos_bolt_small,0.8664629999959396,0.0203403302518975,78.0,37.0
ett1/d/short,chronos_bolt_small,1.7044706839436414,0.2829632876974926,76.0,72.0
ett2/h/short,chronos_bolt_small,0.7441899058614324,0.0650506029560224,77.0,70.0
ett2/h/medium,chronos_bolt_small,1.0547745627660827,0.1176472169387187,79.0,95.0
ett2/h/long,chronos_bolt_small,1.0705467567998597,0.1213213501428833,73.0,92.0
bizitobs_l2c/h/short,chronos_bolt_small,0.4848526975247842,0.2042807533711467,73.0,67.0
bizitobs_l2c/h/medium,chronos_bolt_small,0.5702583877357228,0.2849905241547544,90.0,84.0
bizitobs_l2c/h/long,chronos_bolt_small,0.6121257071120503,0.2952912552938067,79.0,77.0
bitbrains_fast_storage/5t/short,chronos_large,0.856,0.465,101.0,97.0
bitbrains_fast_storage/h/short,chronos_large,1.12,0.633,89.0,43.0
bitbrains_rnd/5t/short,chronos_large,1.79,0.506,93.0,105.0
bitbrains_rnd/h/short,chronos_large,5.75,0.661,11.0,78.0
bizitobs_application/10s/short,chronos_large,2.89,0.0315,108.0,106.0
bizitobs_l2c/5t/short,chronos_large,0.31,0.0843,110.0,104.0
bizitobs_l2c/h/short,chronos_large,1.04,0.491,120.0,120.0
bizitobs_service/10s/short,chronos_large,1.91,0.027,110.0,106.0
car_parts/m/short,chronos_large,0.904,1.07,94.0,90.0
covid_deaths/d/short,chronos_large,43.1,0.0424,101.0,74.0
electricity/15t/short,chronos_large,1.05,0.0917,72.0,77.0
electricity/d/short,chronos_large,1.55,0.0606,98.0,88.0
electricity/h/short,chronos_large,0.901,0.0648,38.0,43.0
electricity/w/short,chronos_large,1.5,0.0487,55.0,40.0
ett1/15t/short,chronos_large,0.79,0.196,103.0,102.0
ett1/d/short,chronos_large,1.96,0.404,123.0,122.0
ett1/h/short,chronos_large,0.851,0.198,91.0,100.0
ett1/w/short,chronos_large,1.65,0.316,95.0,109.0
ett2/15t/short,chronos_large,0.852,0.0722,106.0,94.0
ett2/d/short,chronos_large,1.27,0.0907,28.0,26.0
ett2/h/short,chronos_large,0.785,0.0717,102.0,96.0
ett2/w/short,chronos_large,0.655,0.0707,4.0,1.0
hierarchical_sales/d/short,chronos_large,0.773,0.599,110.0,102.0
hierarchical_sales/w/short,chronos_large,0.76,0.365,101.0,93.0
hospital/m/short,chronos_large,0.816,0.0565,107.0,92.0
jena_weather/10t/short,chronos_large,0.368,0.0437,111.0,102.0
jena_weather/d/short,chronos_large,1.09,0.0487,69.0,71.0
jena_weather/h/short,chronos_large,0.561,0.0456,95.0,93.0
kdd_cup_2018/d/short,chronos_large,1.37,0.502,118.0,119.0
kdd_cup_2018/h/short,chronos_large,1.04,0.458,108.0,105.0
loop_seattle/5t/short,chronos_large,0.765,0.0698,115.0,112.0
loop_seattle/d/short,chronos_large,0.908,0.0446,91.0,85.0
loop_seattle/h/short,chronos_large,0.926,0.0659,94.0,87.0
m_dense/d/short,chronos_large,0.724,0.0747,81.0,87.0
m_dense/h/short,chronos_large,0.802,0.137,74.0,75.0
m4_daily/d/short,chronos_large,3.18,0.0223,21.0,66.0
m4_hourly/h/short,chronos_large,0.694,0.0258,31.0,82.0
m4_monthly/m/short,chronos_large,0.971,0.103,78.0,97.0
m4_quarterly/q/short,chronos_large,1.23,0.0833,82.0,95.0
m4_weekly/w/short,chronos_large,2.08,0.0375,63.0,53.0
m4_yearly/a/short,chronos_large,3.64,0.135,98.0,99.0
restaurant/d/short,chronos_large,0.73,0.279,107.0,99.0
saugeen/d/short,chronos_large,3.18,0.42,101.0,108.0
saugeen/m/short,chronos_large,0.869,0.415,118.0,120.0
saugeen/w/short,chronos_large,1.34,0.471,95.0,105.0
solar/10t/short,chronos_large,1.1,0.575,87.0,86.0
solar/d/short,chronos_large,1.01,0.328,94.0,107.0
solar/h/short,chronos_large,0.83,0.337,47.0,77.0
solar/w/short,chronos_large,1.15,0.162,70.0,73.0
sz_taxi/15t/short,chronos_large,0.587,0.236,114.0,108.0
sz_taxi/h/short,chronos_large,0.575,0.148,92.0,104.0
temperature_rain/d/short,chronos_large,1.41,0.609,92.0,101.0
us_births/d/short,chronos_large,0.434,0.0226,82.0,78.0
us_births/m/short,chronos_large,0.585,0.0134,24.0,49.0
us_births/w/short,chronos_large,0.826,0.00992,4.0,5.0
bitbrains_fast_storage/5t/medium,chronos_large,1.1,0.798,95.0,100.0
bitbrains_rnd/5t/medium,chronos_large,4.6,0.636,102.0,61.0
bizitobs_application/10s/medium,chronos_large,8.93,0.0954,119.0,120.0
bizitobs_l2c/5t/medium,chronos_large,0.951,0.496,117.0,120.0
bizitobs_l2c/h/medium,chronos_large,1.35,0.802,122.0,122.0
bizitobs_service/10s/medium,chronos_large,4.56,0.0722,119.0,115.0
electricity/15t/medium,chronos_large,0.99,0.0944,100.0,101.0
electricity/h/medium,chronos_large,1.07,0.0858,61.0,87.0
ett1/15t/medium,chronos_large,1.31,0.376,119.0,120.0
ett1/h/medium,chronos_large,1.35,0.333,95.0,112.0
ett2/15t/medium,chronos_large,1.09,0.126,116.0,115.0
ett2/h/medium,chronos_large,1.11,0.125,98.0,105.0
jena_weather/10t/medium,chronos_large,0.715,0.0751,109.0,116.0
jena_weather/h/medium,chronos_large,0.875,0.0709,101.0,110.0
kdd_cup_2018/h/medium,chronos_large,1.24,0.658,119.0,120.0
loop_seattle/5t/medium,chronos_large,1.62,0.176,123.0,123.0
loop_seattle/h/medium,chronos_large,1.05,0.0843,102.0,111.0
m_dense/h/medium,chronos_large,0.757,0.134,86.0,90.0
solar/10t/medium,chronos_large,1.54,0.681,113.0,114.0
solar/h/medium,chronos_large,0.806,0.355,37.0,83.0
sz_taxi/15t/medium,chronos_large,0.593,0.267,116.0,115.0
electricity/15t/long,chronos_large,1.01,0.0942,98.0,102.0
electricity/h/long,chronos_large,1.2,0.107,66.0,103.0
solar/10t/long,chronos_large,1.66,0.747,114.0,115.0
solar/h/long,chronos_large,1.02,0.448,95.0,110.0
kdd_cup_2018/h/long,chronos_large,1.16,0.636,118.0,120.0
loop_seattle/5t/long,chronos_large,1.32,0.143,121.0,120.0
loop_seattle/h/long,chronos_large,1.01,0.0814,100.0,107.0
sz_taxi/15t/long,chronos_large,0.568,0.265,112.0,113.0
m_dense/h/long,chronos_large,0.788,0.139,88.0,92.0
ett1/15t/long,chronos_large,1.28,0.367,114.0,118.0
ett1/h/long,chronos_large,1.46,0.35,100.0,111.0
ett2/15t/long,chronos_large,1.17,0.14,121.0,121.0
ett2/h/long,chronos_large,1.14,0.139,100.0,112.0
jena_weather/10t/long,chronos_large,0.756,0.0769,112.0,114.0
jena_weather/h/long,chronos_large,1.04,0.0721,79.0,100.0
bitbrains_fast_storage/5t/long,chronos_large,1.01,0.723,96.0,67.0
bitbrains_rnd/5t/long,chronos_large,3.78,1.07,114.0,120.0
bizitobs_application/10s/long,chronos_large,8.81,0.0839,118.0,112.0
bizitobs_service/10s/long,chronos_large,4.14,0.094,120.0,116.0
bizitobs_l2c/5t/long,chronos_large,1.26,0.741,114.0,123.0
bizitobs_l2c/h/long,chronos_large,1.3,0.757,121.0,121.0
bitbrains_fast_storage/5t/short,crossformer,5.32,0.664,129.0,122.0
bitbrains_fast_storage/h/short,crossformer,4.64,0.918,127.0,117.0
bitbrains_rnd/5t/short,crossformer,4.46,0.643,128.0,120.0
bitbrains_rnd/h/short,crossformer,10.8,1.04,128.0,119.0
bizitobs_application/10s/short,crossformer,7.73,0.0359,128.0,112.0
bizitobs_l2c/5t/short,crossformer,0.431,0.149,122.0,125.0
bizitobs_l2c/h/short,crossformer,0.529,0.285,88.0,100.0
bizitobs_service/10s/short,crossformer,3.91,0.0433,129.0,122.0
car_parts/m/short,crossformer,1.13,15.0,117.0,129.0
covid_deaths/d/short,crossformer,54700.0,7.02,129.0,129.0
electricity/15t/short,crossformer,25.9,3.36,129.0,129.0
electricity/d/short,crossformer,76.3,4.82,129.0,129.0
electricity/h/short,crossformer,30.7,2.7,129.0,129.0
electricity/w/short,crossformer,111.0,22.0,129.0,129.0
ett1/15t/short,crossformer,0.942,0.261,120.0,121.0
ett1/d/short,crossformer,2.05,0.382,127.0,118.0
ett1/h/short,crossformer,1.03,0.285,123.0,124.0
ett1/w/short,crossformer,2.65,0.569,127.0,128.0
ett2/15t/short,crossformer,0.949,0.0979,115.0,121.0
ett2/d/short,crossformer,2.0,0.148,124.0,120.0
ett2/h/short,crossformer,1.02,0.107,122.0,124.0
ett2/w/short,crossformer,1.83,0.211,122.0,123.0
hierarchical_sales/d/short,crossformer,1.44,4.74,129.0,129.0
hierarchical_sales/w/short,crossformer,2.82,16.4,129.0,129.0
hospital/m/short,crossformer,33.3,18.1,129.0,129.0
jena_weather/10t/short,crossformer,28.0,1.27,129.0,129.0
jena_weather/d/short,crossformer,1.92,0.0708,123.0,113.0
jena_weather/h/short,crossformer,0.817,0.0684,124.0,118.0
kdd_cup_2018/d/short,crossformer,12.0,3.48,129.0,128.0
kdd_cup_2018/h/short,crossformer,16.3,3.07,129.0,129.0
loop_seattle/5t/short,crossformer,1.6,0.456,129.0,129.0
loop_seattle/d/short,crossformer,1.62,0.363,123.0,129.0
loop_seattle/h/short,crossformer,0.737,0.156,15.0,125.0
m_dense/d/short,crossformer,14.1,3.04,129.0,129.0
m_dense/h/short,crossformer,4.68,1.26,129.0,129.0
m4_daily/d/short,crossformer,198.0,7.31,129.0,129.0
m4_hourly/h/short,crossformer,164.0,4.21,129.0,129.0
m4_monthly/m/short,crossformer,20.3,5.15,129.0,129.0
m4_quarterly/q/short,crossformer,25.4,11.9,129.0,129.0
m4_weekly/w/short,crossformer,105.0,8.32,129.0,129.0
m4_yearly/a/short,crossformer,31.4,14.2,129.0,129.0
restaurant/d/short,crossformer,1.98,3.6,129.0,128.0
saugeen/d/short,crossformer,4.75,0.462,129.0,115.0
saugeen/m/short,crossformer,0.712,0.213,18.0,2.0
saugeen/w/short,crossformer,2.73,2.54,129.0,129.0
solar/10t/short,crossformer,1.71,2.94,125.0,129.0
solar/d/short,crossformer,1.51,2.13,126.0,129.0
solar/h/short,crossformer,0.179,0.208,1.0,16.0
solar/w/short,crossformer,3.38,8.44,127.0,129.0
sz_taxi/15t/short,crossformer,1.85,2.06,129.0,129.0
sz_taxi/h/short,crossformer,3.09,2.11,129.0,129.0
temperature_rain/d/short,crossformer,26.4,6.06,129.0,129.0
us_births/d/short,crossformer,1.65,0.0698,125.0,120.0
us_births/m/short,crossformer,0.425,0.00194,4.0,1.0
us_births/w/short,crossformer,3.37,0.0882,129.0,129.0
bitbrains_fast_storage/5t/medium,crossformer,4.38,1.02,126.0,123.0
bitbrains_rnd/5t/medium,crossformer,9.74,1.17,127.0,124.0
bizitobs_application/10s/medium,crossformer,6.78,0.0487,112.0,100.0
bizitobs_l2c/5t/medium,crossformer,0.594,0.329,59.0,80.0
bizitobs_l2c/h/medium,crossformer,0.524,0.309,77.0,92.0
bizitobs_service/10s/medium,crossformer,4.21,0.0587,118.0,110.0
electricity/15t/medium,crossformer,22.6,0.248,129.0,125.0
electricity/h/medium,crossformer,29.7,0.216,129.0,125.0
ett1/15t/medium,crossformer,1.2,0.331,111.0,112.0
ett1/h/medium,crossformer,1.54,0.368,118.0,118.0
ett2/15t/medium,crossformer,1.11,0.133,120.0,118.0
ett2/h/medium,crossformer,1.34,0.144,121.0,117.0
jena_weather/10t/medium,crossformer,1.21,0.0923,129.0,121.0
jena_weather/h/medium,crossformer,1.18,0.0829,124.0,119.0
kdd_cup_2018/h/medium,crossformer,12.6,0.237,129.0,1.0
loop_seattle/5t/medium,crossformer,2.02,0.061,128.0,9.0
loop_seattle/h/medium,crossformer,0.666,0.0139,1.0,1.0
m_dense/h/medium,crossformer,3.88,0.133,129.0,87.0
solar/10t/medium,crossformer,2.02,0.27,123.0,4.0
solar/h/medium,crossformer,0.368,0.0395,1.0,1.0
sz_taxi/15t/medium,crossformer,1.94,0.194,129.0,2.0
electricity/15t/long,crossformer,35.2,0.245,129.0,125.0
electricity/h/long,crossformer,34.3,0.144,129.0,119.0
solar/10t/long,crossformer,0.399,0.0308,1.0,1.0
solar/h/long,crossformer,0.0704,0.00485,1.0,1.0
kdd_cup_2018/h/long,crossformer,6.45,0.118,129.0,1.0
loop_seattle/5t/long,crossformer,1.09,0.0214,104.0,1.0
loop_seattle/h/long,crossformer,0.755,0.0104,3.0,1.0
sz_taxi/15t/long,crossformer,1.79,0.122,128.0,1.0
m_dense/h/long,crossformer,4.37,0.0634,129.0,1.0
ett1/15t/long,crossformer,1.3,0.342,115.0,112.0
ett1/h/long,crossformer,2.12,0.57,123.0,124.0
ett2/15t/long,crossformer,1.26,0.143,122.0,123.0
ett2/h/long,crossformer,1.54,0.165,126.0,120.0
jena_weather/10t/long,crossformer,0.936,0.0835,122.0,118.0
jena_weather/h/long,crossformer,1.51,0.115,122.0,118.0
bitbrains_fast_storage/5t/long,crossformer,3.1,1.06,125.0,121.0
bitbrains_rnd/5t/long,crossformer,5.54,1.14,125.0,122.0
bizitobs_application/10s/long,crossformer,8.38,0.0766,116.0,109.0
bizitobs_service/10s/long,crossformer,3.64,0.068,110.0,107.0
bizitobs_l2c/5t/long,crossformer,0.528,0.293,37.0,59.0
bizitobs_l2c/h/long,crossformer,0.592,0.348,67.0,93.0
bitbrains_fast_storage/5t/short,deepar,0.945,0.493,105.0,104.0
bitbrains_fast_storage/h/short,deepar,6.06,0.778,128.0,100.0
bitbrains_rnd/5t/short,deepar,2.1,0.557,122.0,113.0
bitbrains_rnd/h/short,deepar,6.06,0.585,107.0,12.0
bizitobs_application/10s/short,deepar,4.16,0.0642,116.0,126.0
bizitobs_l2c/5t/short,deepar,0.613,0.179,125.0,126.0
bizitobs_l2c/h/short,deepar,1.5,0.789,129.0,129.0
bizitobs_service/10s/short,deepar,2.67,0.0324,120.0,113.0
car_parts/m/short,deepar,0.835,0.953,26.0,32.0
covid_deaths/d/short,deepar,50.7,0.177,120.0,124.0
electricity/15t/short,deepar,1.67,0.152,117.0,116.0
electricity/d/short,deepar,1.89,0.0784,122.0,110.0
electricity/h/short,deepar,1.23,0.0938,117.0,117.0
electricity/w/short,deepar,2.25,0.0919,124.0,110.0
ett1/15t/short,deepar,1.44,0.32,124.0,123.0
ett1/d/short,deepar,1.69,0.293,67.0,89.0
ett1/h/short,deepar,1.06,0.233,124.0,114.0
ett1/w/short,deepar,4.16,0.686,128.0,129.0
ett2/15t/short,deepar,4.11,0.378,129.0,129.0
ett2/d/short,deepar,3.64,0.207,129.0,127.0
ett2/h/short,deepar,1.48,0.122,129.0,128.0
ett2/w/short,deepar,7.17,0.728,127.0,128.0
hierarchical_sales/d/short,deepar,0.757,0.6,101.0,103.0
hierarchical_sales/w/short,deepar,0.781,0.379,108.0,102.0
hospital/m/short,deepar,0.834,0.062,115.0,106.0
jena_weather/10t/short,deepar,0.574,0.0627,120.0,116.0
jena_weather/d/short,deepar,1.3,0.0624,101.0,106.0
jena_weather/h/short,deepar,18.8,0.699,129.0,129.0
kdd_cup_2018/d/short,deepar,1.23,0.383,110.0,84.0
kdd_cup_2018/h/short,deepar,1.28,0.517,122.0,119.0
loop_seattle/5t/short,deepar,0.803,0.072,120.0,114.0
loop_seattle/d/short,deepar,1.08,0.052,117.0,110.0
loop_seattle/h/short,deepar,0.941,0.0656,97.0,86.0
m_dense/d/short,deepar,0.793,0.0764,102.0,92.0
m_dense/h/short,deepar,0.795,0.128,69.0,47.0
m4_daily/d/short,deepar,4.58,0.0305,121.0,116.0
m4_hourly/h/short,deepar,3.53,0.133,124.0,125.0
m4_monthly/m/short,deepar,3.18,0.184,127.0,127.0
m4_quarterly/q/short,deepar,1.44,0.0834,112.0,98.0
m4_weekly/w/short,deepar,4.62,0.0619,122.0,120.0
m4_yearly/a/short,deepar,3.4,0.113,79.0,41.0
restaurant/d/short,deepar,0.713,0.27,97.0,89.0
saugeen/d/short,deepar,4.31,0.572,128.0,119.0
saugeen/m/short,deepar,1.63,0.689,129.0,127.0
saugeen/w/short,deepar,1.31,0.397,92.0,86.0
solar/10t/short,deepar,1.47,0.933,120.0,120.0
solar/d/short,deepar,2.49,0.682,128.0,127.0
solar/h/short,deepar,1.02,0.389,117.0,106.0
solar/w/short,deepar,1.69,0.242,114.0,111.0
sz_taxi/15t/short,deepar,0.602,0.219,117.0,104.0
sz_taxi/h/short,deepar,0.576,0.139,95.0,84.0
temperature_rain/d/short,deepar,1.72,0.682,117.0,112.0
us_births/d/short,deepar,0.535,0.0275,103.0,101.0
us_births/m/short,deepar,0.76,0.0157,88.0,82.0
us_births/w/short,deepar,1.45,0.017,110.0,102.0
bitbrains_fast_storage/5t/medium,deepar,8.5,0.99,128.0,122.0
bitbrains_rnd/5t/medium,deepar,4.89,0.647,122.0,71.0
bizitobs_application/10s/medium,deepar,3.22,0.0535,98.0,107.0
bizitobs_l2c/5t/medium,deepar,1.21,0.589,125.0,127.0
bizitobs_l2c/h/medium,deepar,0.737,0.345,103.0,100.0
bizitobs_service/10s/medium,deepar,2.17,0.044,104.0,96.0
electricity/15t/medium,deepar,1.39,0.119,120.0,116.0
electricity/h/medium,deepar,6.76,0.454,128.0,127.0
ett1/15t/medium,deepar,1.35,0.315,121.0,105.0
ett1/h/medium,deepar,3.12,0.535,128.0,124.0
ett2/15t/medium,deepar,3.27,0.258,129.0,128.0
ett2/h/medium,deepar,2.52,0.281,129.0,126.0
jena_weather/10t/medium,deepar,1.2,0.0735,128.0,115.0
jena_weather/h/medium,deepar,1.3,0.0784,127.0,116.0
kdd_cup_2018/h/medium,deepar,1.17,0.442,118.0,86.0
loop_seattle/5t/medium,deepar,1.27,0.118,117.0,113.0
loop_seattle/h/medium,deepar,1.03,0.0719,99.0,92.0
m_dense/h/medium,deepar,0.738,0.118,84.0,60.0
solar/10t/medium,deepar,1.21,0.485,109.0,102.0
solar/h/medium,deepar,0.992,0.352,106.0,82.0
sz_taxi/15t/medium,deepar,0.558,0.21,94.0,81.0
bitbrains_fast_storage/5t/long,deepar,7.33,1.01,128.0,118.0
bitbrains_rnd/5t/long,deepar,4.44,0.672,123.0,74.0
bizitobs_application/10s/long,deepar,4.47,0.0829,102.0,111.0
bizitobs_l2c/5t/long,deepar,1.32,0.719,122.0,117.0
bizitobs_l2c/h/long,deepar,0.727,0.338,97.0,91.0
bizitobs_service/10s/long,deepar,3.96,0.0697,118.0,109.0
electricity/15t/long,deepar,2.28,0.155,125.0,123.0
electricity/h/long,deepar,2.67,0.176,126.0,122.0
ett1/15t/long,deepar,9.34,2.22,129.0,129.0
ett1/h/long,deepar,2.68,0.469,128.0,121.0
ett2/15t/long,deepar,3.7,0.304,129.0,128.0
ett2/h/long,deepar,2.49,0.196,128.0,122.0
jena_weather/10t/long,deepar,3.15,0.143,129.0,123.0
jena_weather/h/long,deepar,6.89,0.197,129.0,123.0
kdd_cup_2018/h/long,deepar,3.34,1.09,128.0,126.0
loop_seattle/5t/long,deepar,1.96,0.184,128.0,124.0
loop_seattle/h/long,deepar,0.985,0.0683,96.0,85.0
m_dense/h/long,deepar,0.805,0.13,92.0,80.0
solar/10t/long,deepar,1.28,0.549,111.0,106.0
solar/h/long,deepar,0.972,0.381,79.0,95.0
sz_taxi/15t/long,deepar,0.733,0.286,120.0,120.0
loop_seattle/5t/short,goia-forecast-nano-v0,0.5700483977649491,0.0488929885569911,79.0,69.0
loop_seattle/5t/medium,goia-forecast-nano-v0,0.8339894662416093,0.073976817375199,77.0,70.0
loop_seattle/5t/long,goia-forecast-nano-v0,0.8968266839732988,0.0790719524137556,78.0,68.0
loop_seattle/d/short,goia-forecast-nano-v0,1.0066201598615725,0.048030642660855,116.0,104.0
loop_seattle/h/short,goia-forecast-nano-v0,1.0186179890160172,0.0729610557924451,106.0,105.0
loop_seattle/h/medium,goia-forecast-nano-v0,1.0564160934972826,0.0745607875031315,106.0,96.0
loop_seattle/h/long,goia-forecast-nano-v0,1.0792152908043915,0.0753859455968381,108.0,99.0
m_dense/d/short,goia-forecast-nano-v0,0.9220013987695213,0.0911981439880954,114.0,112.0
m_dense/h/short,goia-forecast-nano-v0,0.8340222764180237,0.1390060864949495,85.0,80.0
m_dense/h/medium,goia-forecast-nano-v0,0.7293539614052444,0.1201932942463339,77.0,68.0
m_dense/h/long,goia-forecast-nano-v0,0.7475972866270502,0.1215257004975443,78.0,71.0
sz_taxi/15t/short,goia-forecast-nano-v0,0.5514094879928146,0.2032996844166602,83.0,77.0
sz_taxi/15t/medium,goia-forecast-nano-v0,0.5399704940052895,0.2035756225684079,69.0,63.0
sz_taxi/15t/long,goia-forecast-nano-v0,0.5118964979632473,0.2000075181057278,66.0,56.0
sz_taxi/h/short,goia-forecast-nano-v0,0.5735009190165128,0.1386475957140657,90.0,83.0
bitbrains_fast_storage/5t/short,goia-forecast-nano-v0,0.79765851039929,0.4255338911452475,89.0,75.0
bitbrains_fast_storage/5t/medium,goia-forecast-nano-v0,1.0088210062957848,0.6483489395328774,71.0,65.0
bitbrains_fast_storage/5t/long,goia-forecast-nano-v0,0.9305505659064948,0.7480450629489716,71.0,78.0
bitbrains_fast_storage/h/short,goia-forecast-nano-v0,1.200267565604401,0.6404493068115865,102.0,49.0
bitbrains_rnd/5t/short,goia-forecast-nano-v0,1.7414598653578413,0.4201372117083256,81.0,63.0
bitbrains_rnd/5t/medium,goia-forecast-nano-v0,4.447866927745794,0.6019221173579035,74.0,27.0
bitbrains_rnd/5t/long,goia-forecast-nano-v0,3.371408096710215,0.6435005310174295,69.0,62.0
bitbrains_rnd/h/short,goia-forecast-nano-v0,5.880132868217842,0.701730992090057,83.0,98.0
bizitobs_application/10s/short,goia-forecast-nano-v0,2.6320852910911112,0.0281578915329948,105.0,102.0
bizitobs_application/10s/medium,goia-forecast-nano-v0,6.1188847193921605,0.064057471612645,109.0,111.0
bizitobs_application/10s/long,goia-forecast-nano-v0,7.157198164359369,0.0726644338825028,109.0,108.0
bizitobs_l2c/5t/short,goia-forecast-nano-v0,0.2799335321356884,0.074299672012636,81.0,63.0
bizitobs_l2c/5t/medium,goia-forecast-nano-v0,0.7999732858091833,0.3399988563210068,90.0,83.0
bizitobs_l2c/5t/long,goia-forecast-nano-v0,1.209130159212666,0.5504060329693679,101.0,93.0
bizitobs_l2c/h/short,goia-forecast-nano-v0,0.68314964534065,0.2902234994189753,106.0,103.0
bizitobs_l2c/h/medium,goia-forecast-nano-v0,0.6764578477659474,0.3310123693520388,97.0,97.0
bizitobs_l2c/h/long,goia-forecast-nano-v0,0.7058438842634154,0.3332006995558974,94.0,89.0
bizitobs_service/10s/short,goia-forecast-nano-v0,1.5188613874656234,0.0231632893555442,104.0,100.0
bizitobs_service/10s/medium,goia-forecast-nano-v0,3.0136555254776787,0.0488357870380035,110.0,106.0
bizitobs_service/10s/long,goia-forecast-nano-v0,3.355786358627434,0.0748781620196801,109.0,111.0
car_parts/m/short,goia-forecast-nano-v0,0.9175294404667048,1.0667994979870905,97.0,87.0
covid_deaths/d/short,goia-forecast-nano-v0,31.181136733379713,0.0383238901017031,23.0,67.0
electricity/15t/short,goia-forecast-nano-v0,1.1470502744309423,0.0989973572692854,96.0,92.0
electricity/15t/medium,goia-forecast-nano-v0,0.9245176932676143,0.0828020187481778,89.0,79.0
electricity/15t/long,goia-forecast-nano-v0,0.9576254836155113,0.0816151099661326,87.0,76.0
electricity/d/short,goia-forecast-nano-v0,1.6360165994981155,0.0630506208401713,108.0,95.0
electricity/h/short,goia-forecast-nano-v0,1.0577171727517602,0.0767776065504796,99.0,96.0
electricity/h/medium,goia-forecast-nano-v0,1.1082294257661995,0.0775328640368618,87.0,66.0
electricity/h/long,goia-forecast-nano-v0,1.2256898171086823,0.0890430193168483,76.0,63.0
electricity/w/short,goia-forecast-nano-v0,1.7374821035181751,0.0664349863064965,94.0,97.0
ett1/15t/short,goia-forecast-nano-v0,0.685474300527019,0.1585132937293463,54.0,49.0
ett1/15t/medium,goia-forecast-nano-v0,1.0062707098927604,0.2386118840617451,58.0,61.0
ett1/15t/long,goia-forecast-nano-v0,1.0129479304788211,0.2373111325014294,55.0,57.0
ett1/d/short,goia-forecast-nano-v0,1.7021259632943888,0.2841207527921742,75.0,76.0
ett1/h/short,goia-forecast-nano-v0,0.8458129909171002,0.188599164404096,86.0,80.0
ett1/h/medium,goia-forecast-nano-v0,1.3379968237579978,0.2674315089281049,90.0,71.0
ett1/h/long,goia-forecast-nano-v0,1.3613795131663955,0.2694518455843153,47.0,47.0
ett1/w/short,goia-forecast-nano-v0,1.685254652847091,0.3024955223541529,104.0,99.0
ett2/15t/short,goia-forecast-nano-v0,0.7529557627018858,0.0659403188197195,66.0,66.0
ett2/15t/medium,goia-forecast-nano-v0,0.8898303093882229,0.0911816165175166,69.0,68.0
ett2/15t/long,goia-forecast-nano-v0,0.8953480025405102,0.0924187228454716,62.0,56.0
ett2/d/short,goia-forecast-nano-v0,1.321346968445537,0.0953501279251191,68.0,75.0
ett2/h/short,goia-forecast-nano-v0,0.7738390695862905,0.0672842469355478,97.0,88.0
ett2/h/medium,goia-forecast-nano-v0,1.0436666762765434,0.1054908025551321,69.0,59.0
ett2/h/long,goia-forecast-nano-v0,1.0766576438095703,0.1102044495695605,77.0,70.0
ett2/w/short,goia-forecast-nano-v0,0.8216201847089202,0.0951470208938234,59.0,74.0
hierarchical_sales/d/short,goia-forecast-nano-v0,0.7446177012523003,0.5754421236452081,43.0,47.0
hierarchical_sales/w/short,goia-forecast-nano-v0,0.7323049895893488,0.353652339816338,75.0,76.0
hospital/m/short,goia-forecast-nano-v0,0.7777319754147247,0.0567792485194831,76.0,93.0
jena_weather/10t/short,goia-forecast-nano-v0,0.2900404003256972,0.0278428287009911,71.0,48.0
jena_weather/10t/medium,goia-forecast-nano-v0,0.609983233238813,0.0505005909622514,63.0,68.0
jena_weather/10t/long,goia-forecast-nano-v0,0.6482709417324508,0.050341477162072,63.0,62.0
jena_weather/d/short,goia-forecast-nano-v0,1.079599129218879,0.0445483885909773,64.0,22.0
jena_weather/h/short,goia-forecast-nano-v0,0.5356524620499543,0.0430844511924195,73.0,66.0
jena_weather/h/medium,goia-forecast-nano-v0,0.8060684875423646,0.0536921188721021,68.0,65.0
jena_weather/h/long,goia-forecast-nano-v0,0.9816851564396716,0.0563315864271912,55.0,46.0
kdd_cup_2018/d/short,goia-forecast-nano-v0,1.1900456999428488,0.3741898067353209,42.0,38.0
kdd_cup_2018/h/short,goia-forecast-nano-v0,0.9521190156191138,0.3791056662628148,76.0,61.0
kdd_cup_2018/h/medium,goia-forecast-nano-v0,1.051687503373129,0.4244444279285729,74.0,56.0
kdd_cup_2018/h/long,goia-forecast-nano-v0,1.0346954875670902,0.4500769796987228,78.0,63.0
m4_daily/d/short,goia-forecast-nano-v0,3.5797785792346213,0.0235298093589296,106.0,90.0
m4_hourly/h/short,goia-forecast-nano-v0,1.2000087727659143,0.0238512711213123,104.0,68.0
m4_monthly/m/short,goia-forecast-nano-v0,1.0043240107465223,0.0955172942629738,93.0,71.0
m4_quarterly/q/short,goia-forecast-nano-v0,1.234086263856482,0.0771287532548606,86.0,66.0
m4_weekly/w/short,goia-forecast-nano-v0,2.6760973402011445,0.0463548533821346,107.0,96.0
m4_yearly/a/short,goia-forecast-nano-v0,3.3934665505817723,0.1197834711064781,76.0,75.0
restaurant/d/short,goia-forecast-nano-v0,0.7310329005977811,0.2766723302686582,108.0,97.0
saugeen/d/short,goia-forecast-nano-v0,2.910421540216545,0.3480164386681077,61.0,55.0
saugeen/m/short,goia-forecast-nano-v0,0.7761505356679508,0.3158039985860473,104.0,86.0
saugeen/w/short,goia-forecast-nano-v0,1.4312467402734486,0.4528763275563102,108.0,101.0
solar/10t/short,goia-forecast-nano-v0,1.0440448678006675,0.5660698685143474,80.0,83.0
solar/10t/medium,goia-forecast-nano-v0,0.9184082282257304,0.3687435897624543,87.0,82.0
solar/10t/long,goia-forecast-nano-v0,0.912318211302148,0.3470972521528261,88.0,75.0
solar/d/short,goia-forecast-nano-v0,0.9884811312701266,0.2732753705062453,73.0,39.0
solar/h/short,goia-forecast-nano-v0,0.8915076958674883,0.340591346278077,85.0,82.0
solar/h/medium,goia-forecast-nano-v0,0.8985843647821544,0.3326769992015414,81.0,66.0
solar/h/long,goia-forecast-nano-v0,0.9942984130701508,0.3388167303091625,85.0,67.0
solar/w/short,goia-forecast-nano-v0,0.9817473950703276,0.1417201214163,22.0,33.0
temperature_rain/d/short,goia-forecast-nano-v0,1.3690338879973063,0.557062580154586,76.0,66.0
us_births/d/short,goia-forecast-nano-v0,1.002519845480476,0.0504398131147937,118.0,118.0
us_births/m/short,goia-forecast-nano-v0,0.7418463554841761,0.016364867123239,83.0,88.0
us_births/w/short,goia-forecast-nano-v0,1.8077531908218416,0.0207684696186826,125.0,120.0
bitbrains_fast_storage/5t/short,iTransformer,0.948,0.459,106.0,92.0
bitbrains_fast_storage/h/short,iTransformer,1.31,0.554,109.0,10.0
bitbrains_rnd/5t/short,iTransformer,2.02,0.503,113.0,103.0
bitbrains_rnd/h/short,iTransformer,6.02,0.595,103.0,23.0
bizitobs_application/10s/short,iTransformer,1.39,0.0206,76.0,90.0
bizitobs_l2c/5t/short,iTransformer,0.271,0.0769,60.0,77.0
bizitobs_l2c/h/short,iTransformer,0.425,0.192,22.0,56.0
bizitobs_service/10s/short,iTransformer,2.05,0.0236,112.0,101.0
car_parts/m/short,iTransformer,0.8,1.0,2.0,59.0
covid_deaths/d/short,iTransformer,34.0,0.0587,56.0,94.0
electricity/15t/short,iTransformer,1.4,0.124,107.0,106.0
electricity/d/short,iTransformer,1.67,0.0767,110.0,106.0
electricity/h/short,iTransformer,1.04,0.0731,95.0,85.0
electricity/w/short,iTransformer,2.09,0.109,117.0,121.0
ett1/15t/short,iTransformer,0.808,0.19,107.0,98.0
ett1/d/short,iTransformer,2.39,0.344,128.0,111.0
ett1/h/short,iTransformer,0.893,0.194,108.0,93.0
ett1/w/short,iTransformer,1.45,0.293,15.0,93.0
ett2/15t/short,iTransformer,0.818,0.0705,99.0,90.0
ett2/d/short,iTransformer,1.84,0.129,120.0,115.0
ett2/h/short,iTransformer,0.872,0.0752,117.0,105.0
ett2/w/short,iTransformer,7.47,0.838,128.0,129.0
hierarchical_sales/d/short,iTransformer,0.767,0.597,107.0,101.0
hierarchical_sales/w/short,iTransformer,0.797,0.372,112.0,101.0
hospital/m/short,iTransformer,0.767,0.052,59.0,56.0
jena_weather/10t/short,iTransformer,0.372,0.0396,113.0,100.0
jena_weather/d/short,iTransformer,1.94,0.094,124.0,122.0
jena_weather/h/short,iTransformer,0.714,0.0531,120.0,111.0
kdd_cup_2018/d/short,iTransformer,1.22,0.401,101.0,105.0
kdd_cup_2018/h/short,iTransformer,1.14,0.462,117.0,108.0
loop_seattle/5t/short,iTransformer,0.735,0.0656,109.0,107.0
loop_seattle/d/short,iTransformer,0.93,0.0456,99.0,96.0
loop_seattle/h/short,iTransformer,1.06,0.0746,112.0,109.0
m_dense/d/short,iTransformer,0.727,0.072,82.0,80.0
m_dense/h/short,iTransformer,0.894,0.15,101.0,96.0
m4_daily/d/short,iTransformer,3.26,0.0224,53.0,67.0
m4_hourly/h/short,iTransformer,1.45,0.0411,110.0,118.0
m4_monthly/m/short,iTransformer,1.61,0.114,123.0,109.0
m4_quarterly/q/short,iTransformer,1.23,0.0791,82.0,76.0
m4_weekly/w/short,iTransformer,2.58,0.0504,103.0,108.0
m4_yearly/a/short,iTransformer,3.37,0.117,73.0,60.0
restaurant/d/short,iTransformer,0.688,0.26,58.0,63.0
saugeen/d/short,iTransformer,3.35,0.418,115.0,105.0
saugeen/m/short,iTransformer,0.784,0.316,105.0,87.0
saugeen/w/short,iTransformer,1.49,0.466,109.0,103.0
solar/10t/short,iTransformer,2.27,1.37,129.0,126.0
solar/d/short,iTransformer,3.13,0.871,129.0,128.0
solar/h/short,iTransformer,1.13,0.426,124.0,115.0
solar/w/short,iTransformer,1.35,0.203,96.0,96.0
sz_taxi/15t/short,iTransformer,0.573,0.214,106.0,102.0
sz_taxi/h/short,iTransformer,0.576,0.141,95.0,94.0
temperature_rain/d/short,iTransformer,1.44,0.632,103.0,105.0
us_births/d/short,iTransformer,0.523,0.0266,100.0,98.0
us_births/m/short,iTransformer,0.821,0.0181,102.0,99.0
us_births/w/short,iTransformer,2.37,0.0272,127.0,127.0
bitbrains_fast_storage/5t/medium,iTransformer,1.35,0.707,117.0,81.0
bitbrains_rnd/5t/medium,iTransformer,4.76,0.662,114.0,79.0
bizitobs_application/10s/medium,iTransformer,2.97,0.0449,93.0,91.0
bizitobs_l2c/5t/medium,iTransformer,0.653,0.318,74.0,77.0
bizitobs_l2c/h/medium,iTransformer,0.532,0.266,81.0,78.0
bizitobs_service/10s/medium,iTransformer,1.65,0.042,97.0,90.0
electricity/15t/medium,iTransformer,0.997,0.087,102.0,92.0
electricity/h/medium,iTransformer,1.24,0.0856,107.0,86.0
ett1/15t/medium,iTransformer,1.1,0.251,98.0,76.0
ett1/h/medium,iTransformer,1.44,0.283,113.0,87.0
ett2/15t/medium,iTransformer,0.933,0.0937,90.0,79.0
ett2/h/medium,iTransformer,1.25,0.118,113.0,97.0
jena_weather/10t/medium,iTransformer,0.665,0.0629,98.0,96.0
jena_weather/h/medium,iTransformer,0.963,0.0605,117.0,95.0
kdd_cup_2018/h/medium,iTransformer,1.05,0.437,65.0,80.0
loop_seattle/5t/medium,iTransformer,1.03,0.0953,99.0,99.0
loop_seattle/h/medium,iTransformer,1.0,0.0681,92.0,75.0
m_dense/h/medium,iTransformer,0.837,0.137,99.0,95.0
solar/10t/medium,iTransformer,1.38,0.549,111.0,106.0
solar/h/medium,iTransformer,1.07,0.375,119.0,102.0
sz_taxi/15t/medium,iTransformer,0.548,0.208,85.0,77.0
electricity/15t/long,iTransformer,1.04,0.0863,103.0,92.0
electricity/h/long,iTransformer,1.33,0.0976,103.0,81.0
solar/10t/long,iTransformer,1.16,0.43,104.0,93.0
solar/h/long,iTransformer,1.08,0.368,107.0,87.0
kdd_cup_2018/h/long,iTransformer,1.03,0.479,72.0,93.0
loop_seattle/5t/long,iTransformer,1.03,0.0928,95.0,90.0
loop_seattle/h/long,iTransformer,1.0,0.0689,99.0,89.0
sz_taxi/15t/long,iTransformer,0.783,0.282,125.0,119.0
m_dense/h/long,iTransformer,0.833,0.135,95.0,86.0
ett1/15t/long,iTransformer,1.11,0.245,95.0,69.0
ett1/h/long,iTransformer,1.43,0.297,90.0,83.0
ett2/15t/long,iTransformer,1.01,0.101,104.0,84.0
ett2/h/long,iTransformer,1.33,0.125,118.0,99.0
jena_weather/10t/long,iTransformer,0.69,0.0638,95.0,98.0
jena_weather/h/long,iTransformer,1.23,0.0757,111.0,103.0
bitbrains_fast_storage/5t/long,iTransformer,1.19,0.69,115.0,47.0
bitbrains_rnd/5t/long,iTransformer,3.7,0.698,109.0,83.0
bizitobs_application/10s/long,iTransformer,3.44,0.0543,86.0,65.0
bizitobs_service/10s/long,iTransformer,1.73,0.0543,93.0,76.0
bizitobs_l2c/5t/long,iTransformer,0.585,0.248,47.0,38.0
bizitobs_l2c/h/long,iTransformer,1.89,0.968,129.0,128.0
bitbrains_fast_storage/5t/long,limix_moe,0.8224291500118487,0.6668924317077208,11.0,34.0
bitbrains_fast_storage/5t/medium,limix_moe,0.9211726851805484,0.6376231193118007,13.0,54.0
bitbrains_fast_storage/5t/short,limix_moe,0.6219829517954211,0.3693456121796784,12.0,28.0
bitbrains_fast_storage/h/short,limix_moe,0.926074222120437,0.6793340869816239,8.0,79.0
bitbrains_rnd/5t/long,limix_moe,3.2513505334379493,0.6642510508468233,16.0,71.0
bitbrains_rnd/5t/medium,limix_moe,4.349236655307883,0.7160464765998734,28.0,94.0
bitbrains_rnd/5t/short,limix_moe,1.575099992531879,0.3820039243679793,13.0,27.0
bitbrains_rnd/h/short,limix_moe,5.800764687561919,0.6686053719311545,36.0,84.0
bizitobs_application/10s/long,limix_moe,3.195312062239463,0.0530664498729268,46.0,54.0
bizitobs_application/10s/medium,limix_moe,2.131198086505486,0.030789874044421,27.0,26.0
bizitobs_application/10s/short,limix_moe,0.9003371689075806,0.0094208246074456,5.0,14.0
bizitobs_l2c/5t/long,limix_moe,0.4864656127052938,0.2141392496200518,21.0,17.0
bizitobs_l2c/5t/medium,limix_moe,0.4588383900444377,0.190703342718409,18.0,15.0
bizitobs_l2c/5t/short,limix_moe,0.2024396104536471,0.0532066300347361,6.0,6.0
bizitobs_l2c/h/long,limix_moe,0.5483514937447436,0.250853609567067,23.0,18.0
bizitobs_l2c/h/medium,limix_moe,0.4848263733656943,0.2296431794352922,31.0,25.0
bizitobs_l2c/h/short,limix_moe,0.4331996047649306,0.1838726555640721,44.0,33.0
bizitobs_service/10s/long,limix_moe,1.2878164302699202,0.0520492834995196,22.0,42.0
bizitobs_service/10s/medium,limix_moe,0.9675886314362224,0.0195856211111904,18.0,22.0
bizitobs_service/10s/short,limix_moe,0.6755418630765365,0.0098255768692991,7.0,8.0
car_parts/m/short,limix_moe,0.8768859893849483,1.006672169503729,77.0,67.0
covid_deaths/d/short,limix_moe,29.30452926026128,0.0285009354965255,7.0,25.0
electricity/15t/long,limix_moe,0.833066549028722,0.0696781605594381,1.0,1.0
electricity/15t/medium,limix_moe,0.7834125527903056,0.0693599671243513,1.0,1.0
electricity/15t/short,limix_moe,0.8600792930684291,0.0733421586553792,5.0,5.0
electricity/d/short,limix_moe,1.363083155680719,0.0541533799346314,23.0,37.0
electricity/h/long,limix_moe,1.1399698488478651,0.0806346865152267,25.0,23.0
electricity/h/medium,limix_moe,1.0275010967018616,0.0722666063146108,18.0,19.0
electricity/h/short,limix_moe,0.8698514911966774,0.0619590298107658,13.0,13.0
electricity/w/short,limix_moe,1.3991998413293507,0.0465091343617944,19.0,17.0
ett1/15t/long,limix_moe,0.9613787228336996,0.2202576671148748,5.0,7.0
ett1/15t/medium,limix_moe,0.9599109654782566,0.2223574691044129,12.0,7.0
ett1/15t/short,limix_moe,0.6638226533378632,0.152316528509638,15.0,14.0
ett1/d/short,limix_moe,1.631241270913701,0.2617315712724272,26.0,9.0
ett1/h/long,limix_moe,1.324244478059741,0.2557049691254581,14.0,5.0
ett1/h/medium,limix_moe,1.2350365190588055,0.2467259147533823,18.0,8.0
ett1/h/short,limix_moe,0.7970236096600184,0.1717998856159735,27.0,24.0
ett1/w/short,limix_moe,1.526054524621282,0.2547015426802033,39.0,33.0
ett2/15t/long,limix_moe,0.8561370991944087,0.0895162948843346,11.0,19.0
ett2/15t/medium,limix_moe,0.8375378920897326,0.0860699635423767,7.0,9.0
ett2/15t/short,limix_moe,0.7134104436313945,0.0620514284449983,23.0,25.0
ett2/d/short,limix_moe,1.3038924767493842,0.0934579910223179,59.0,60.0
ett2/h/long,limix_moe,1.0065529037774392,0.1015839328000719,28.0,31.0
ett2/h/medium,limix_moe,1.016127834030559,0.1025779646570637,30.0,36.0
ett2/h/short,limix_moe,0.7216278833376985,0.0633607303608165,27.0,32.0
ett2/w/short,limix_moe,0.7220682015301906,0.0806770634658325,8.0,12.0
hierarchical_sales/d/short,limix_moe,0.7404563536788954,0.5703024174162525,22.0,31.0
hierarchical_sales/w/short,limix_moe,0.7161213207189479,0.3426714675982549,36.0,35.0
hospital/m/short,limix_moe,0.7410078273057866,0.0482824325589044,13.0,11.0
jena_weather/10t/long,limix_moe,0.6243501945863091,0.0473313047691099,28.0,24.0
jena_weather/10t/medium,limix_moe,0.5718093922058209,0.0467936474409293,22.0,30.0
jena_weather/10t/short,limix_moe,0.263400157269555,0.0274294626472514,29.0,43.0
jena_weather/d/short,limix_moe,1.032724185008847,0.0449995502433912,41.0,37.0
jena_weather/h/long,limix_moe,0.93194747995037,0.0526416211737906,37.0,19.0
jena_weather/h/medium,limix_moe,0.7552630547244589,0.0474427564508587,23.0,6.0
jena_weather/h/short,limix_moe,0.513533004851414,0.0402049451789363,16.0,11.0
kdd_cup_2018/d/short,limix_moe,1.187941384189341,0.3740719398074235,39.0,37.0
kdd_cup_2018/h/long,limix_moe,1.0073885874099031,0.4387132556170649,39.0,36.0
kdd_cup_2018/h/medium,limix_moe,1.040034147907789,0.4225124244020927,50.0,54.0
kdd_cup_2018/h/short,limix_moe,0.9246960117950171,0.3687766863286094,41.0,35.0
loop_seattle/5t/long,limix_moe,0.7878055281711711,0.0693564691366695,26.0,20.0
loop_seattle/5t/medium,limix_moe,0.7201152102966734,0.0632903072126399,19.0,19.0
loop_seattle/5t/short,limix_moe,0.5390600840659573,0.0457377872636425,25.0,19.0
loop_seattle/d/short,limix_moe,0.8638215182329839,0.0415121266155808,25.0,28.0
loop_seattle/h/long,limix_moe,0.7952017068349881,0.0536593724255297,10.0,11.0
loop_seattle/h/medium,limix_moe,0.7869858452875291,0.0535873934415261,11.0,11.0
loop_seattle/h/short,limix_moe,0.7255716169424723,0.0497561884066395,13.0,9.0
m4_daily/d/short,limix_moe,3.2570283768839587,0.0213154253381013,49.0,38.0
m4_hourly/h/short,limix_moe,0.6412107228583696,0.0182103369868886,6.0,5.0
m4_monthly/m/short,limix_moe,0.8943381907559036,0.0894395383770658,10.0,13.0
m4_quarterly/q/short,limix_moe,1.1137843710322666,0.0718216982076756,6.0,12.0
m4_weekly/w/short,limix_moe,1.8499229795399803,0.0348889979334116,6.0,9.0
m4_yearly/a/short,limix_moe,2.979299046496993,0.1065604204917692,10.0,12.0
m_dense/d/short,limix_moe,0.6323122243743409,0.0603862099236922,29.0,27.0
m_dense/h/long,limix_moe,0.6593961306566627,0.109148500421941,8.0,11.0
m_dense/h/medium,limix_moe,0.6691086880623504,0.1102281182504241,13.0,8.0
m_dense/h/short,limix_moe,0.7356381703233773,0.1195367336339495,7.0,6.0
restaurant/d/short,limix_moe,0.6760938904820935,0.253335507990011,15.0,14.0
saugeen/d/short,limix_moe,2.8808964995411617,0.3462519816669809,55.0,53.0
saugeen/m/short,limix_moe,0.7286761328598269,0.2910965972937329,55.0,49.0
saugeen/w/short,limix_moe,1.164737634491452,0.3507338491029058,22.0,42.0
solar/10t/long,limix_moe,0.7999236126440867,0.2904393111341087,42.0,23.0
solar/10t/medium,limix_moe,0.8025589121350389,0.2948589440725401,35.0,20.0
solar/10t/short,limix_moe,0.7719234445713956,0.383612746858868,16.0,15.0
solar/d/short,limix_moe,0.9598585818000984,0.2692192041127683,16.0,16.0
solar/h/long,limix_moe,0.5474921226418132,0.1915821029205564,14.0,13.0
solar/h/medium,limix_moe,0.6168600109575975,0.2169698628283426,17.0,17.0
solar/h/short,limix_moe,0.5029689526579322,0.1854319612124877,14.0,12.0
solar/w/short,limix_moe,1.0681153066336742,0.1440134633220417,45.0,37.0
sz_taxi/15t/long,limix_moe,0.5047236909006173,0.1976135091298719,19.0,31.0
sz_taxi/15t/medium,limix_moe,0.5325326169954393,0.2003716300868131,9.0,12.0
sz_taxi/15t/short,limix_moe,0.5389344542462967,0.1983753683575201,7.0,4.0
sz_taxi/h/short,limix_moe,0.55764325160179,0.1340939809694396,14.0,11.0
temperature_rain/d/short,limix_moe,1.30630107972497,0.535182597468699,11.0,9.0
us_births/d/short,limix_moe,0.3041815590578919,0.0152335884113914,6.0,4.0
us_births/m/short,limix_moe,0.6646629867996765,0.0136152694032796,60.0,54.0
us_births/w/short,limix_moe,0.9046078661258726,0.0105453923283017,22.0,19.0
bitbrains_fast_storage/5t/long,litespecformer,1.0483342443717238,0.7919727975065101,101.0,88.0
bitbrains_fast_storage/5t/medium,litespecformer,1.1245149414768532,0.7667923721899249,99.0,95.0
bitbrains_fast_storage/5t/short,litespecformer,0.7805136374689461,0.424446445638075,87.0,74.0
bitbrains_fast_storage/h/short,litespecformer,1.165444521230756,0.6542769456980883,94.0,58.0
bitbrains_rnd/5t/long,litespecformer,3.641067028931521,0.9716393723189004,105.0,115.0
bitbrains_rnd/5t/medium,litespecformer,4.672800508531128,0.6290615462251721,108.0,58.0
bitbrains_rnd/5t/short,litespecformer,1.8313713648350112,0.4481882388966478,99.0,86.0
bitbrains_rnd/h/short,litespecformer,6.025253903021877,0.6906620475874661,104.0,94.0
bizitobs_application/10s/long,litespecformer,8.617822539258526,0.108739269859286,117.0,121.0
bizitobs_application/10s/medium,litespecformer,7.709790761837979,0.1177313502741487,118.0,125.0
bizitobs_application/10s/short,litespecformer,2.6404543475534608,0.0341588761968669,106.0,108.0
bizitobs_l2c/5t/long,litespecformer,1.2168594588478885,0.7036986287600195,104.0,116.0
bizitobs_l2c/5t/medium,litespecformer,0.9534197607852644,0.4805688215059023,118.0,117.0
bizitobs_l2c/5t/short,litespecformer,0.3081985136268572,0.0820945828706297,108.0,100.0
bizitobs_l2c/h/long,litespecformer,1.1441206603193277,0.6395989718860089,111.0,114.0
bizitobs_l2c/h/medium,litespecformer,1.1681511647317135,0.6368904146842831,112.0,114.0
bizitobs_l2c/h/short,litespecformer,0.943428972132874,0.4283785771292782,114.0,114.0
bizitobs_service/10s/long,litespecformer,3.7626408741130146,0.0944707562079215,113.0,117.0
bizitobs_service/10s/medium,litespecformer,4.569613603115958,0.1012355279578288,120.0,124.0
bizitobs_service/10s/short,litespecformer,1.6304986995208737,0.0298908880400851,105.0,109.0
car_parts/m/short,litespecformer,1.0315657542618266,1.1306592542165754,110.0,99.0
covid_deaths/d/short,litespecformer,29.366421350772868,0.0282883406033906,8.0,23.0
electricity/15t/long,litespecformer,0.9996404535177108,0.0863184366059773,94.0,93.0
electricity/15t/medium,litespecformer,0.9349712057873306,0.0838563618833969,91.0,82.0
electricity/15t/short,litespecformer,0.9531291791235392,0.0838465137743448,47.0,53.0
electricity/d/short,litespecformer,1.4169321092811653,0.0546055470594444,59.0,44.0
electricity/h/long,litespecformer,1.296974409939896,0.1048604022017993,95.0,99.0
electricity/h/medium,litespecformer,1.1700988807141597,0.0861575930089383,99.0,89.0
electricity/h/short,litespecformer,0.9461931288356108,0.0674008726137742,59.0,59.0
electricity/w/short,litespecformer,1.5275217789024162,0.0498826869638696,62.0,49.0
ett1/15t/long,litespecformer,1.2232324881190393,0.3050555479114486,113.0,105.0
ett1/15t/medium,litespecformer,1.2274866725409903,0.3064737545431258,113.0,103.0
ett1/15t/short,litespecformer,0.7310486341131371,0.1729692443005221,91.0,85.0
ett1/d/short,litespecformer,1.826446755209939,0.3010075389066947,110.0,98.0
ett1/h/long,litespecformer,1.533413593991929,0.3106549428157821,116.0,94.0
ett1/h/medium,litespecformer,1.3362512386203445,0.2760056446877585,89.0,81.0
ett1/h/short,litespecformer,0.8458114642121527,0.1824222828455281,85.0,70.0
ett1/w/short,litespecformer,1.6636487048670805,0.2899818671218636,102.0,90.0
ett2/15t/long,litespecformer,1.0842423615509302,0.115315537511197,113.0,104.0
ett2/15t/medium,litespecformer,1.0842078696260995,0.1186705122631445,115.0,108.0
ett2/15t/short,litespecformer,0.8520476057152906,0.077606797167141,107.0,104.0
ett2/d/short,litespecformer,1.432106563310522,0.1029306770139845,100.0,94.0
ett2/h/long,litespecformer,1.164310048044254,0.1246098194427784,104.0,97.0
ett2/h/medium,litespecformer,1.126990186201604,0.117790512541003,102.0,96.0
ett2/h/short,litespecformer,0.7569314647955064,0.065964622242787,88.0,80.0
ett2/w/short,litespecformer,1.0360371087234548,0.0971714315803903,99.0,81.0
hierarchical_sales/d/short,litespecformer,0.7469483800601077,0.5735492418882326,67.0,42.0
hierarchical_sales/w/short,litespecformer,0.7221197036639497,0.34930536049151,53.0,67.0
hospital/m/short,litespecformer,0.7765938269668962,0.0515498064244727,75.0,51.0
jena_weather/10t/long,litespecformer,0.6623801449586957,0.0738375975142649,78.0,113.0
jena_weather/10t/medium,litespecformer,0.6903309319830583,0.0721855642674261,103.0,114.0
jena_weather/10t/short,litespecformer,0.3455303288430677,0.0495838671637822,102.0,108.0
jena_weather/d/short,litespecformer,1.1089212218297426,0.0624484352281391,73.0,107.0
jena_weather/h/long,litespecformer,1.0336752359223302,0.0613299080457253,75.0,74.0
jena_weather/h/medium,litespecformer,0.8420039462527961,0.0644319887533483,87.0,98.0
jena_weather/h/short,litespecformer,0.5319216682888206,0.0437632264335818,70.0,76.0
kdd_cup_2018/d/short,litespecformer,1.181590660629375,0.3654012253627822,26.0,9.0
kdd_cup_2018/h/long,litespecformer,1.0215205505419933,0.4857295556587671,60.0,96.0
kdd_cup_2018/h/medium,litespecformer,1.0515306558531032,0.4497934277937063,73.0,93.0
kdd_cup_2018/h/short,litespecformer,0.9379064448173874,0.376602050724614,56.0,53.0
loop_seattle/5t/long,litespecformer,1.2850757758039906,0.1254043332286965,118.0,113.0
loop_seattle/5t/medium,litespecformer,1.1941624842043703,0.116291307145153,116.0,111.0
loop_seattle/5t/short,litespecformer,0.5879122643477142,0.0507390570374956,88.0,83.0
loop_seattle/d/short,litespecformer,0.9051631562237308,0.0448434835362572,88.0,88.0
loop_seattle/h/long,litespecformer,1.2579586718687967,0.0869049446552516,120.0,112.0
loop_seattle/h/medium,litespecformer,1.3047322250696904,0.0909673305668968,121.0,118.0
loop_seattle/h/short,litespecformer,1.0411760831137855,0.074039079642818,111.0,108.0
m4_daily/d/short,litespecformer,3.062987166958537,0.0201155040901881,5.0,5.0
m4_hourly/h/short,litespecformer,0.9581248024392136,0.0305970837511884,86.0,97.0
m4_monthly/m/short,litespecformer,0.8128441830975662,0.0791267746284339,2.0,3.0
m4_quarterly/q/short,litespecformer,1.1810640041034113,0.0769679729811575,59.0,64.0
m4_weekly/w/short,litespecformer,2.4307511156795285,0.0413036888206035,93.0,74.0
m4_yearly/a/short,litespecformer,3.315204468085784,0.1162150919901006,60.0,59.0
m_dense/d/short,litespecformer,0.7716235135558138,0.0756488523473923,97.0,90.0
m_dense/h/long,litespecformer,0.7931143235250311,0.1327077553033323,89.0,83.0
m_dense/h/medium,litespecformer,0.765316335218845,0.1283388635415544,91.0,83.0
m_dense/h/short,litespecformer,0.8542147572743474,0.1444917901656943,94.0,88.0
restaurant/d/short,litespecformer,0.6991361122134361,0.2634841665619765,79.0,74.0
saugeen/d/short,litespecformer,3.232038626382645,0.3923963405773876,105.0,91.0
saugeen/m/short,litespecformer,0.7539159396685113,0.3038136853232623,83.0,75.0
saugeen/w/short,litespecformer,1.1692462536842738,0.3546291812177481,27.0,47.0
solar/10t/long,litespecformer,2.1143706234809607,0.9477501495739228,127.0,123.0
solar/10t/medium,litespecformer,2.1095914107437954,0.9142045329199836,124.0,123.0
solar/10t/short,litespecformer,1.2345677980351464,0.6534909609173143,112.0,101.0
solar/d/short,litespecformer,0.9637502534348418,0.2741293094614454,30.0,43.0
solar/h/long,litespecformer,1.1152866369678436,0.389845963008206,111.0,97.0
solar/h/medium,litespecformer,1.0515877533689957,0.3878396186064071,115.0,105.0
solar/h/short,litespecformer,0.958113532983949,0.3717926137636221,111.0,102.0
solar/w/short,litespecformer,1.300267671786108,0.1755565206634154,90.0,85.0
sz_taxi/15t/long,litespecformer,0.5551271183279545,0.2236249073468035,107.0,91.0
sz_taxi/15t/medium,litespecformer,0.5943366183460018,0.2332805040679414,117.0,105.0
sz_taxi/15t/short,litespecformer,0.5662203988468412,0.2093114834799398,102.0,95.0
sz_taxi/h/short,litespecformer,0.5787173263762738,0.1400587175355543,99.0,89.0
temperature_rain/d/short,litespecformer,1.3479226866742655,0.5511523442799225,59.0,51.0
us_births/d/short,litespecformer,0.4801719987034352,0.0246337776015983,92.0,91.0
us_births/m/short,litespecformer,0.7418492582414582,0.015070976869223,84.0,75.0
us_births/w/short,litespecformer,1.5044725015647735,0.0180965469112519,117.0,109.0
bitbrains_fast_storage/5t/long,metis-autocast,0.8738315915871643,0.6961526142442441,39.0,50.0
bitbrains_fast_storage/5t/medium,metis-autocast,0.9586685855053464,0.6134851260318963,34.0,35.0
bitbrains_fast_storage/5t/short,metis-autocast,0.6482335455215792,0.3618781804866456,26.0,22.0
bitbrains_fast_storage/h/short,metis-autocast,1.0685835868156468,0.6099616839867709,65.0,28.0
bitbrains_rnd/5t/long,metis-autocast,3.278286047172847,0.6163413232410033,35.0,38.0
bitbrains_rnd/5t/medium,metis-autocast,4.343808971430575,0.6628092154881569,24.0,80.0
bitbrains_rnd/5t/short,metis-autocast,1.5778775108115477,0.3555541774846711,17.0,2.0
bitbrains_rnd/h/short,metis-autocast,5.849923358909581,0.6426099065458589,67.0,65.0
bizitobs_application/10s/long,metis-autocast,3.2865874605370875,0.0544074402539338,70.0,69.0
bizitobs_application/10s/medium,metis-autocast,2.284310374583673,0.0354981625976282,43.0,46.0
bizitobs_application/10s/short,metis-autocast,1.0898773402264166,0.0091001660292099,50.0,8.0
bizitobs_l2c/5t/long,metis-autocast,0.5829254150669422,0.2561618537731765,46.0,41.0
bizitobs_l2c/5t/medium,metis-autocast,0.519598061377532,0.2149470617221738,43.0,35.0
bizitobs_l2c/5t/short,metis-autocast,0.2026464892642579,0.0527832109427635,7.0,4.0
bizitobs_l2c/h/long,metis-autocast,0.6128385336523882,0.3136291248668084,80.0,81.0
bizitobs_l2c/h/medium,metis-autocast,0.4992030684353941,0.2425845812136556,60.0,60.0
bizitobs_l2c/h/short,metis-autocast,0.4287233079796156,0.1813922356113637,32.0,23.0
bizitobs_service/10s/long,metis-autocast,1.2893289447883325,0.0529622625137516,23.0,63.0
bizitobs_service/10s/medium,metis-autocast,1.003262426345807,0.0231778412260514,37.0,43.0
bizitobs_service/10s/short,metis-autocast,0.6916978662160086,0.0096365721566384,24.0,1.0
car_parts/m/short,metis-autocast,0.8257562430051691,0.997073880634422,12.0,56.0
covid_deaths/d/short,metis-autocast,31.70258653724762,0.0247457004376997,29.0,6.0
electricity/15t/long,metis-autocast,0.8496916214579373,0.0715015300876812,23.0,23.0
electricity/15t/medium,metis-autocast,0.808935321940312,0.0720674251607183,33.0,35.0
electricity/15t/short,metis-autocast,0.8595427537440495,0.0738355321799373,4.0,8.0
electricity/d/short,metis-autocast,1.3599270558080758,0.0531858766916513,20.0,15.0
electricity/h/long,metis-autocast,1.1839207998507058,0.0871970129154866,48.0,49.0
electricity/h/medium,metis-autocast,1.0448317989186473,0.0738794306511699,36.0,42.0
electricity/h/short,metis-autocast,0.871607407670424,0.0619519792358801,15.0,12.0
electricity/w/short,metis-autocast,1.428605054418651,0.0476541113781367,37.0,24.0
ett1/15t/long,metis-autocast,0.9753055433862096,0.2245447949225996,24.0,23.0
ett1/15t/medium,metis-autocast,0.9657476551798146,0.225349275855141,20.0,20.0
ett1/15t/short,metis-autocast,0.6616272326632262,0.1518404958846097,11.0,13.0
ett1/d/short,metis-autocast,1.683932547665906,0.2660679695284773,65.0,12.0
ett1/h/long,metis-autocast,1.3265664279948666,0.2577687303534458,15.0,13.0
ett1/h/medium,metis-autocast,1.235981485257747,0.2481172491220548,23.0,17.0
ett1/h/short,metis-autocast,0.7873916096119196,0.1690810318202257,13.0,10.0
ett1/w/short,metis-autocast,1.557985733911688,0.2637293449667539,55.0,54.0
ett2/15t/long,metis-autocast,0.8670859136541492,0.0895806989863228,26.0,21.0
ett2/15t/medium,metis-autocast,0.8434909825933327,0.0868546605351796,11.0,15.0
ett2/15t/short,metis-autocast,0.7025751302399692,0.0606726704877531,8.0,11.0
ett2/d/short,metis-autocast,1.2720327527557145,0.089556957295784,30.0,13.0
ett2/h/long,metis-autocast,1.0154488837403328,0.1012776561017034,43.0,26.0
ett2/h/medium,metis-autocast,1.0249939869935254,0.1016320925530567,42.0,28.0
ett2/h/short,metis-autocast,0.7200782780122262,0.0629835021602963,21.0,21.0
ett2/w/short,metis-autocast,0.7575480877701398,0.0818905507924794,18.0,14.0
hierarchical_sales/d/short,metis-autocast,0.7405950971652439,0.5683664446980298,26.0,18.0
hierarchical_sales/w/short,metis-autocast,0.7185339849937958,0.3437780870320517,46.0,43.0
hospital/m/short,metis-autocast,0.759013093387712,0.0506954846749022,47.0,38.0
jena_weather/10t/long,metis-autocast,0.6310142174241143,0.0470283802551403,36.0,18.0
jena_weather/10t/medium,metis-autocast,0.581324794857256,0.0459015347158005,32.0,14.0
jena_weather/10t/short,metis-autocast,0.2600118985985839,0.0255985336271817,20.0,8.0
jena_weather/d/short,metis-autocast,1.0090127153392665,0.0454700464209179,25.0,47.0
jena_weather/h/long,metis-autocast,0.977017083348109,0.0532137477077651,54.0,27.0
jena_weather/h/medium,metis-autocast,0.8117497832224779,0.0473624377440623,71.0,3.0
jena_weather/h/short,metis-autocast,0.5128706384769136,0.0397491861181807,11.0,3.0
kdd_cup_2018/d/short,metis-autocast,1.1962767702173638,0.3783584488538527,64.0,68.0
kdd_cup_2018/h/long,metis-autocast,1.0520329061457148,0.4575792562685424,99.0,79.0
kdd_cup_2018/h/medium,metis-autocast,1.0319482209863984,0.4178851351047561,37.0,40.0
kdd_cup_2018/h/short,metis-autocast,0.9238099759365545,0.36965145958979,40.0,41.0
loop_seattle/5t/long,metis-autocast,0.8726451330283376,0.0770150624501413,66.0,59.0
loop_seattle/5t/medium,metis-autocast,0.7995700835228561,0.0705243403238642,64.0,56.0
loop_seattle/5t/short,metis-autocast,0.5326991141857141,0.0452053407241554,13.0,10.0
loop_seattle/d/short,metis-autocast,0.8606660191166766,0.0415910890785545,18.0,31.0
loop_seattle/h/long,metis-autocast,0.8401186723221367,0.0569093360397826,30.0,22.0
loop_seattle/h/medium,metis-autocast,0.8502535535546906,0.0582934839147452,25.0,24.0
loop_seattle/h/short,metis-autocast,0.7917176426474531,0.0550675768389484,32.0,28.0
m4_daily/d/short,metis-autocast,3.20630731813897,0.0209590999266065,30.0,22.0
m4_hourly/h/short,metis-autocast,0.7224789635397635,0.0199398206632017,44.0,28.0
m4_monthly/m/short,metis-autocast,0.9045394476963828,0.0897803406352356,24.0,19.0
m4_quarterly/q/short,metis-autocast,1.1365641628875256,0.0721171475805769,22.0,16.0
m4_weekly/w/short,metis-autocast,1.8727191432992365,0.0356608711593224,22.0,23.0
m4_yearly/a/short,metis-autocast,3.303325587482595,0.1141120433388192,57.0,46.0
m_dense/d/short,metis-autocast,0.6391295877107136,0.0625757652619875,33.0,42.0
m_dense/h/long,metis-autocast,0.6788888812450321,0.1111332201716709,33.0,26.0
m_dense/h/medium,metis-autocast,0.6805690024834866,0.1132792843742137,36.0,40.0
m_dense/h/short,metis-autocast,0.758206587685412,0.123624866261192,29.0,18.0
restaurant/d/short,metis-autocast,0.6834015322217571,0.2567711101836665,50.0,46.0
saugeen/d/short,metis-autocast,2.731207485665778,0.3314463885890973,27.0,27.0
saugeen/m/short,metis-autocast,0.7195702223179581,0.282377532326755,32.0,15.0
saugeen/w/short,metis-autocast,1.1747789355870195,0.344452020021748,35.0,18.0
solar/10t/long,metis-autocast,0.7734231999420735,0.286513815394567,13.0,11.0
solar/10t/medium,metis-autocast,0.7682678810485039,0.2918782101283269,11.0,13.0
solar/10t/short,metis-autocast,0.641139396974572,0.3312775802291202,6.0,3.0
solar/d/short,metis-autocast,0.9556222488208982,0.2675625845753109,10.0,11.0
solar/h/long,metis-autocast,0.8272833438653103,0.285632964434052,36.0,26.0
solar/h/medium,metis-autocast,0.7765024044883122,0.2835668567825496,28.0,27.0
solar/h/short,metis-autocast,0.744899406218491,0.2723010410214512,32.0,26.0
solar/w/short,metis-autocast,1.093964799687299,0.1487302799324396,50.0,49.0
sz_taxi/15t/long,metis-autocast,0.5049713272611781,0.1977075930712744,20.0,34.0
sz_taxi/15t/medium,metis-autocast,0.531345364323568,0.2014147825018345,2.0,33.0
sz_taxi/15t/short,metis-autocast,0.539258352061327,0.198495784066868,11.0,9.0
sz_taxi/h/short,metis-autocast,0.5560007434799381,0.1338074313449796,5.0,6.0
temperature_rain/d/short,metis-autocast,1.3248869707584432,0.5423136767267588,33.0,26.0
us_births/d/short,metis-autocast,0.3149927204570376,0.0157667695100373,20.0,12.0
us_births/m/short,metis-autocast,0.6399887250382493,0.0129041038061356,48.0,41.0
us_births/w/short,metis-autocast,0.8220044455129296,0.0095014236189081,3.0,2.0
m4_yearly/a/short,naive,3.965954931783283,0.1371456574098349,110.0,103.0
ett1/w/short,naive,1.7689207877683926,0.3118251468740881,117.0,104.0
bizitobs_l2c/h/short,naive,1.086094004278458,0.4863248059651666,123.0,118.0
bizitobs_l2c/h/medium,naive,1.4850898274863054,0.8639523074274909,124.0,126.0
bizitobs_l2c/h/long,naive,1.4278952141944932,0.8178194151135174,126.0,125.0
ett2/d/short,naive,1.3901143157307532,0.1533110021305043,88.0,122.0
solar/w/short,naive,1.4703506784640206,0.2097476281318676,105.0,103.0
jena_weather/d/short,naive,1.5734140297468562,0.2105908566035542,114.0,126.0
saugeen/m/short,naive,1.2302953456028718,0.7678932982488066,127.0,129.0
kdd_cup_2018/h/short,naive,1.2800082967549335,0.5618630829214255,123.0,123.0
kdd_cup_2018/h/medium,naive,1.445873627262752,0.9996707248005586,128.0,128.0
kdd_cup_2018/h/long,naive,1.180184135046071,1.2460511734345183,123.0,128.0
loop_seattle/h/short,naive,1.591891706430253,0.1820636511546452,129.0,129.0
loop_seattle/h/medium,naive,1.776697703849278,0.4576483720674206,127.0,129.0
loop_seattle/h/long,naive,1.751202364766392,0.5564661074073203,126.0,129.0
ett1/h/short,naive,1.8250258188592177,0.4067901701225723,127.0,127.0
ett1/h/medium,naive,2.0328290422336406,0.8414627329278955,126.0,126.0
ett1/h/long,naive,2.2728552413599847,0.986852633420674,126.0,127.0
ett1/d/short,naive,1.7783697877928102,0.4084335779150365,100.0,123.0
covid_deaths/d/short,naive,46.91239825526407,0.1267232783122367,115.0,120.0
m4_quarterly/q/short,naive,1.4770341883914722,0.0943391723614522,119.0,114.0
ett2/15t/short,naive,1.2443102434383635,0.1210734075386641,127.0,127.0
ett2/15t/medium,naive,1.216851599992199,0.2420306513801469,124.0,127.0
ett2/15t/long,naive,1.300946032338565,0.2831258703430578,125.0,127.0
bizitobs_l2c/5t/short,naive,0.2830657721671069,0.0800846069070466,87.0,92.0
bizitobs_l2c/5t/medium,naive,0.8255719817212336,0.3588341373682303,94.0,88.0
bizitobs_l2c/5t/long,naive,1.2484065615509454,0.5919795411117497,110.0,103.0
solar/10t/short,naive,1.4492625864683233,0.9431423497567352,118.0,121.0
solar/10t/medium,naive,2.564335860697831,1.373706540018747,125.0,127.0
solar/10t/long,naive,2.017857283966539,1.5490163371145615,122.0,127.0
temperature_rain/d/short,naive,2.011535765322217,1.2679455200160905,126.0,127.0
m4_hourly/h/short,naive,11.607687602745548,0.1364884999956448,128.0,126.0
m4_daily/d/short,naive,3.278424296610481,0.0243561476483379,58.0,98.0
ett2/h/short,naive,1.0872035620086855,0.1127608016960007,127.0,125.0
ett2/h/medium,naive,1.4275550147417344,0.2947693371079006,124.0,129.0
ett2/h/long,naive,1.3228699351602262,0.3493770970075422,117.0,129.0
car_parts/m/short,naive,1.2125433213650758,2.4999765507853837,121.0,127.0
loop_seattle/5t/short,naive,0.8927905562283007,0.115670819735386,126.0,127.0
loop_seattle/5t/medium,naive,1.9871339455955137,0.3268672871228811,126.0,129.0
loop_seattle/5t/long,naive,1.408835030757464,0.3605186433614601,124.0,129.0
loop_seattle/d/short,naive,1.7323957056549062,0.1032547596878987,125.0,125.0
sz_taxi/15t/short,naive,0.7855968930284677,0.6611611222089492,128.0,128.0
sz_taxi/15t/medium,naive,0.7792049328037046,1.9355403237762072,126.0,127.0
sz_taxi/15t/long,naive,0.742344566525504,2.4019918478793696,121.0,127.0
m_dense/h/short,naive,2.7139864906441935,0.5387397922383297,127.0,127.0
m_dense/h/medium,naive,2.7352300662596214,1.2024808459166658,128.0,127.0
m_dense/h/long,naive,2.855573013916035,1.4425473283951151,127.0,129.0
electricity/15t/short,naive,2.456280689463761,0.22064410727117,127.0,126.0
electricity/15t/medium,naive,3.4575185664171464,0.4298202929628236,128.0,128.0
electricity/15t/long,naive,3.412327584432877,0.4779696439404405,128.0,128.0
saugeen/d/short,naive,3.413049305768806,0.5850141736335629,116.0,121.0
bitbrains_rnd/h/short,naive,5.871568507205478,1.4590277821900182,78.0,129.0
bitbrains_rnd/5t/short,naive,2.0564165206768776,0.8683346368401388,117.0,125.0
bitbrains_rnd/5t/medium,naive,4.774544594207593,2.0082074202220164,116.0,129.0
bitbrains_rnd/5t/long,naive,3.9868856753563806,2.3614946872229625,120.0,129.0
m_dense/d/short,naive,1.6693368812171987,0.226865657394286,127.0,127.0
saugeen/w/short,naive,1.990658004828632,0.7340352210434381,125.0,126.0
jena_weather/h/short,naive,0.6477717456282629,0.3077983594115,116.0,128.0
jena_weather/h/medium,naive,0.8727345201332312,0.9274165841787126,99.0,128.0
jena_weather/h/long,naive,1.4657949793485423,1.1409491476417122,121.0,126.0
bitbrains_fast_storage/h/short,naive,1.4078564206723017,1.2058405212636514,116.0,127.0
kdd_cup_2018/d/short,naive,1.4970343738270926,0.674506129145155,125.0,125.0
sz_taxi/h/short,naive,0.8346056944917577,0.4858205976799266,127.0,126.0
ett1/15t/short,naive,1.9694015637556788,0.3848114505420264,128.0,125.0
ett1/15t/medium,naive,1.8231059347573024,0.6174724527459637,127.0,126.0
ett1/15t/long,naive,2.0446378289055525,0.7155861341837335,126.0,126.0
m4_monthly/m/short,naive,1.205128987689887,0.1293608518757588,116.0,119.0
electricity/w/short,naive,2.0896995064573947,0.0993032024444414,115.0,114.0
bitbrains_fast_storage/5t/short,naive,1.0948146284753992,0.8929464680662709,119.0,126.0
bitbrains_fast_storage/5t/medium,naive,1.271487396616441,2.0491239073790615,114.0,129.0
bitbrains_fast_storage/5t/long,naive,1.190359880620704,2.122607238439539,116.0,129.0
hospital/m/short,naive,0.9676000297092352,0.0863425011664474,122.0,123.0
us_births/w/short,naive,1.5634204337929731,0.0192967961329171,118.0,114.0
us_births/m/short,naive,1.49946000119159,0.0390285878524347,125.0,124.0
jena_weather/10t/short,naive,0.3638272449122593,0.2877233406999913,108.0,127.0
jena_weather/10t/medium,naive,0.7603204747977048,0.8818873317406091,118.0,128.0
jena_weather/10t/long,naive,0.7531930861787588,1.070325463540521,111.0,128.0
electricity/d/short,naive,1.987041399842847,0.1040598709853674,124.0,123.0
bizitobs_application/10s/short,naive,3.763641918540148,0.038218856796682,112.0,113.0
bizitobs_application/10s/medium,naive,6.51945902607138,0.0885345066239,111.0,118.0
bizitobs_application/10s/long,naive,7.207407834346513,0.0973542133411676,111.0,120.0
us_births/d/short,naive,1.8648391912491096,0.1195268656189842,128.0,127.0
restaurant/d/short,naive,1.0060757450046092,0.6770164746085788,125.0,125.0
hierarchical_sales/d/short,naive,1.134803399686105,1.7364572065613717,125.0,126.0
solar/d/short,naive,1.155861190610263,0.5590651164917229,119.0,125.0
solar/h/short,naive,2.0928584989912538,1.329536973647586,128.0,127.0
solar/h/medium,naive,2.120411643361188,2.9763472520215295,128.0,128.0
solar/h/long,naive,2.203647240050593,3.4587368807623573,126.0,127.0
hierarchical_sales/w/short,naive,1.0250133777288335,0.8322267526416594,123.0,126.0
ett2/w/short,naive,0.7785209533197451,0.1336775887076799,37.0,111.0
bizitobs_service/10s/short,naive,2.18868692523134,0.0365962225066831,115.0,115.0
bizitobs_service/10s/medium,naive,3.7066999349383662,0.0952617889651194,112.0,121.0
bizitobs_service/10s/long,naive,3.859549432045509,0.1187942499833391,115.0,123.0
m4_weekly/w/short,naive,2.777295047362158,0.060870394523117,111.0,117.0
electricity/h/short,naive,3.922376436778821,0.2943305500709037,127.0,128.0
electricity/h/medium,naive,4.089287698069245,0.5591833066588809,127.0,128.0
electricity/h/long,naive,4.015252993124353,0.6680188049702744,128.0,127.0
loop_seattle/5t/long,recursive-moirai-2,0.8053411189879284,0.071941510091846,34.0,38.0
loop_seattle/5t/medium,recursive-moirai-2,0.7509190551261977,0.0668234242631783,36.0,41.0
loop_seattle/5t/short,recursive-moirai-2,0.5870016088447293,0.0503179536989747,87.0,81.0
loop_seattle/d/short,recursive-moirai-2,0.8987597606850943,0.0439450815967238,82.0,77.0
loop_seattle/h/long,recursive-moirai-2,0.9611245523381023,0.0674138428961019,89.0,79.0
loop_seattle/h/medium,recursive-moirai-2,0.9374148492052068,0.0667209099337214,74.0,67.0
loop_seattle/h/short,recursive-moirai-2,0.8970052679797422,0.0639918134649395,87.0,80.0
m_dense/d/short,recursive-moirai-2,0.7678203438190989,0.0761847231739648,95.0,91.0
m_dense/h/long,recursive-moirai-2,0.7053756074150658,0.1163141377350836,59.0,55.0
m_dense/h/medium,recursive-moirai-2,0.7038499848674294,0.1160569453907183,62.0,50.0
m_dense/h/short,recursive-moirai-2,0.8205038254724176,0.137385939641626,81.0,77.0
sz_taxi/15t/long,recursive-moirai-2,0.554499519963432,0.2190962942082345,106.0,85.0
sz_taxi/15t/medium,recursive-moirai-2,0.5732635404118742,0.2188212717862968,111.0,92.0
sz_taxi/15t/short,recursive-moirai-2,0.5525434180408628,0.2040145134986077,88.0,79.0
sz_taxi/h/short,recursive-moirai-2,0.5732977314067194,0.1384272354934053,89.0,82.0
bitbrains_fast_storage/5t/long,recursive-moirai-2,0.9748421208269278,0.8776835859734048,85.0,103.0
bitbrains_fast_storage/5t/medium,recursive-moirai-2,1.0521020041237243,0.7154382358337492,80.0,85.0
bitbrains_fast_storage/5t/short,recursive-moirai-2,0.7668525365439366,0.4652140654225999,81.0,98.0
bitbrains_fast_storage/h/short,recursive-moirai-2,1.137444031909766,0.8799832917026997,91.0,113.0
bitbrains_rnd/5t/long,recursive-moirai-2,3.4141586856481223,0.5619570580465839,83.0,8.0
bitbrains_rnd/5t/medium,recursive-moirai-2,4.46422873477115,0.5795696913208458,80.0,7.0
bitbrains_rnd/5t/short,recursive-moirai-2,1.7491494522903157,0.4167719149614084,82.0,60.0
bitbrains_rnd/h/short,recursive-moirai-2,5.898018636033726,0.5875860790762254,89.0,15.0
bizitobs_application/10s/long,recursive-moirai-2,4.12557000068143,0.0534936277435096,99.0,61.0
bizitobs_application/10s/medium,recursive-moirai-2,3.762645786243037,0.0477275325280937,102.0,97.0
bizitobs_application/10s/short,recursive-moirai-2,1.6999953570612631,0.0221496613779233,91.0,93.0
bizitobs_l2c/5t/long,recursive-moirai-2,0.5874285391291217,0.2590763327887064,48.0,42.0
bizitobs_l2c/5t/medium,recursive-moirai-2,0.5164645899853564,0.2162328280178115,39.0,38.0
bizitobs_l2c/5t/short,recursive-moirai-2,0.280902898202469,0.0738942886858645,83.0,59.0
bizitobs_l2c/h/long,recursive-moirai-2,0.6010580544689016,0.2796568273295463,71.0,63.0
bizitobs_l2c/h/medium,recursive-moirai-2,0.5527200445699658,0.2607385553906894,88.0,75.0
bizitobs_l2c/h/short,recursive-moirai-2,0.5221121712135437,0.2177294651692062,85.0,79.0
bizitobs_service/10s/long,recursive-moirai-2,1.760982084478348,0.0560590250672995,95.0,85.0
bizitobs_service/10s/medium,recursive-moirai-2,1.5300319950883978,0.0302206258133335,94.0,73.0
bizitobs_service/10s/short,recursive-moirai-2,0.9518526570570224,0.0157316297564277,85.0,85.0
car_parts/m/short,recursive-moirai-2,0.8443743616122714,0.9803968553151026,48.0,49.0
covid_deaths/d/short,recursive-moirai-2,38.60573916950845,0.0438238919255869,88.0,80.0
electricity/15t/long,recursive-moirai-2,0.949198376138661,0.0824808182139289,83.0,80.0
electricity/15t/medium,recursive-moirai-2,0.8887455189703067,0.0814851318046899,81.0,75.0
electricity/15t/short,recursive-moirai-2,1.044843976668813,0.0905758720585373,69.0,69.0
electricity/d/short,recursive-moirai-2,1.4272302599644229,0.0559848644827507,66.0,62.0
electricity/h/long,recursive-moirai-2,1.1491497209628572,0.0826772986091272,31.0,28.0
electricity/h/medium,recursive-moirai-2,1.0670294161836762,0.0746664215640911,55.0,48.0
electricity/h/short,recursive-moirai-2,0.9473699664177744,0.0657570710507304,62.0,48.0
electricity/w/short,recursive-moirai-2,1.654506247795686,0.0510942792939231,88.0,57.0
ett1/15t/long,recursive-moirai-2,1.130765813829879,0.2505364013915503,100.0,74.0
ett1/15t/medium,recursive-moirai-2,1.0757658057660022,0.2460682911922577,91.0,70.0
ett1/15t/short,recursive-moirai-2,0.714234356480375,0.161957885852678,83.0,63.0
ett1/d/short,recursive-moirai-2,1.7920002605767358,0.2975966475903637,106.0,91.0
ett1/h/long,recursive-moirai-2,1.4272533040837154,0.2778783840600519,89.0,67.0
ett1/h/medium,recursive-moirai-2,1.358778570341143,0.2640322921170731,97.0,66.0
ett1/h/short,recursive-moirai-2,0.8807293320248802,0.1896169418231491,103.0,83.0
ett1/w/short,recursive-moirai-2,1.6220790156967266,0.2785702449798303,88.0,78.0
ett2/15t/long,recursive-moirai-2,0.9302942821240524,0.0986745654411063,81.0,82.0
ett2/15t/medium,recursive-moirai-2,0.9020717563945606,0.0933592840701487,75.0,77.0
ett2/15t/short,recursive-moirai-2,0.7733740277601991,0.0670112584938829,85.0,74.0
ett2/d/short,recursive-moirai-2,1.4853193678087442,0.1050772053707148,108.0,98.0
ett2/h/long,recursive-moirai-2,1.2726272831013383,0.1215194449688822,110.0,93.0
ett2/h/medium,recursive-moirai-2,1.171002871550392,0.1129352971442038,108.0,89.0
ett2/h/short,recursive-moirai-2,0.7714256744996849,0.0666189538038685,95.0,84.0
ett2/w/short,recursive-moirai-2,0.9442913312802932,0.1040759077056071,86.0,91.0
hierarchical_sales/d/short,recursive-moirai-2,0.7437267121368704,0.5738372707767471,38.0,44.0
hierarchical_sales/w/short,recursive-moirai-2,0.7241692049750894,0.3470040425749196,62.0,57.0
hospital/m/short,recursive-moirai-2,0.7869404971286083,0.0574879150168948,91.0,98.0
jena_weather/10t/long,recursive-moirai-2,0.7302628961313329,0.0578372363512218,105.0,87.0
jena_weather/10t/medium,recursive-moirai-2,0.6802057877879266,0.0528589575258121,101.0,81.0
jena_weather/10t/short,recursive-moirai-2,0.3197697699068367,0.0311920369506968,89.0,77.0
jena_weather/d/short,recursive-moirai-2,1.0440738830890044,0.0468908279607228,48.0,59.0
jena_weather/h/long,recursive-moirai-2,1.0652283649481262,0.0774895292592299,89.0,105.0
jena_weather/h/medium,recursive-moirai-2,0.873654339598499,0.0650853285390702,100.0,101.0
jena_weather/h/short,recursive-moirai-2,0.5533700184836807,0.0455221598240427,89.0,92.0
kdd_cup_2018/d/short,recursive-moirai-2,1.180950795758338,0.3682725306054217,24.0,13.0
kdd_cup_2018/h/long,recursive-moirai-2,0.9353399880741896,0.4147058978313544,21.0,22.0
kdd_cup_2018/h/medium,recursive-moirai-2,0.9918522541537006,0.4119084768983331,24.0,29.0
kdd_cup_2018/h/short,recursive-moirai-2,0.8761921269701815,0.3545822646536229,23.0,23.0
m4_daily/d/short,recursive-moirai-2,6.420093485712983,0.0490895433424216,126.0,126.0
m4_hourly/h/short,recursive-moirai-2,0.7784874806281308,0.0308952785662417,60.0,98.0
m4_monthly/m/short,recursive-moirai-2,0.9756264498080616,0.0966580623413871,83.0,76.0
m4_quarterly/q/short,recursive-moirai-2,1.2819336693108152,0.0810310197240612,95.0,87.0
m4_weekly/w/short,recursive-moirai-2,2.504642040300616,0.043049630344445,98.0,85.0
m4_yearly/a/short,recursive-moirai-2,4.580753892577971,0.1474700558819429,118.0,110.0
restaurant/d/short,recursive-moirai-2,0.6810425817480822,0.2555068248506096,46.0,40.0
saugeen/d/short,recursive-moirai-2,2.9527032366919523,0.360443074178123,68.0,71.0
saugeen/m/short,recursive-moirai-2,0.7429294610316842,0.2991250957936766,72.0,66.0
saugeen/w/short,recursive-moirai-2,1.1509415280710926,0.3587733805253938,19.0,54.0
solar/10t/long,recursive-moirai-2,0.8981886371295007,0.3447475624531609,84.0,72.0
solar/10t/medium,recursive-moirai-2,0.8751279434350918,0.3430794107361935,72.0,68.0
solar/10t/short,recursive-moirai-2,0.935837958331527,0.4764150821885466,60.0,56.0
solar/d/short,recursive-moirai-2,0.9830175224407356,0.2920954431547465,64.0,93.0
solar/h/long,recursive-moirai-2,1.0310340915612264,0.373399007313371,99.0,90.0
solar/h/medium,recursive-moirai-2,0.9853962408125612,0.3733902925377155,104.0,99.0
solar/h/short,recursive-moirai-2,0.9358630832813252,0.3696058147772146,105.0,101.0
solar/w/short,recursive-moirai-2,1.6079068081287324,0.2330293442241137,111.0,108.0
temperature_rain/d/short,recursive-moirai-2,1.3608431264806145,0.5679955060433296,68.0,79.0
us_births/d/short,recursive-moirai-2,0.5576973805748324,0.0280868165190298,110.0,105.0
us_births/m/short,recursive-moirai-2,0.7973049941001963,0.0160726991244679,99.0,86.0
us_births/w/short,recursive-moirai-2,1.20629135953812,0.0144245190168485,84.0,82.0
bitbrains_fast_storage/h/short,seasonal_naive,1.298512456963805,1.0222395520114795,107.0,120.0
solar/h/short,seasonal_naive,0.9519362458316396,0.5916559631947232,107.0,124.0
solar/h/medium,seasonal_naive,0.9349685908749716,0.9459874672135314,92.0,124.0
solar/h/long,seasonal_naive,1.071196647792778,1.0779764182077312,105.0,125.0
m_dense/d/short,seasonal_naive,1.6693368812171987,0.226865657394286,127.0,127.0
ett2/h/short,seasonal_naive,0.9231678277377344,0.0889528918509548,118.0,119.0
ett2/h/medium,seasonal_naive,1.2384249730532626,0.1862050814081793,111.0,122.0
ett2/h/long,seasonal_naive,1.1284016697207502,0.2079063322576858,97.0,124.0
ett2/d/short,seasonal_naive,1.3901143157307532,0.1533110021305043,88.0,122.0
electricity/15t/short,seasonal_naive,1.7170601412372184,0.1648926150007184,120.0,117.0
electricity/15t/medium,seasonal_naive,1.1507882041044135,0.1127548528008427,114.0,114.0
electricity/15t/long,seasonal_naive,1.1635317075319347,0.1125533242605524,113.0,112.0
bitbrains_rnd/h/short,seasonal_naive,6.0373618687533925,1.243217095339053,105.0,125.0
loop_seattle/h/short,seasonal_naive,1.2928412613913995,0.1042350843872737,125.0,123.0
loop_seattle/h/medium,seasonal_naive,1.4805126192799751,0.1620809074329998,124.0,125.0
loop_seattle/h/long,seasonal_naive,1.5460268753677606,0.1870945019708437,124.0,124.0
solar/w/short,seasonal_naive,1.4703506784640206,0.2097476281318676,105.0,103.0
bizitobs_application/10s/short,seasonal_naive,2.2423302386755415,0.0348386824700545,100.0,111.0
bizitobs_application/10s/medium,seasonal_naive,2.6914183385868085,0.0426891239442242,88.0,86.0
bizitobs_application/10s/long,seasonal_naive,3.2063450561622804,0.0457309022815504,48.0,15.0
bizitobs_service/10s/short,seasonal_naive,1.225305042620374,0.0399823399335173,97.0,117.0
bizitobs_service/10s/medium,seasonal_naive,1.3205790727650968,0.0475583129258158,89.0,103.0
bizitobs_service/10s/long,seasonal_naive,1.367193469742303,0.0534529958474021,63.0,69.0
bizitobs_l2c/5t/short,seasonal_naive,0.9860210805885202,0.262068386237387,128.0,129.0
bizitobs_l2c/5t/medium,seasonal_naive,1.2435997989335994,0.5203917750796179,127.0,122.0
bizitobs_l2c/5t/long,seasonal_naive,1.4542830442631411,0.6484921267253538,128.0,110.0
ett2/w/short,seasonal_naive,0.7785209533197451,0.1336775887076799,37.0,111.0
loop_seattle/5t/short,seasonal_naive,0.7623397118337274,0.0808320256846304,113.0,119.0
loop_seattle/5t/medium,seasonal_naive,1.1532851467900649,0.1172793799858561,114.0,112.0
loop_seattle/5t/long,seasonal_naive,1.2506857542807588,0.1271665608799627,117.0,115.0
loop_seattle/d/short,seasonal_naive,1.7323957056549062,0.1032547596878987,125.0,125.0
bitbrains_rnd/5t/short,seasonal_naive,1.9708126376716957,1.1015904440824371,108.0,129.0
bitbrains_rnd/5t/medium,seasonal_naive,4.542392314855541,1.169291300089368,97.0,123.0
bitbrains_rnd/5t/long,seasonal_naive,3.501257904408163,1.175220506770106,94.0,123.0
electricity/w/short,seasonal_naive,2.0896995064573947,0.0993032024444414,115.0,114.0
solar/d/short,seasonal_naive,1.155861190610263,0.5590651164917229,119.0,125.0
ett1/h/short,seasonal_naive,0.9773176243434534,0.2403684410783377,120.0,117.0
ett1/h/medium,seasonal_naive,1.5678007461285397,0.4349118298516912,119.0,121.0
ett1/h/long,seasonal_naive,1.4787012870437326,0.4710624898954288,109.0,122.0
temperature_rain/d/short,seasonal_naive,2.011535765322217,1.2679455200160905,126.0,127.0
saugeen/w/short,seasonal_naive,1.990658004828632,0.7340352210434381,125.0,126.0
covid_deaths/d/short,seasonal_naive,46.91239825526407,0.1267232783122367,115.0,120.0
us_births/d/short,seasonal_naive,1.8648391912491096,0.1195268656189842,128.0,127.0
m4_weekly/w/short,seasonal_naive,2.777295047362158,0.060870394523117,111.0,117.0
car_parts/m/short,seasonal_naive,1.2014638390969912,1.7217438941460104,119.0,123.0
sz_taxi/h/short,seasonal_naive,0.7381672994945998,0.2138249411201367,125.0,124.0
ett1/15t/short,seasonal_naive,0.9341549587802876,0.2413639493856734,119.0,116.0
ett1/15t/medium,seasonal_naive,1.188305978388322,0.3215511694978639,109.0,106.0
ett1/15t/long,seasonal_naive,1.190885705867336,0.3401793468576481,107.0,111.0
saugeen/m/short,seasonal_naive,0.9763741730697156,0.4450846286544009,122.0,122.0
us_births/m/short,seasonal_naive,0.7605310792868888,0.0168255968147924,89.0,94.0
m4_quarterly/q/short,seasonal_naive,1.602247174616002,0.098053975484664,120.0,118.0
ett1/w/short,seasonal_naive,1.7689207877683926,0.3118251468740881,117.0,104.0
saugeen/d/short,seasonal_naive,3.413049305768806,0.5850141736335629,116.0,121.0
electricity/h/short,seasonal_naive,1.3577726051465433,0.1056649951847406,121.0,121.0
electricity/h/medium,seasonal_naive,1.3924537851702354,0.1273870117989221,121.0,120.0
electricity/h/long,seasonal_naive,1.5240786163496851,0.1534183975622793,119.0,121.0
ett1/d/short,seasonal_naive,1.7783697877928102,0.4084335779150365,100.0,123.0
bizitobs_l2c/h/short,seasonal_naive,1.214064126760004,0.5211675771895117,127.0,124.0
bizitobs_l2c/h/medium,seasonal_naive,1.5102861226255864,0.9042051354742672,127.0,128.0
bizitobs_l2c/h/long,seasonal_naive,1.4260541525613812,0.941065124237754,124.0,127.0
hospital/m/short,seasonal_naive,0.9205278266364826,0.0624881765159649,121.0,107.0
m4_daily/d/short,seasonal_naive,3.278424296610481,0.0243561476483379,58.0,98.0
bitbrains_fast_storage/5t/short,seasonal_naive,1.1360241737534569,1.210386425305063,120.0,129.0
bitbrains_fast_storage/5t/medium,seasonal_naive,1.2202713595882653,1.1979128978088514,108.0,124.0
bitbrains_fast_storage/5t/long,seasonal_naive,1.1366422318753115,1.1773077032683998,108.0,123.0
ett2/15t/short,seasonal_naive,1.067314800011479,0.0963843877563866,123.0,119.0
ett2/15t/medium,seasonal_naive,1.0512391501712754,0.1241287779816198,111.0,114.0
ett2/15t/long,seasonal_naive,1.0126577751121104,0.132824447656953,106.0,115.0
jena_weather/10t/short,seasonal_naive,0.7428874675800381,0.1552009237568104,123.0,125.0
jena_weather/10t/medium,seasonal_naive,0.7160100391723763,0.2118360900851282,111.0,125.0
jena_weather/10t/long,seasonal_naive,0.7614923703210493,0.2371949131202996,114.0,124.0
jena_weather/d/short,seasonal_naive,1.5734140297468562,0.2105908566035542,114.0,126.0
us_births/w/short,seasonal_naive,1.5634204337929731,0.0192967961329171,118.0,114.0
m_dense/h/short,seasonal_naive,1.4875444172240992,0.2747978693396913,123.0,123.0
m_dense/h/medium,seasonal_naive,1.569946511898904,0.3773835994986822,124.0,124.0
m_dense/h/long,seasonal_naive,1.4779178744488215,0.4189507904607682,123.0,125.0
kdd_cup_2018/d/short,seasonal_naive,1.4970343738270926,0.674506129145155,125.0,125.0
electricity/d/short,seasonal_naive,1.987041399842847,0.1040598709853674,124.0,123.0
restaurant/d/short,seasonal_naive,1.0060757450046092,0.6770164746085788,125.0,125.0
jena_weather/h/short,seasonal_naive,0.7229102185557323,0.1542078878752216,121.0,124.0
jena_weather/h/medium,seasonal_naive,0.8886133410507664,0.3428055217231077,109.0,125.0
jena_weather/h/long,seasonal_naive,1.267717847392006,0.4191434013080857,114.0,125.0
m4_monthly/m/short,seasonal_naive,1.259717038974429,0.1219206366482935,120.0,116.0
hierarchical_sales/d/short,seasonal_naive,1.134803399686105,1.7364572065613717,125.0,126.0
m4_hourly/h/short,seasonal_naive,1.1932101877276544,0.0375725514721219,103.0,112.0
m4_yearly/a/short,seasonal_naive,3.965954931783283,0.1371456574098349,110.0,103.0
hierarchical_sales/w/short,seasonal_naive,1.0250133777288335,0.8322267526416594,123.0,126.0
kdd_cup_2018/h/short,seasonal_naive,1.340425278558367,0.547536580422314,127.0,121.0
kdd_cup_2018/h/medium,seasonal_naive,1.4289997072062277,0.7587892026846513,125.0,124.0
kdd_cup_2018/h/long,seasonal_naive,1.3355336658089667,0.9362833347539716,125.0,123.0
sz_taxi/15t/short,seasonal_naive,0.7644167735543712,0.3087068505119876,126.0,125.0
sz_taxi/15t/medium,seasonal_naive,0.7134840540400068,0.379172158612487,124.0,125.0
sz_taxi/15t/long,seasonal_naive,0.6909431344941248,0.4279704063043717,119.0,125.0
solar/10t/short,seasonal_naive,1.1057028063509833,0.8595386998005952,89.0,116.0
solar/10t/medium,seasonal_naive,0.9270005404761702,0.6550635536405177,89.0,112.0
solar/10t/long,seasonal_naive,0.8709317964102903,0.6738494837655387,77.0,112.0
loop_seattle/5t/short,sundial_base_128m,0.5418677171663021,0.0496514837795298,36.0,74.0
loop_seattle/5t/medium,sundial_base_128m,0.8196109744635476,0.0774367286819119,74.0,75.0
loop_seattle/5t/long,sundial_base_128m,0.8928347181609574,0.0844976053834093,77.0,80.0
loop_seattle/d/short,sundial_base_128m,0.8995514672181137,0.0471408326784013,83.0,103.0
loop_seattle/h/short,sundial_base_128m,0.8804201037957281,0.066568320372834,81.0,93.0
loop_seattle/h/medium,sundial_base_128m,1.0140278217947962,0.0752987148522233,97.0,97.0
loop_seattle/h/long,sundial_base_128m,0.9871012881124152,0.0722390965179178,97.0,92.0
m_dense/d/short,sundial_base_128m,0.681301001844435,0.0667818156593893,61.0,62.0
m_dense/h/short,sundial_base_128m,0.7911527641202473,0.1332013739663772,65.0,69.0
m_dense/h/medium,sundial_base_128m,0.7587427424857901,0.1282044702426012,89.0,82.0
m_dense/h/long,sundial_base_128m,0.7708725770495878,0.1303768565994658,83.0,81.0
sz_taxi/15t/short,sundial_base_128m,0.5537644512663443,0.2233087287446781,90.0,106.0
sz_taxi/15t/medium,sundial_base_128m,0.5632305341689838,0.2279311941548681,104.0,99.0
sz_taxi/15t/long,sundial_base_128m,0.5372017514900559,0.2210724128748929,98.0,89.0
sz_taxi/h/short,sundial_base_128m,0.581415842067849,0.1539936485059681,103.0,109.0
bitbrains_fast_storage/5t/short,sundial_base_128m,0.7400817080132996,0.4616509497480503,74.0,93.0
bitbrains_fast_storage/5t/medium,sundial_base_128m,1.107871728301013,0.7275862010337261,96.0,87.0
bitbrains_fast_storage/5t/long,sundial_base_128m,1.0110702542831842,0.8112800068833039,98.0,93.0
bitbrains_fast_storage/h/short,sundial_base_128m,1.1499014166635186,0.7644337983354259,93.0,97.0
bitbrains_rnd/5t/short,sundial_base_128m,1.7146683452862683,0.4333540309915635,76.0,76.0
bitbrains_rnd/5t/medium,sundial_base_128m,4.562192427864367,0.7302818091340633,98.0,100.0
bitbrains_rnd/5t/long,sundial_base_128m,3.5224942814874347,0.7151753520857796,98.0,87.0
bitbrains_rnd/h/short,sundial_base_128m,5.979679667159194,0.7254302314523267,100.0,103.0
bizitobs_application/10s/short,sundial_base_128m,1.4287244579270495,0.0162992402796462,79.0,83.0
bizitobs_application/10s/medium,sundial_base_128m,2.856535846734542,0.0456523489096267,91.0,93.0
bizitobs_application/10s/long,sundial_base_128m,3.705243579739328,0.0614481599561253,89.0,101.0
bizitobs_l2c/5t/short,sundial_base_128m,0.2481098037784186,0.0669829680639304,33.0,32.0
bizitobs_l2c/5t/medium,sundial_base_128m,0.5301663187479796,0.2341061041320845,46.0,47.0
bizitobs_l2c/5t/long,sundial_base_128m,0.6350142264434739,0.3100932988678433,60.0,68.0
bizitobs_l2c/h/short,sundial_base_128m,0.4764393762735541,0.2228493280644269,67.0,83.0
bizitobs_l2c/h/medium,sundial_base_128m,0.550211607426368,0.2763385372212042,87.0,82.0
bizitobs_l2c/h/long,sundial_base_128m,0.6649538160803763,0.3248376979085573,92.0,87.0
bizitobs_service/10s/short,sundial_base_128m,0.8388123634083924,0.016323560876514,72.0,88.0
bizitobs_service/10s/medium,sundial_base_128m,1.2720799283158783,0.0439921805624936,85.0,95.0
bizitobs_service/10s/long,sundial_base_128m,1.457287860964514,0.0568448904241987,81.0,92.0
car_parts/m/short,sundial_base_128m,0.9567785611036184,1.1888484578014162,101.0,108.0
covid_deaths/d/short,sundial_base_128m,60.37512053436367,0.1310639488942473,125.0,122.0
electricity/15t/short,sundial_base_128m,0.8949515637448004,0.083614551536036,20.0,52.0
electricity/15t/medium,sundial_base_128m,0.8541111431489306,0.0822344043680592,64.0,76.0
electricity/15t/long,sundial_base_128m,0.9062450146418704,0.0822060533974962,70.0,78.0
electricity/d/short,sundial_base_128m,1.4558630961996544,0.0637861337580781,80.0,96.0
electricity/h/short,sundial_base_128m,0.9319139633483812,0.0693888009177783,54.0,72.0
electricity/h/medium,sundial_base_128m,0.9934519730818584,0.0798748244223144,7.0,72.0
electricity/h/long,sundial_base_128m,1.0753938178294975,0.0929800529037864,7.0,73.0
electricity/w/short,sundial_base_128m,1.614482091997285,0.0720188355633119,81.0,101.0
ett1/15t/short,sundial_base_128m,0.7097059923931616,0.177346765109939,80.0,90.0
ett1/15t/medium,sundial_base_128m,1.0667045190646924,0.2599939605277198,88.0,83.0
ett1/15t/long,sundial_base_128m,1.0882545863507582,0.2526629588207522,90.0,76.0
ett1/d/short,sundial_base_128m,1.9033811160400669,0.3729444829198183,119.0,116.0
ett1/h/short,sundial_base_128m,0.8294853844046632,0.1902428669753556,68.0,85.0
ett1/h/medium,sundial_base_128m,1.287646484989819,0.2691033786548276,67.0,74.0
ett1/h/long,sundial_base_128m,1.4054141627728294,0.2827083326570119,75.0,72.0
ett1/w/short,sundial_base_128m,1.8430188542279329,0.4039464354923995,120.0,123.0
ett2/15t/short,sundial_base_128m,0.7473446713848775,0.0686564385978035,60.0,81.0
ett2/15t/medium,sundial_base_128m,0.9071844187960826,0.0957543216760796,77.0,83.0
ett2/15t/long,sundial_base_128m,0.9212435305526608,0.097674820032303,78.0,80.0
ett2/d/short,sundial_base_128m,1.50709571753811,0.1026415265257265,109.0,93.0
ett2/h/short,sundial_base_128m,0.7705117287530697,0.0720616605366869,94.0,99.0
ett2/h/medium,sundial_base_128m,1.11502643965467,0.1136183531700855,99.0,90.0
ett2/h/long,sundial_base_128m,1.1394240030514895,0.1168439160691367,99.0,86.0
ett2/w/short,sundial_base_128m,0.936457900086336,0.0982279855252889,84.0,82.0
hierarchical_sales/d/short,sundial_base_128m,0.7895142034181349,0.6491728654993807,114.0,109.0
hierarchical_sales/w/short,sundial_base_128m,0.7509810161145285,0.390210413147802,96.0,106.0
hospital/m/short,sundial_base_128m,0.8373906478027656,0.0609090196118886,117.0,104.0
jena_weather/10t/short,sundial_base_128m,0.2972308027391687,0.0308346070923093,76.0,75.0
jena_weather/10t/medium,sundial_base_128m,0.638583318706897,0.0541984801748506,85.0,83.0
jena_weather/10t/long,sundial_base_128m,0.6789694776833581,0.0559618691419076,92.0,83.0
jena_weather/d/short,sundial_base_128m,0.9311451482969424,0.0478990373571762,4.0,68.0
jena_weather/h/short,sundial_base_128m,0.538848642518242,0.0496460224525243,79.0,103.0
jena_weather/h/medium,sundial_base_128m,0.8685233040993711,0.0583787174072234,97.0,86.0
jena_weather/h/long,sundial_base_128m,1.0881605488875692,0.0657275623788261,97.0,86.0
kdd_cup_2018/d/short,sundial_base_128m,1.1735723109796423,0.3956485663531878,13.0,101.0
kdd_cup_2018/h/short,sundial_base_128m,0.8005728901664165,0.3514852483675335,18.0,20.0
kdd_cup_2018/h/medium,sundial_base_128m,0.8408122037406998,0.377101024069857,13.0,18.0
kdd_cup_2018/h/long,sundial_base_128m,0.7747499424036353,0.3747144138264249,11.0,16.0
m4_daily/d/short,sundial_base_128m,3.714947083199855,0.0266396465232694,111.0,107.0
m4_hourly/h/short,sundial_base_128m,0.8692680665321981,0.0229809940799739,79.0,58.0
m4_monthly/m/short,sundial_base_128m,1.0992059769425646,0.1162578099550247,110.0,114.0
m4_quarterly/q/short,sundial_base_128m,1.4574114966025733,0.0930524818903939,113.0,112.0
m4_weekly/w/short,sundial_base_128m,2.39610125632833,0.0434533227452716,89.0,87.0
m4_yearly/a/short,sundial_base_128m,4.329944223633436,0.1600131695818998,116.0,119.0
restaurant/d/short,sundial_base_128m,0.7043214521479607,0.2856917953281462,91.0,105.0
saugeen/d/short,sundial_base_128m,2.783229391019545,0.3791559457651823,39.0,83.0
saugeen/m/short,sundial_base_128m,0.7528023615422877,0.3319812578629679,82.0,102.0
saugeen/w/short,sundial_base_128m,1.1982786164986492,0.4057619792144697,55.0,88.0
solar/10t/short,sundial_base_128m,0.8373387888683936,0.4444252264450095,36.0,48.0
solar/10t/medium,sundial_base_128m,0.940830415196118,0.3726298978462091,92.0,83.0
solar/10t/long,sundial_base_128m,0.9494114377480228,0.3648130201629169,91.0,85.0
solar/d/short,sundial_base_128m,1.0812809630437707,0.3237486423313621,116.0,105.0
solar/h/short,sundial_base_128m,0.7869252373242515,0.3286122560749378,36.0,64.0
solar/h/medium,sundial_base_128m,0.766729353250346,0.3091999352745588,25.0,46.0
solar/h/long,sundial_base_128m,0.7493449101098908,0.2930377223939998,23.0,36.0
solar/w/short,sundial_base_128m,0.9808747227904372,0.1478253184985092,21.0,48.0
temperature_rain/d/short,sundial_base_128m,1.429880420844037,0.6199938727217345,101.0,103.0
us_births/d/short,sundial_base_128m,0.3886940244462994,0.0215782553198688,71.0,72.0
us_births/m/short,sundial_base_128m,1.158132553474985,0.0282997082969116,119.0,120.0
us_births/w/short,sundial_base_128m,1.362387484772567,0.0173419250939806,100.0,105.0
bitbrains_fast_storage/5t/long,t0-alpha,0.9058254071353408,0.63711427645938,59.0,21.0
bitbrains_fast_storage/5t/medium,t0-alpha,0.9997340931708796,0.5790087689965646,67.0,10.0
bitbrains_fast_storage/5t/short,t0-alpha,0.6772837905388901,0.3783763659897705,48.0,34.0
bitbrains_fast_storage/h/short,t0-alpha,1.073843980664653,0.5821196784979719,69.0,18.0
bitbrains_rnd/5t/long,t0-alpha,3.3778108380604475,0.5944542787705434,71.0,24.0
bitbrains_rnd/5t/medium,t0-alpha,4.415715736134182,0.620476799132451,66.0,48.0
bitbrains_rnd/5t/short,t0-alpha,1.6459581354883357,0.4009397511421258,53.0,47.0
bitbrains_rnd/h/short,t0-alpha,5.790014106288909,0.5856923106646543,31.0,13.0
bizitobs_application/10s/long,t0-alpha,3.185167374922166,0.0509277426688578,44.0,32.0
bizitobs_application/10s/medium,t0-alpha,2.4669974557774745,0.0376772807725138,63.0,56.0
bizitobs_application/10s/short,t0-alpha,1.2717204177976773,0.0121968541825498,72.0,68.0
bizitobs_l2c/5t/long,t0-alpha,0.6894356128619327,0.3041695936325458,72.0,66.0
bizitobs_l2c/5t/medium,t0-alpha,0.613990403968876,0.2472134624097021,65.0,58.0
bizitobs_l2c/5t/short,t0-alpha,0.2688469896105201,0.0709578885502975,57.0,50.0
bizitobs_l2c/h/long,t0-alpha,0.5591674905798915,0.256512022639443,40.0,35.0
bizitobs_l2c/h/medium,t0-alpha,0.5120303476330361,0.243965107999756,72.0,61.0
bizitobs_l2c/h/short,t0-alpha,0.4688355424759434,0.1949929487887167,62.0,59.0
bizitobs_service/10s/long,t0-alpha,1.442543258472649,0.0512055694455656,80.0,28.0
bizitobs_service/10s/medium,t0-alpha,1.1569974513598995,0.0240821406766528,73.0,51.0
bizitobs_service/10s/short,t0-alpha,0.8210650791591049,0.0127097103671222,68.0,65.0
car_parts/m/short,t0-alpha,0.8510588999161471,1.0011703833843952,55.0,63.0
covid_deaths/d/short,t0-alpha,41.05591386647716,0.0576487887887738,95.0,92.0
electricity/15t/long,t0-alpha,0.9043474113891026,0.0778576746701696,68.0,67.0
electricity/15t/medium,t0-alpha,0.855529877653317,0.0762768398602326,66.0,56.0
electricity/15t/short,t0-alpha,1.0847091288508637,0.0952044322098643,87.0,84.0
electricity/d/short,t0-alpha,1.3867524253705443,0.0538576264894424,42.0,30.0
electricity/h/long,t0-alpha,1.140905060532559,0.0769334278331446,26.0,10.0
electricity/h/medium,t0-alpha,1.0608798814308142,0.0712808714191857,47.0,11.0
electricity/h/short,t0-alpha,0.950493662574336,0.0667306640149261,64.0,54.0
electricity/w/short,t0-alpha,1.4929089895072087,0.0562040397225012,54.0,77.0
ett1/15t/long,t0-alpha,1.096765133179537,0.2545434726749103,92.0,78.0
ett1/15t/medium,t0-alpha,1.0413057492262687,0.2453283856005024,80.0,69.0
ett1/15t/short,t0-alpha,0.697140524351603,0.1632604985290188,71.0,65.0
ett1/d/short,t0-alpha,1.831636531632409,0.2983903517436709,111.0,93.0
ett1/h/long,t0-alpha,1.4949241731078575,0.3031221364338006,112.0,90.0
ett1/h/medium,t0-alpha,1.4776897136937828,0.297002994668184,117.0,100.0
ett1/h/short,t0-alpha,0.8709920375239175,0.1915525921137086,102.0,87.0
ett1/w/short,t0-alpha,1.5766359289278635,0.2625627066448549,63.0,51.0
ett2/15t/long,t0-alpha,0.9147713084781972,0.094056404878154,74.0,69.0
ett2/15t/medium,t0-alpha,0.8905738212740278,0.0909746442874452,71.0,65.0
ett2/15t/short,t0-alpha,0.7349021673165578,0.0637574460224362,49.0,47.0
ett2/d/short,t0-alpha,1.462109101220583,0.0984588001365321,105.0,86.0
ett2/h/long,t0-alpha,1.061381038446139,0.1060667452389702,71.0,56.0
ett2/h/medium,t0-alpha,1.0170930498335176,0.0999355296149647,33.0,13.0
ett2/h/short,t0-alpha,0.716221430023452,0.0618032834283976,12.0,9.0
ett2/w/short,t0-alpha,0.9319821674697012,0.0968647577473851,83.0,79.0
hierarchical_sales/d/short,t0-alpha,0.7439926344088075,0.5717101963694424,39.0,35.0
hierarchical_sales/w/short,t0-alpha,0.7380697640134997,0.3590712780068866,82.0,88.0
hospital/m/short,t0-alpha,0.7749199446050634,0.0546420483838061,72.0,84.0
jena_weather/10t/long,t0-alpha,0.6588547069290699,0.0482685990048704,75.0,40.0
jena_weather/10t/medium,t0-alpha,0.5954252716600518,0.0469487365748408,44.0,32.0
jena_weather/10t/short,t0-alpha,0.2693881958267021,0.0272438221586849,40.0,35.0
jena_weather/d/short,t0-alpha,1.0707831086983974,0.0519791363819825,61.0,90.0
jena_weather/h/long,t0-alpha,0.8339152685445789,0.053118887606566,12.0,26.0
jena_weather/h/medium,t0-alpha,0.7647698974450585,0.0508394221558067,37.0,48.0
jena_weather/h/short,t0-alpha,0.5357026810461736,0.0415752834178188,74.0,46.0
kdd_cup_2018/d/short,t0-alpha,1.212922869021782,0.3835529161605626,97.0,86.0
kdd_cup_2018/h/long,t0-alpha,0.9974654183248228,0.4357885279445359,31.0,32.0
kdd_cup_2018/h/medium,t0-alpha,1.0173647685354283,0.4115804716563842,27.0,28.0
kdd_cup_2018/h/short,t0-alpha,0.9120606316744518,0.3643083180410478,26.0,27.0
loop_seattle/5t/long,t0-alpha,0.8116398624712093,0.0718047623971274,37.0,37.0
loop_seattle/5t/medium,t0-alpha,0.7692744153748658,0.0679508491067268,52.0,48.0
loop_seattle/5t/short,t0-alpha,0.5657581502849304,0.0480772023422955,73.0,58.0
loop_seattle/d/short,t0-alpha,0.8924434435950317,0.0436140204813835,76.0,73.0
loop_seattle/h/long,t0-alpha,0.8746681184066684,0.0591593029740989,55.0,39.0
loop_seattle/h/medium,t0-alpha,0.8855716917978337,0.0605704666791496,38.0,35.0
loop_seattle/h/short,t0-alpha,0.8172024738991391,0.0569766882274128,49.0,42.0
m4_daily/d/short,t0-alpha,3.4091027324226895,0.0219781696193269,89.0,60.0
m4_hourly/h/short,t0-alpha,0.910019512601046,0.0205130593769772,82.0,40.0
m4_monthly/m/short,t0-alpha,0.9932011370175448,0.0968523220988412,91.0,77.0
m4_quarterly/q/short,t0-alpha,1.3475868904473038,0.0815614119804203,104.0,90.0
m4_weekly/w/short,t0-alpha,2.238328600340767,0.0390731242360962,77.0,63.0
m4_yearly/a/short,t0-alpha,3.556148044284554,0.1208852970798609,92.0,78.0
m_dense/d/short,t0-alpha,0.6920302536673124,0.0686548460121904,67.0,69.0
m_dense/h/long,t0-alpha,0.6780586667538727,0.1126645404187281,31.0,33.0
m_dense/h/medium,t0-alpha,0.6822774906313188,0.1133849969421167,39.0,41.0
m_dense/h/short,t0-alpha,0.8114223865727306,0.1341630147580849,79.0,74.0
restaurant/d/short,t0-alpha,0.6746684080523234,0.2538028868454853,10.0,20.0
saugeen/d/short,t0-alpha,2.9944430215135625,0.3524785127260781,77.0,61.0
saugeen/m/short,t0-alpha,0.7393223991448798,0.2913883882941325,68.0,50.0
saugeen/w/short,t0-alpha,1.12521149417145,0.334250256616627,10.0,9.0
solar/10t/long,t0-alpha,0.8207651068258368,0.3159905496500432,58.0,53.0
solar/10t/medium,t0-alpha,0.849708831253729,0.3375642561818273,65.0,64.0
solar/10t/short,t0-alpha,0.9413156511480308,0.4915768142339758,62.0,62.0
solar/d/short,t0-alpha,0.9905555452707628,0.2744312867514218,78.0,45.0
solar/h/long,t0-alpha,1.016541238208296,0.3434317093250674,94.0,72.0
solar/h/medium,t0-alpha,1.0083975859299956,0.3597311127524196,107.0,90.0
solar/h/short,t0-alpha,0.93316976644116,0.3394702302973849,102.0,80.0
solar/w/short,t0-alpha,1.2561893034586058,0.1759425956942602,86.0,86.0
sz_taxi/15t/long,t0-alpha,0.5010028070887389,0.1943418503901918,2.0,6.0
sz_taxi/15t/medium,t0-alpha,0.5326280415710155,0.2000200562552395,11.0,9.0
sz_taxi/15t/short,t0-alpha,0.545442472017606,0.2007298056119749,61.0,52.0
sz_taxi/h/short,t0-alpha,0.562276724100809,0.1359548967445467,53.0,58.0
temperature_rain/d/short,t0-alpha,1.3715358519332266,0.5648904083542564,80.0,75.0
us_births/d/short,t0-alpha,0.3425424983494043,0.0181406759508575,48.0,49.0
us_births/m/short,t0-alpha,0.4507121955658704,0.0112257279214968,8.0,13.0
us_births/w/short,t0-alpha,1.1677116453866314,0.0134270455663535,79.0,75.0
bitbrains_fast_storage/5t/long,tabpfn_ts,1.1526641321691184,0.8850161893008147,112.0,104.0
bitbrains_fast_storage/5t/medium,tabpfn_ts,1.307633919865287,0.9486319340358308,116.0,119.0
bitbrains_fast_storage/5t/short,tabpfn_ts,0.9980513501588254,0.6618188415356218,111.0,121.0
bitbrains_fast_storage/h/short,tabpfn_ts,1.1840948063141727,0.6698861614157302,100.0,75.0
bitbrains_rnd/5t/long,tabpfn_ts,3.874637617567236,0.8191243201309302,117.0,106.0
bitbrains_rnd/5t/medium,tabpfn_ts,4.831154957418062,0.8190933026377596,120.0,110.0
bitbrains_rnd/5t/short,tabpfn_ts,2.0308800366527606,0.607620615332135,114.0,118.0
bitbrains_rnd/h/short,tabpfn_ts,6.680151206331231,0.7424817493089628,123.0,106.0
bizitobs_application/10s/long,tabpfn_ts,3.094252917003883,0.0485644785270717,29.0,22.0
bizitobs_application/10s/medium,tabpfn_ts,2.490061805199081,0.0407803567606178,71.0,77.0
bizitobs_application/10s/short,tabpfn_ts,1.263384822147888,0.0148497296906752,71.0,78.0
bizitobs_l2c/5t/long,tabpfn_ts,0.6649990805871352,0.3059204801306481,70.0,67.0
bizitobs_l2c/5t/medium,tabpfn_ts,0.6375318293573421,0.2612696761653268,71.0,70.0
bizitobs_l2c/5t/short,tabpfn_ts,0.3063238712665906,0.0841026666861724,107.0,103.0
bizitobs_l2c/h/long,tabpfn_ts,0.6640742576152979,0.2923237748473919,91.0,75.0
bizitobs_l2c/h/medium,tabpfn_ts,0.4894740456225888,0.2373706201778537,43.0,53.0
bizitobs_l2c/h/short,tabpfn_ts,0.4850944799297807,0.2095964366848913,74.0,72.0
bizitobs_service/10s/long,tabpfn_ts,1.3653844836902598,0.0516013186509625,61.0,33.0
bizitobs_service/10s/medium,tabpfn_ts,1.2255220534460762,0.0408932523693302,80.0,89.0
bizitobs_service/10s/short,tabpfn_ts,0.8831190081752103,0.0192878731933433,78.0,95.0
car_parts/m/short,tabpfn_ts,0.8476360552543757,0.9696277332778144,53.0,45.0
covid_deaths/d/short,tabpfn_ts,39.24224311247435,0.0410740544263699,91.0,72.0
electricity/15t/long,tabpfn_ts,0.9447757940923152,0.0806289122434531,82.0,72.0
electricity/15t/medium,tabpfn_ts,0.8891286550107368,0.0827119479416534,82.0,77.0
electricity/15t/short,tabpfn_ts,1.1509364225225842,0.0967712587677345,98.0,87.0
electricity/d/short,tabpfn_ts,1.4917032121138645,0.0627214138320402,89.0,94.0
electricity/h/long,tabpfn_ts,1.3126972825030705,0.1082691929278382,98.0,105.0
electricity/h/medium,tabpfn_ts,1.1674595528269889,0.0876637705356242,97.0,97.0
electricity/h/short,tabpfn_ts,1.0364160710610155,0.0715564676306166,93.0,79.0
electricity/w/short,tabpfn_ts,1.547049206297067,0.0545791215151727,65.0,67.0
ett1/15t/long,tabpfn_ts,1.1184637386647829,0.2594954561050949,97.0,84.0
ett1/15t/medium,tabpfn_ts,1.091773313351892,0.2525006817913073,97.0,78.0
ett1/15t/short,tabpfn_ts,0.741309439205773,0.1668596757162262,94.0,72.0
ett1/d/short,tabpfn_ts,1.6395479314177053,0.2977679061280823,28.0,92.0
ett1/h/long,tabpfn_ts,1.4725737522845348,0.294978781102626,106.0,81.0
ett1/h/medium,tabpfn_ts,1.4045375913078184,0.283164148519388,110.0,88.0
ett1/h/short,tabpfn_ts,0.8871397861227843,0.1939405371417495,106.0,92.0
ett1/w/short,tabpfn_ts,1.6585971126590675,0.2840047608954231,98.0,84.0
ett2/15t/long,tabpfn_ts,0.9772597904462405,0.1011020985320766,97.0,85.0
ett2/15t/medium,tabpfn_ts,0.9810684377348272,0.1003411646499025,99.0,87.0
ett2/15t/short,tabpfn_ts,0.8412907225001276,0.0728407921329302,105.0,95.0
ett2/d/short,tabpfn_ts,1.4298486930788783,0.1258210568162837,98.0,114.0
ett2/h/long,tabpfn_ts,1.4446015639472831,0.1391783395522811,122.0,113.0
ett2/h/medium,tabpfn_ts,1.2487580741246136,0.1206300650992726,112.0,99.0
ett2/h/short,tabpfn_ts,0.8255326354728952,0.0730544298713439,112.0,102.0
ett2/w/short,tabpfn_ts,0.7651817774023886,0.0986928006739871,24.0,83.0
hierarchical_sales/d/short,tabpfn_ts,0.7595246942482423,0.5917485761396661,103.0,98.0
hierarchical_sales/w/short,tabpfn_ts,0.7311473691538796,0.3454757272364616,72.0,49.0
hospital/m/short,tabpfn_ts,0.7644714645492778,0.0537519291032266,56.0,74.0
jena_weather/10t/long,tabpfn_ts,0.6669669872039639,0.0530213180766602,83.0,78.0
jena_weather/10t/medium,tabpfn_ts,0.6257176279534998,0.0538896772512421,79.0,82.0
jena_weather/10t/short,tabpfn_ts,0.3103315819396469,0.0339592102375841,82.0,85.0
jena_weather/d/short,tabpfn_ts,1.228557952722909,0.0471437616719739,95.0,62.0
jena_weather/h/long,tabpfn_ts,1.406140600615272,0.10253437348096,118.0,116.0
jena_weather/h/medium,tabpfn_ts,1.08814100404732,0.0579974342019907,122.0,83.0
jena_weather/h/short,tabpfn_ts,0.5490473254936928,0.0421094387735326,88.0,53.0
kdd_cup_2018/d/short,tabpfn_ts,1.1739298514294911,0.3619470425522957,14.0,7.0
kdd_cup_2018/h/long,tabpfn_ts,1.0932322336358322,0.477949904103166,114.0,90.0
kdd_cup_2018/h/medium,tabpfn_ts,1.1284777650578837,0.4495885779293134,112.0,92.0
kdd_cup_2018/h/short,tabpfn_ts,1.0505311589202366,0.4180158909848825,111.0,98.0
loop_seattle/5t/long,tabpfn_ts,1.0065567656849457,0.0902382777842443,92.0,88.0
loop_seattle/5t/medium,tabpfn_ts,0.9637143945419536,0.0869072055010387,92.0,87.0
loop_seattle/5t/short,tabpfn_ts,0.5976997857380476,0.0525634872111756,91.0,90.0
loop_seattle/d/short,tabpfn_ts,0.907428724621304,0.0431218403450898,90.0,66.0
loop_seattle/h/long,tabpfn_ts,0.9260622979769342,0.0625649918946996,81.0,64.0
loop_seattle/h/medium,tabpfn_ts,0.9784901403759688,0.0668133200127912,87.0,68.0
loop_seattle/h/short,tabpfn_ts,0.91095777978495,0.0634109734129057,91.0,77.0
m4_daily/d/short,tabpfn_ts,4.194442221931702,0.0225997141047932,117.0,70.0
m4_hourly/h/short,tabpfn_ts,0.7386401357780685,0.0296050820592761,49.0,92.0
m4_monthly/m/short,tabpfn_ts,0.9576589316497056,0.0936666588657633,71.0,60.0
m4_quarterly/q/short,tabpfn_ts,1.2241822728860832,0.078262751492699,80.0,71.0
m4_weekly/w/short,tabpfn_ts,2.04974390202117,0.0370084480828777,56.0,48.0
m4_yearly/a/short,tabpfn_ts,3.3084560346745997,0.1176736414353684,59.0,66.0
m_dense/d/short,tabpfn_ts,0.6783292595875375,0.0611064105254259,59.0,34.0
m_dense/h/long,tabpfn_ts,1.02275823938943,0.1652440670163559,110.0,107.0
m_dense/h/medium,tabpfn_ts,0.993734534883084,0.160040826351846,114.0,108.0
m_dense/h/short,tabpfn_ts,0.906291178560046,0.1548616261496519,102.0,99.0
restaurant/d/short,tabpfn_ts,0.6978371816511807,0.2628546406907424,78.0,72.0
saugeen/d/short,tabpfn_ts,3.1471346641095788,0.3731311321710199,95.0,79.0
saugeen/m/short,tabpfn_ts,0.7027332947267324,0.2762319185074306,11.0,10.0
saugeen/w/short,tabpfn_ts,1.3185971950086537,0.3952868544502755,93.0,85.0
solar/10t/long,tabpfn_ts,0.8706305500987933,0.3311104604624895,76.0,67.0
solar/10t/medium,tabpfn_ts,0.8397775518236055,0.3259753271245175,58.0,54.0
solar/10t/short,tabpfn_ts,0.9439361088822628,0.4579774575911444,63.0,50.0
solar/d/short,tabpfn_ts,0.987481598204353,0.2691723384462383,70.0,14.0
solar/h/long,tabpfn_ts,1.0832552757402476,0.3505921321640143,108.0,76.0
solar/h/medium,tabpfn_ts,0.8642389418245519,0.3134748838414495,62.0,48.0
solar/h/short,tabpfn_ts,0.8972739471619915,0.3356638595546459,90.0,74.0
solar/w/short,tabpfn_ts,0.7927547220600458,0.1200252968719107,5.0,6.0
sz_taxi/15t/long,tabpfn_ts,0.5596229152773028,0.2424540578815739,110.0,103.0
sz_taxi/15t/medium,tabpfn_ts,0.5657806694261462,0.2304960350862857,107.0,102.0
sz_taxi/15t/short,tabpfn_ts,0.5582249003801146,0.2086762578044449,96.0,92.0
sz_taxi/h/short,tabpfn_ts,0.5726814850300137,0.1403426654750027,87.0,91.0
temperature_rain/d/short,tabpfn_ts,1.3788383285690875,0.5690453839767815,82.0,80.0
us_births/d/short,tabpfn_ts,0.316943592353516,0.01585561921583,26.0,14.0
us_births/m/short,tabpfn_ts,0.7153333155562595,0.0152869442323094,78.0,78.0
us_births/w/short,tabpfn_ts,0.8942316441355983,0.0106107005435549,18.0,23.0
bitbrains_fast_storage/5t/long,tafsut,0.8870208760792462,0.7814473186385199,47.0,85.0
bitbrains_fast_storage/5t/medium,tafsut,0.9688977910888568,0.7184900733458928,43.0,86.0
bitbrains_fast_storage/5t/short,tafsut,0.6832898364547655,0.4108318027032061,53.0,61.0
bitbrains_fast_storage/h/short,tafsut,0.9475766538081593,0.583826179163808,21.0,20.0
bitbrains_rnd/5t/long,tafsut,3.303981180493203,0.7021255014167089,44.0,84.0
bitbrains_rnd/5t/medium,tafsut,4.392533075505986,0.7956059971701944,49.0,109.0
bitbrains_rnd/5t/short,tafsut,1.6449278028904628,0.3996998521531399,51.0,46.0
bitbrains_rnd/h/short,tafsut,5.858398043065061,0.6123081622188462,70.0,37.0
bizitobs_application/10s/long,tafsut,3.139976786483203,0.0518163994273576,36.0,40.0
bizitobs_application/10s/medium,tafsut,2.2718759940412285,0.0368704806554155,41.0,50.0
bizitobs_application/10s/short,tafsut,1.0060293721318811,0.0100759364127849,23.0,44.0
bizitobs_l2c/5t/long,tafsut,0.5062685772483914,0.2304107755257544,31.0,30.0
bizitobs_l2c/5t/medium,tafsut,0.5267282098269113,0.23034131146882,45.0,45.0
bizitobs_l2c/5t/short,tafsut,0.2833655516144779,0.074679481813577,88.0,68.0
bizitobs_l2c/h/long,tafsut,0.6003527565807397,0.2727576177077235,70.0,58.0
bizitobs_l2c/h/medium,tafsut,0.4966443801161558,0.2423084234751483,54.0,58.0
bizitobs_l2c/h/short,tafsut,0.4362731806853571,0.1864151801747312,47.0,46.0
bizitobs_service/10s/long,tafsut,1.379929733098159,0.0522156528644292,70.0,48.0
bizitobs_service/10s/medium,tafsut,1.0391894335063887,0.0206532475258652,51.0,27.0
bizitobs_service/10s/short,tafsut,0.7644713184908388,0.0109027736695166,50.0,43.0
car_parts/m/short,tafsut,0.8273814647389611,0.9561755671041636,19.0,36.0
covid_deaths/d/short,tafsut,31.73887325009016,0.0294531090957072,30.0,29.0
electricity/15t/long,tafsut,0.8951846642078822,0.0772145790561378,59.0,61.0
electricity/15t/medium,tafsut,0.8460576073920597,0.0767022600815019,59.0,58.0
electricity/15t/short,tafsut,1.0492342882272163,0.0911164653672749,71.0,74.0
electricity/d/short,tafsut,1.3746154883083974,0.053902544705516,31.0,31.0
electricity/h/long,tafsut,1.1057893907060612,0.0751968260513038,9.0,5.0
electricity/h/medium,tafsut,1.0468179305918734,0.0712858901460549,39.0,12.0
electricity/h/short,tafsut,0.9216090013170944,0.0644409917786096,47.0,38.0
electricity/w/short,tafsut,1.4115336502687192,0.0472460260636572,24.0,20.0
ett1/15t/long,tafsut,1.044288266099373,0.2612785855812938,77.0,86.0
ett1/15t/medium,tafsut,1.0330845966287965,0.2609799873415788,76.0,86.0
ett1/15t/short,tafsut,0.6897645627704966,0.1643561220369861,61.0,66.0
ett1/d/short,tafsut,1.6824813903802611,0.2774635374744209,64.0,56.0
ett1/h/long,tafsut,1.483486637007993,0.2850919473602165,111.0,75.0
ett1/h/medium,tafsut,1.3346408032152193,0.2654369752151437,88.0,68.0
ett1/h/short,tafsut,0.8194966329979899,0.1797023943537049,58.0,61.0
ett1/w/short,tafsut,1.612373645314427,0.2768368581065282,82.0,72.0
ett2/15t/long,tafsut,0.8770121688781024,0.0911533196175899,43.0,44.0
ett2/15t/medium,tafsut,0.8784762504683562,0.089835858953597,60.0,58.0
ett2/15t/short,tafsut,0.7396901122980264,0.0661426060549819,52.0,69.0
ett2/d/short,tafsut,1.2814132897521442,0.0935079565751935,43.0,61.0
ett2/h/long,tafsut,1.013115134316518,0.1017197192929735,40.0,32.0
ett2/h/medium,tafsut,1.0171893074755016,0.1024329669320202,34.0,34.0
ett2/h/short,tafsut,0.73826616507187,0.0643399731880898,67.0,51.0
ett2/w/short,tafsut,1.0176630124324086,0.1020432535117271,97.0,87.0
hierarchical_sales/d/short,tafsut,0.7466178307559324,0.5744897514782044,64.0,45.0
hierarchical_sales/w/short,tafsut,0.719323910122155,0.3538209518703518,49.0,78.0
hospital/m/short,tafsut,0.7629193935238106,0.0508402954568486,50.0,43.0
jena_weather/10t/long,tafsut,0.6585220848082103,0.0496710647161429,74.0,54.0
jena_weather/10t/medium,tafsut,0.6174341571570036,0.0491133032769746,73.0,57.0
jena_weather/10t/short,tafsut,0.285145523910685,0.0294191629622037,64.0,64.0
jena_weather/d/short,tafsut,0.9969784432727228,0.0431944729253404,19.0,5.0
jena_weather/h/long,tafsut,0.7464366287242936,0.0499558012831628,2.0,3.0
jena_weather/h/medium,tafsut,0.6944232173546657,0.0501389645635433,2.0,34.0
jena_weather/h/short,tafsut,0.5201833335624577,0.0423935024383537,37.0,59.0
kdd_cup_2018/d/short,tafsut,1.1880817371474452,0.3686945153820005,40.0,17.0
kdd_cup_2018/h/long,tafsut,1.029257085451589,0.4508277096320972,70.0,65.0
kdd_cup_2018/h/medium,tafsut,1.0730214447237496,0.4406454688963237,91.0,83.0
kdd_cup_2018/h/short,tafsut,0.9549055024661298,0.3867236602083557,79.0,75.0
loop_seattle/5t/long,tafsut,0.7624595393583635,0.068399777050054,11.0,14.0
loop_seattle/5t/medium,tafsut,0.7252565898727406,0.0646770791888452,25.0,29.0
loop_seattle/5t/short,tafsut,0.5556691310817433,0.0474325954318449,59.0,50.0
loop_seattle/d/short,tafsut,0.890287781963586,0.043600321013727,74.0,72.0
loop_seattle/h/long,tafsut,0.885400777729597,0.0618822708084106,62.0,63.0
loop_seattle/h/medium,tafsut,0.9120404282876382,0.0644954676829997,57.0,61.0
loop_seattle/h/short,tafsut,0.8384518728893255,0.0603292951112085,68.0,64.0
m4_daily/d/short,tafsut,3.3118094537382796,0.0218188331375158,71.0,56.0
m4_hourly/h/short,tafsut,0.8895347826409209,0.0201959321318211,81.0,33.0
m4_monthly/m/short,tafsut,0.929442905568682,0.0918245936588006,52.0,41.0
m4_quarterly/q/short,tafsut,1.1589545016141325,0.0743587445101722,48.0,47.0
m4_weekly/w/short,tafsut,2.034857245820265,0.0364603789394116,54.0,34.0
m4_yearly/a/short,tafsut,3.2777838774992456,0.114203533721004,52.0,48.0
m_dense/d/short,tafsut,0.6821411789234565,0.0643052264862286,62.0,49.0
m_dense/h/long,tafsut,0.69043123880064,0.1149980508739904,49.0,51.0
m_dense/h/medium,tafsut,0.6908314882542944,0.1162940112359355,45.0,53.0
m_dense/h/short,tafsut,0.7906339527958582,0.1320286454950537,63.0,62.0
restaurant/d/short,tafsut,0.6702175397541312,0.2520805650857678,3.0,6.0
saugeen/d/short,tafsut,2.8104927267781963,0.336457978164266,42.0,37.0
saugeen/m/short,tafsut,0.733502913560423,0.2901601496408936,60.0,43.0
saugeen/w/short,tafsut,1.1856862931227248,0.3597830977920321,46.0,56.0
solar/10t/long,tafsut,0.8098478412640063,0.3085280466811273,52.0,48.0
solar/10t/medium,tafsut,0.8145093454072397,0.3226471634393764,43.0,50.0
solar/10t/short,tafsut,0.8777279063719239,0.4531078213907478,50.0,49.0
solar/d/short,tafsut,0.9599465494109694,0.2707794942482983,17.0,20.0
solar/h/long,tafsut,0.6040253237034914,0.2262808308175517,17.0,17.0
solar/h/medium,tafsut,0.5312422300140296,0.2081548934848526,14.0,16.0
solar/h/short,tafsut,0.5418379520096699,0.2162683077306553,16.0,19.0
solar/w/short,tafsut,1.3010194087374063,0.1753668570488663,91.0,84.0
sz_taxi/15t/long,tafsut,0.5087640089839289,0.1981483673400729,50.0,40.0
sz_taxi/15t/medium,tafsut,0.5372867453750577,0.2023942930898276,58.0,49.0
sz_taxi/15t/short,tafsut,0.5438681370791167,0.2005158142424736,49.0,46.0
sz_taxi/h/short,tafsut,0.5603887724652231,0.1353732539749332,36.0,47.0
temperature_rain/d/short,tafsut,1.3462183935732837,0.5549251501383967,57.0,65.0
us_births/d/short,tafsut,0.3807345149340303,0.0196950864377542,66.0,64.0
us_births/m/short,tafsut,0.593494708247637,0.0132864221953812,28.0,47.0
us_births/w/short,tafsut,1.0771729205387572,0.0126757453831529,61.0,60.0
bizitobs_application/10s/long,tempo_ensemble,1.2993675903516406,0.0120698276506844,1.0,1.0
bizitobs_application/10s/medium,tempo_ensemble,0.9177696033266344,0.0094315406776331,1.0,1.0
bizitobs_application/10s/short,tempo_ensemble,0.9921897290135696,0.0116365011231077,19.0,62.0
bizitobs_service/10s/long,tempo_ensemble,1.3563611507860072,0.0497378287376309,59.0,8.0
bizitobs_service/10s/medium,tempo_ensemble,1.429575874324731,0.0436408573760635,91.0,93.0
bizitobs_service/10s/short,tempo_ensemble,1.2884984418523877,0.0179825354410236,101.0,93.0
car_parts/m/short,tempo_ensemble,17.86660919142645,1.0000739200613302,129.0,61.0
covid_deaths/d/short,tempo_ensemble,115.6153349693266,0.1157821881701,127.0,117.0
hospital/m/short,tempo_ensemble,4.696532893791447,0.0701390741514011,128.0,116.0
m4_daily/d/short,tempo_ensemble,7.987928627932832,0.0606080461596886,127.0,128.0
m4_hourly/h/short,tempo_ensemble,2.2278853386116246,0.031167746098992,117.0,99.0
m4_monthly/m/short,tempo_ensemble,4.678383723019503,0.1494297959225055,128.0,124.0
m4_quarterly/q/short,tempo_ensemble,2.182249153802416,0.1109355578587279,127.0,124.0
m4_weekly/w/short,tempo_ensemble,4.832172082392305,0.0637560156785005,124.0,122.0
m4_yearly/a/short,tempo_ensemble,2.398106843865454,0.1267824542222521,1.0,88.0
restaurant/d/short,tempo_ensemble,1.9378580999513804,0.2785855176058847,128.0,98.0
temperature_rain/d/short,tempo_ensemble,1.1188085728690171,0.6018449486123362,1.0,100.0
loop_seattle/5t/long,tempo_ensemble,0.609772921780666,0.0521126066018827,6.0,7.0
loop_seattle/5t/medium,tempo_ensemble,0.5214548025956122,0.0436714854292893,5.0,5.0
loop_seattle/5t/short,tempo_ensemble,0.4298290643570778,0.0365482163898581,1.0,1.0
loop_seattle/d/short,tempo_ensemble,2.774823575326353,0.1896011897345642,129.0,128.0
loop_seattle/h/long,tempo_ensemble,1.2059726001740343,0.0858770469329422,117.0,111.0
loop_seattle/h/medium,tempo_ensemble,1.1218170402210388,0.0806802675836623,110.0,105.0
loop_seattle/h/short,tempo_ensemble,0.9321286612874126,0.0647137448640539,96.0,82.0
m_dense/d/short,tempo_ensemble,0.4039148995409595,0.0539366130007633,1.0,4.0
m_dense/h/long,tempo_ensemble,1.3319808133687625,0.221528231064794,122.0,119.0
m_dense/h/medium,tempo_ensemble,1.1974521911956586,0.1993907938331504,121.0,120.0
m_dense/h/short,tempo_ensemble,0.7629589384918614,0.1239959977566907,33.0,21.0
sz_taxi/15t/long,tempo_ensemble,0.5592388252412251,0.2072789439258874,109.0,75.0
sz_taxi/15t/medium,tempo_ensemble,0.5587890281052588,0.2067451524244509,98.0,74.0
sz_taxi/15t/short,tempo_ensemble,0.5421277246410363,0.1990819241581065,33.0,22.0
sz_taxi/h/short,tempo_ensemble,0.5637851957501169,0.136247323200995,64.0,63.0
bitbrains_fast_storage/5t/long,tempo_ensemble,1.117978597062503,0.5854367008276827,107.0,6.0
bitbrains_fast_storage/5t/medium,tempo_ensemble,1.4213753528808146,0.5948226525152782,120.0,20.0
bitbrains_fast_storage/5t/short,tempo_ensemble,1.064509249551392,0.4378417919631492,114.0,82.0
bitbrains_fast_storage/h/short,tempo_ensemble,1.468075876452505,0.5386730388224907,119.0,7.0
bitbrains_rnd/5t/long,tempo_ensemble,5.354332726402957,0.5788157952641853,124.0,15.0
bitbrains_rnd/5t/medium,tempo_ensemble,2.0206660007438004,0.5803418284708388,1.0,8.0
bitbrains_rnd/5t/short,tempo_ensemble,1.4738776261427329,0.3903323828435197,2.0,34.0
bitbrains_rnd/h/short,tempo_ensemble,6.4469252489463615,0.5300669828610838,122.0,2.0
bizitobs_l2c/5t/long,tempo_ensemble,0.2992086737079788,0.1255549472781602,1.0,1.0
bizitobs_l2c/5t/medium,tempo_ensemble,0.28310808843281,0.1131950526630068,1.0,1.0
bizitobs_l2c/5t/short,tempo_ensemble,0.1151517649409104,0.0269425800159113,1.0,1.0
bizitobs_l2c/h/long,tempo_ensemble,0.2180866660308821,0.097937862969621,1.0,1.0
bizitobs_l2c/h/medium,tempo_ensemble,0.1794982441293087,0.0810585643608789,1.0,1.0
bizitobs_l2c/h/short,tempo_ensemble,0.13201672288296,0.0558677005802573,1.0,1.0
electricity/15t/long,tempo_ensemble,0.9939385780309388,0.0823081285199345,92.0,79.0
electricity/15t/medium,tempo_ensemble,1.1008310035581168,0.0906301323705994,110.0,97.0
electricity/15t/short,tempo_ensemble,0.8701977534359403,0.0622887006592235,13.0,1.0
electricity/d/short,tempo_ensemble,1.115364338640572,0.0615318072875596,1.0,92.0
electricity/h/long,tempo_ensemble,2.0531234768133286,0.1479181783703783,122.0,120.0
electricity/h/medium,tempo_ensemble,1.6193840624647802,0.1126590158033672,122.0,118.0
electricity/h/short,tempo_ensemble,1.0666581008254952,0.0757270380140367,101.0,91.0
electricity/w/short,tempo_ensemble,6.7051638386670405,0.0571458143436201,128.0,81.0
ett1/15t/long,tempo_ensemble,0.6251000870679456,0.1245837835659594,2.0,1.0
ett1/15t/medium,tempo_ensemble,0.6656957195358719,0.140029793907285,2.0,2.0
ett1/15t/short,tempo_ensemble,0.3504219026354622,0.0629222896778817,2.0,2.0
ett1/d/short,tempo_ensemble,0.416001643493369,0.1027991523160863,1.0,1.0
ett1/h/long,tempo_ensemble,1.1478718553875968,0.2606986690022358,3.0,24.0
ett1/h/medium,tempo_ensemble,1.2921248816752966,0.2862649623279022,71.0,90.0
ett1/h/short,tempo_ensemble,0.6173025444422964,0.1206314820077215,3.0,2.0
ett1/w/short,tempo_ensemble,6.086432786812403,0.1820576488837628,129.0,1.0
ett2/15t/long,tempo_ensemble,0.7047809146350211,0.0636566074806678,2.0,2.0
ett2/15t/medium,tempo_ensemble,0.671412971844876,0.0591136068282064,2.0,2.0
ett2/15t/short,tempo_ensemble,0.4684627317471617,0.0356368146844352,2.0,2.0
ett2/d/short,tempo_ensemble,0.5795335298098135,0.0652697198570775,1.0,2.0
ett2/h/long,tempo_ensemble,0.938929495976326,0.0849789777142148,3.0,2.0
ett2/h/medium,tempo_ensemble,0.8417988347064325,0.0746216000768869,2.0,2.0
ett2/h/short,tempo_ensemble,0.657868124921435,0.0559794964806631,2.0,2.0
ett2/w/short,tempo_ensemble,18.879777231189173,0.3722205310770798,129.0,126.0
hierarchical_sales/d/short,tempo_ensemble,0.6776781916278962,0.5596516023662144,2.0,4.0
hierarchical_sales/w/short,tempo_ensemble,1.5405539950087042,0.2529514701591871,128.0,1.0
jena_weather/10t/long,tempo_ensemble,0.6309415613166219,0.0484899654114696,35.0,44.0
jena_weather/10t/medium,tempo_ensemble,0.770657587644626,0.0492121746241922,121.0,58.0
jena_weather/10t/short,tempo_ensemble,0.6259220489380137,0.0315293674377684,121.0,79.0
jena_weather/d/short,tempo_ensemble,1.3035383788786572,0.049186717650696,104.0,75.0
jena_weather/h/long,tempo_ensemble,1.02478500142865,0.0830668877325188,72.0,109.0
jena_weather/h/medium,tempo_ensemble,0.948315476755886,0.0783835088305258,116.0,115.0
jena_weather/h/short,tempo_ensemble,0.6307897479895602,0.0444314398134425,112.0,84.0
kdd_cup_2018/d/short,tempo_ensemble,0.8988963505503572,0.2098857562368817,2.0,1.0
kdd_cup_2018/h/long,tempo_ensemble,0.8769099918367069,0.3713646975262221,18.0,14.0
kdd_cup_2018/h/medium,tempo_ensemble,0.9389850331762508,0.3721063901737007,18.0,15.0
kdd_cup_2018/h/short,tempo_ensemble,0.7755335648478038,0.317560729859845,15.0,15.0
saugeen/d/short,tempo_ensemble,0.3402823763010718,0.0661465559255415,1.0,1.0
saugeen/m/short,tempo_ensemble,0.0789051595695627,0.0340753637601601,1.0,1.0
saugeen/w/short,tempo_ensemble,0.1533740309245224,0.0707038225619495,1.0,1.0
solar/10t/long,tempo_ensemble,0.7935415450083824,0.3259064764784643,31.0,64.0
solar/10t/medium,tempo_ensemble,0.6403629744856407,0.2855840260224301,2.0,5.0
solar/10t/short,tempo_ensemble,0.4148577858316679,0.461325856836472,1.0,54.0
solar/d/short,tempo_ensemble,1.1822038893743294,0.4800547635005184,123.0,122.0
solar/h/long,tempo_ensemble,2.5475516817625423,0.9908022974231144,128.0,123.0
solar/h/medium,tempo_ensemble,2.1192776144205463,0.7343401482401601,125.0,123.0
solar/h/short,tempo_ensemble,0.6971424677787719,0.2607230327213033,21.0,23.0
solar/w/short,tempo_ensemble,59.20451480380479,0.6280375794904386,129.0,128.0
us_births/d/short,tempo_ensemble,0.2262047828348501,0.0185739392260598,1.0,54.0
us_births/m/short,tempo_ensemble,1.2073705555270309,0.0255509986968776,121.0,117.0
us_births/w/short,tempo_ensemble,3.115257411522497,0.0511111792570683,128.0,128.0
bitbrains_fast_storage/5t/short,tft,0.996,0.451,110.0,89.0
bitbrains_fast_storage/h/short,tft,1.73,0.595,125.0,24.0
bitbrains_rnd/5t/short,tft,2.27,0.486,124.0,99.0
bitbrains_rnd/h/short,tft,6.19,0.65,118.0,70.0
bizitobs_application/10s/short,tft,9.11,0.0896,129.0,129.0
bizitobs_l2c/5t/short,tft,0.278,0.0769,76.0,77.0
bizitobs_l2c/h/short,tft,0.862,0.401,111.0,112.0
bizitobs_service/10s/short,tft,2.15,0.0245,113.0,102.0
car_parts/m/short,tft,0.807,0.89,3.0,1.0
covid_deaths/d/short,tft,32.9,0.0374,47.0,66.0
electricity/15t/short,tft,2.07,0.184,123.0,124.0
electricity/d/short,tft,1.86,0.0836,120.0,117.0
electricity/h/short,tft,1.29,0.0891,119.0,115.0
electricity/w/short,tft,2.1,0.107,119.0,120.0
ett1/15t/short,tft,1.05,0.245,122.0,117.0
ett1/d/short,tft,1.86,0.33,115.0,105.0
ett1/h/short,tft,0.947,0.199,117.0,102.0
ett1/w/short,tft,1.61,0.406,81.0,124.0
ett2/15t/short,tft,1.06,0.0809,122.0,106.0
ett2/d/short,tft,1.31,0.0955,62.0,77.0
ett2/h/short,tft,0.956,0.0782,120.0,107.0
ett2/w/short,tft,1.6,0.16,120.0,116.0
hierarchical_sales/d/short,tft,0.771,0.6,109.0,103.0
hierarchical_sales/w/short,tft,0.793,0.382,111.0,104.0
hospital/m/short,tft,0.833,0.058,113.0,100.0
jena_weather/10t/short,tft,0.45,0.0691,117.0,118.0
jena_weather/d/short,tft,1.8,0.0692,121.0,112.0
jena_weather/h/short,tft,0.634,0.0483,113.0,99.0
kdd_cup_2018/d/short,tft,1.21,0.38,90.0,72.0
kdd_cup_2018/h/short,tft,1.15,0.467,118.0,109.0
loop_seattle/5t/short,tft,0.731,0.0647,108.0,106.0
loop_seattle/d/short,tft,0.973,0.0482,113.0,105.0
loop_seattle/h/short,tft,1.04,0.0728,110.0,104.0
m_dense/d/short,tft,0.799,0.0767,104.0,94.0
m_dense/h/short,tft,0.878,0.139,98.0,79.0
m4_daily/d/short,tft,3.29,0.0228,63.0,74.0
m4_hourly/h/short,tft,2.47,0.0401,120.0,115.0
m4_monthly/m/short,tft,1.21,0.113,118.0,108.0
m4_quarterly/q/short,tft,1.3,0.083,98.0,94.0
m4_weekly/w/short,tft,2.68,0.0494,108.0,105.0
m4_yearly/a/short,tft,3.09,0.11,29.0,26.0
restaurant/d/short,tft,0.75,0.284,114.0,104.0
saugeen/d/short,tft,3.22,0.419,104.0,107.0
saugeen/m/short,tft,0.865,0.34,117.0,103.0
saugeen/w/short,tft,1.55,0.491,112.0,113.0
solar/10t/short,tft,1.11,0.618,91.0,94.0
solar/d/short,tft,0.999,0.277,87.0,54.0
solar/h/short,tft,0.96,0.367,112.0,98.0
solar/w/short,tft,0.691,0.114,4.0,4.0
sz_taxi/15t/short,tft,0.603,0.222,118.0,105.0
sz_taxi/h/short,tft,0.595,0.144,111.0,100.0
temperature_rain/d/short,tft,1.44,0.592,103.0,96.0
us_births/d/short,tft,0.315,0.0161,21.0,23.0
us_births/m/short,tft,0.871,0.0213,106.0,108.0
us_births/w/short,tft,1.59,0.0194,121.0,116.0
bitbrains_fast_storage/5t/medium,tft,1.38,0.61,118.0,30.0
bitbrains_rnd/5t/medium,tft,4.81,0.628,118.0,56.0
bizitobs_application/10s/medium,tft,13.8,0.0474,128.0,96.0
bizitobs_l2c/5t/medium,tft,0.786,0.346,86.0,85.0
bizitobs_l2c/h/medium,tft,0.693,0.345,100.0,100.0
bizitobs_service/10s/medium,tft,1.68,0.0438,98.0,94.0
electricity/15t/medium,tft,1.11,0.0939,111.0,100.0
electricity/h/medium,tft,1.31,0.0908,114.0,103.0
ett1/15t/medium,tft,1.08,0.247,93.0,72.0
ett1/h/medium,tft,1.58,0.316,121.0,105.0
ett2/15t/medium,tft,1.1,0.104,118.0,93.0
ett2/h/medium,tft,1.32,0.122,120.0,101.0
jena_weather/10t/medium,tft,0.737,0.0521,114.0,77.0
jena_weather/h/medium,tft,0.939,0.0726,115.0,111.0
kdd_cup_2018/h/medium,tft,1.16,0.472,117.0,102.0
loop_seattle/5t/medium,tft,1.01,0.0916,96.0,94.0
loop_seattle/h/medium,tft,0.971,0.0688,84.0,80.0
m_dense/h/medium,tft,0.732,0.114,79.0,43.0
solar/10t/medium,tft,0.931,0.362,90.0,79.0
solar/h/medium,tft,0.884,0.33,73.0,61.0
sz_taxi/15t/medium,tft,0.548,0.206,85.0,73.0
bitbrains_fast_storage/5t/long,tft,1.21,0.734,118.0,71.0
bitbrains_rnd/5t/long,tft,3.71,0.624,110.0,44.0
bizitobs_application/10s/long,tft,14.8,0.0556,126.0,81.0
bizitobs_l2c/5t/long,tft,1.06,0.472,87.0,83.0
bizitobs_l2c/h/long,tft,0.599,0.286,69.0,71.0
bizitobs_service/10s/long,tft,1.75,0.056,94.0,82.0
electricity/15t/long,tft,1.03,0.0839,102.0,84.0
electricity/h/long,tft,1.41,0.0938,112.0,75.0
ett1/15t/long,tft,1.34,0.28,117.0,95.0
ett1/h/long,tft,1.55,0.313,117.0,96.0
ett2/15t/long,tft,1.15,0.109,119.0,96.0
ett2/h/long,tft,1.45,0.138,123.0,111.0
jena_weather/10t/long,tft,0.741,0.0518,107.0,73.0
jena_weather/h/long,tft,1.15,0.0902,107.0,114.0
kdd_cup_2018/h/long,tft,1.11,0.503,115.0,100.0
loop_seattle/5t/long,tft,0.977,0.0878,89.0,86.0
loop_seattle/h/long,tft,0.972,0.0684,90.0,86.0
m_dense/h/long,tft,0.723,0.115,69.0,52.0
solar/10t/long,tft,1.0,0.379,95.0,87.0
solar/h/long,tft,1.12,0.401,112.0,99.0
sz_taxi/15t/long,tft,0.535,0.241,94.0,102.0
bitbrains_fast_storage/5t/short,tide,1.16,0.532,125.0,109.0
bitbrains_fast_storage/h/short,tide,1.53,0.65,121.0,57.0
bitbrains_rnd/5t/short,tide,2.36,0.58,125.0,115.0
bitbrains_rnd/h/short,tide,6.75,0.71,125.0,99.0
bizitobs_application/10s/short,tide,3.86,0.0547,114.0,123.0
bizitobs_l2c/5t/short,tide,0.45,0.124,124.0,124.0
bizitobs_l2c/h/short,tide,0.524,0.219,86.0,80.0
bizitobs_service/10s/short,tide,3.0,0.041,125.0,120.0
car_parts/m/short,tide,1.11,1.23,113.0,111.0
covid_deaths/d/short,tide,51.2,0.171,121.0,123.0
electricity/15t/short,tide,1.59,0.144,114.0,113.0
electricity/d/short,tide,1.78,0.0776,114.0,109.0
electricity/h/short,tide,1.22,0.0863,116.0,112.0
electricity/w/short,tide,1.95,0.113,110.0,124.0
ett1/15t/short,tide,0.979,0.224,121.0,111.0
ett1/d/short,tide,6.9,1.06,129.0,129.0
ett1/h/short,tide,0.964,0.222,119.0,107.0
ett1/w/short,tide,1.49,0.284,26.0,83.0
ett2/15t/short,tide,0.945,0.0932,114.0,117.0
ett2/d/short,tide,2.19,0.13,126.0,116.0
ett2/h/short,tide,1.27,0.128,128.0,129.0
ett2/w/short,tide,6.92,0.712,126.0,127.0
hierarchical_sales/d/short,tide,1.33,1.07,128.0,125.0
hierarchical_sales/w/short,tide,1.17,0.532,127.0,120.0
hospital/m/short,tide,1.08,0.129,126.0,127.0
jena_weather/10t/short,tide,1.41,0.184,127.0,126.0
jena_weather/d/short,tide,12.0,0.333,129.0,129.0
jena_weather/h/short,tide,1.63,0.152,128.0,123.0
kdd_cup_2018/d/short,tide,3.43,1.01,128.0,127.0
kdd_cup_2018/h/short,tide,1.16,0.477,119.0,112.0
loop_seattle/5t/short,tide,0.766,0.0728,116.0,115.0
loop_seattle/d/short,tide,0.925,0.0441,98.0,81.0
loop_seattle/h/short,tide,1.13,0.0794,119.0,114.0
m_dense/d/short,tide,0.911,0.0907,113.0,111.0
m_dense/h/short,tide,0.984,0.168,114.0,111.0
m4_daily/d/short,tide,3.46,0.0321,97.0,119.0
m4_hourly/h/short,tide,3.92,0.0477,126.0,120.0
m4_monthly/m/short,tide,1.75,0.135,124.0,121.0
m4_quarterly/q/short,tide,1.68,0.101,122.0,120.0
m4_weekly/w/short,tide,5.08,0.0658,125.0,124.0
m4_yearly/a/short,tide,5.02,0.155,121.0,116.0
restaurant/d/short,tide,0.757,0.297,115.0,107.0
saugeen/d/short,tide,3.16,0.397,98.0,93.0
saugeen/m/short,tide,1.01,0.424,124.0,121.0
saugeen/w/short,tide,1.57,0.523,116.0,115.0
solar/10t/short,tide,1.52,0.95,124.0,124.0
solar/d/short,tide,1.13,0.352,118.0,109.0
solar/h/short,tide,1.0,0.38,116.0,103.0
solar/w/short,tide,1.34,0.187,94.0,94.0
sz_taxi/15t/short,tide,0.617,0.241,121.0,110.0
sz_taxi/h/short,tide,0.662,0.195,121.0,122.0
temperature_rain/d/short,tide,1.8,0.697,120.0,114.0
us_births/d/short,tide,0.624,0.0309,113.0,112.0
us_births/m/short,tide,0.784,0.0231,94.0,113.0
us_births/w/short,tide,1.18,0.0164,81.0,100.0
bitbrains_fast_storage/5t/medium,tide,1.61,0.764,123.0,93.0
bitbrains_rnd/5t/medium,tide,5.26,0.726,124.0,97.0
bizitobs_application/10s/medium,tide,2.98,0.0452,94.0,92.0
bizitobs_l2c/5t/medium,tide,0.786,0.361,86.0,90.0
bizitobs_l2c/h/medium,tide,0.987,0.493,110.0,110.0
bizitobs_service/10s/medium,tide,1.84,0.0495,100.0,107.0
electricity/15t/medium,tide,1.09,0.0956,109.0,107.0
electricity/h/medium,tide,1.33,0.0948,116.0,109.0
ett1/15t/medium,tide,1.18,0.285,108.0,98.0
ett1/h/medium,tide,1.43,0.292,111.0,98.0
ett2/15t/medium,tide,1.27,0.166,126.0,125.0
ett2/h/medium,tide,1.59,0.154,127.0,119.0
jena_weather/10t/medium,tide,0.941,0.109,123.0,123.0
jena_weather/h/medium,tide,1.26,0.121,126.0,123.0
kdd_cup_2018/h/medium,tide,1.13,0.466,113.0,100.0
loop_seattle/5t/medium,tide,1.01,0.0921,96.0,96.0
loop_seattle/h/medium,tide,1.23,0.0876,120.0,114.0
m_dense/h/medium,tide,0.993,0.168,113.0,112.0
solar/10t/medium,tide,0.974,0.395,95.0,87.0
solar/h/medium,tide,0.935,0.344,93.0,75.0
sz_taxi/15t/medium,tide,0.657,0.253,122.0,109.0
electricity/15t/long,tide,1.19,0.1,114.0,110.0
electricity/h/long,tide,1.61,0.119,120.0,112.0
solar/10t/long,tide,0.946,0.357,90.0,81.0
solar/h/long,tide,1.13,0.429,114.0,104.0
kdd_cup_2018/h/long,tide,1.16,0.527,118.0,104.0
loop_seattle/5t/long,tide,1.07,0.101,101.0,100.0
loop_seattle/h/long,tide,1.24,0.087,119.0,113.0
sz_taxi/15t/long,tide,0.867,0.315,127.0,121.0
m_dense/h/long,tide,0.966,0.162,108.0,106.0
ett1/15t/long,tide,1.22,0.288,112.0,98.0
ett1/h/long,tide,1.52,0.313,114.0,96.0
ett2/15t/long,tide,1.39,0.127,126.0,113.0
ett2/h/long,tide,1.31,0.128,115.0,106.0
jena_weather/10t/long,tide,0.822,0.0847,119.0,119.0
jena_weather/h/long,tide,2.43,0.122,126.0,119.0
bitbrains_fast_storage/5t/long,tide,1.59,0.706,121.0,56.0
bitbrains_rnd/5t/long,tide,4.09,0.8,121.0,104.0
bizitobs_application/10s/long,tide,4.06,0.0584,96.0,97.0
bizitobs_service/10s/long,tide,2.16,0.0646,101.0,104.0
bizitobs_l2c/5t/long,tide,1.36,0.619,126.0,107.0
bizitobs_l2c/h/long,tide,0.99,0.475,109.0,108.0
bitbrains_fast_storage/5t/short,timesfm,0.874,0.476,103.0,102.0
bitbrains_fast_storage/h/short,timesfm,1.18,0.699,98.0,83.0
bitbrains_rnd/5t/short,timesfm,1.98,0.519,109.0,110.0
bitbrains_rnd/h/short,timesfm,6.09,0.654,112.0,74.0
bizitobs_application/10s/short,timesfm,4.36,0.0555,119.0,124.0
bizitobs_l2c/5t/short,timesfm,0.31,0.0801,110.0,94.0
bizitobs_l2c/h/short,timesfm,1.05,0.485,121.0,117.0
bizitobs_service/10s/short,timesfm,2.9,0.051,124.0,126.0
car_parts/m/short,timesfm,0.893,1.02,86.0,70.0
covid_deaths/d/short,timesfm,55.6,0.204,123.0,127.0
electricity/15t/short,timesfm,1.48,0.13,111.0,109.0
electricity/d/short,timesfm,1.75,0.0772,112.0,108.0
electricity/h/short,timesfm,0.878,0.0643,20.0,36.0
electricity/w/short,timesfm,1.86,0.0878,104.0,108.0
ett1/15t/short,timesfm,0.875,0.193,115.0,100.0
ett1/d/short,timesfm,1.7,0.28,73.0,67.0
ett1/h/short,timesfm,0.938,0.209,114.0,105.0
ett1/w/short,timesfm,1.73,0.307,111.0,102.0
ett2/15t/short,timesfm,0.898,0.0771,112.0,101.0
ett2/d/short,timesfm,1.64,0.113,116.0,104.0
ett2/h/short,timesfm,0.821,0.0738,111.0,103.0
ett2/w/short,timesfm,1.13,0.111,109.0,103.0
hierarchical_sales/d/short,timesfm,0.745,0.573,46.0,39.0
hierarchical_sales/w/short,timesfm,0.725,0.343,64.0,37.0
hospital/m/short,timesfm,0.783,0.0524,87.0,61.0
jena_weather/10t/short,timesfm,0.318,0.0363,87.0,93.0
jena_weather/d/short,timesfm,1.2,0.0587,91.0,105.0
jena_weather/h/short,timesfm,0.589,0.0479,107.0,98.0
kdd_cup_2018/d/short,timesfm,1.21,0.38,90.0,72.0
kdd_cup_2018/h/short,timesfm,1.09,0.446,114.0,103.0
loop_seattle/5t/short,timesfm,0.836,0.0751,122.0,116.0
loop_seattle/d/short,timesfm,0.88,0.0425,56.0,51.0
loop_seattle/h/short,timesfm,1.15,0.082,121.0,115.0
m_dense/d/short,timesfm,0.702,0.0702,70.0,76.0
m_dense/h/short,timesfm,0.849,0.14,91.0,81.0
m4_daily/d/short,timesfm,3.27,0.0213,56.0,37.0
m4_hourly/h/short,timesfm,0.768,0.021,58.0,44.0
m4_monthly/m/short,timesfm,0.957,0.0969,70.0,79.0
m4_quarterly/q/short,timesfm,1.4,0.0846,109.0,102.0
m4_weekly/w/short,timesfm,2.42,0.0413,92.0,73.0
m4_yearly/a/short,timesfm,3.35,0.117,68.0,60.0
restaurant/d/short,timesfm,0.704,0.265,88.0,79.0
saugeen/d/short,timesfm,3.3,0.417,112.0,104.0
saugeen/m/short,timesfm,0.814,0.328,113.0,100.0
saugeen/w/short,timesfm,1.28,0.382,88.0,77.0
solar/10t/short,timesfm,1.49,0.871,123.0,119.0
solar/d/short,timesfm,0.99,0.288,77.0,83.0
solar/h/short,timesfm,1.04,0.403,119.0,109.0
solar/w/short,timesfm,1.15,0.157,70.0,63.0
sz_taxi/15t/short,timesfm,0.558,0.206,95.0,86.0
sz_taxi/h/short,timesfm,0.566,0.137,68.0,68.0
temperature_rain/d/short,timesfm,1.42,0.581,99.0,89.0
us_births/d/short,timesfm,0.552,0.0285,107.0,107.0
us_births/m/short,timesfm,0.622,0.0126,40.0,36.0
us_births/w/short,timesfm,1.06,0.0125,59.0,58.0
bitbrains_fast_storage/5t/medium,timesfm,20.3,0.746,129.0,91.0
bitbrains_rnd/5t/medium,timesfm,49.8,0.734,129.0,101.0
bizitobs_application/10s/medium,timesfm,11.2,0.136,125.0,127.0
bizitobs_l2c/5t/medium,timesfm,0.887,0.449,110.0,112.0
bizitobs_l2c/h/medium,timesfm,1.49,0.856,125.0,124.0
bizitobs_service/10s/medium,timesfm,6.46,0.109,128.0,126.0
electricity/15t/medium,timesfm,1.49,0.138,123.0,120.0
electricity/h/medium,timesfm,1.07,0.0819,61.0,77.0
ett1/15t/medium,timesfm,1.27,0.329,116.0,111.0
ett1/h/medium,timesfm,1.44,0.304,113.0,102.0
ett2/15t/medium,timesfm,1.01,0.112,106.0,102.0
ett2/h/medium,timesfm,1.12,0.126,100.0,107.0
jena_weather/10t/medium,timesfm,1.1,0.0671,126.0,104.0
jena_weather/h/medium,timesfm,1.05,0.0649,121.0,100.0
kdd_cup_2018/h/medium,timesfm,1.14,0.493,115.0,107.0
loop_seattle/5t/medium,timesfm,1.49,0.151,120.0,120.0
loop_seattle/h/medium,timesfm,1.32,0.1,122.0,120.0
m_dense/h/medium,timesfm,0.765,0.132,90.0,86.0
solar/10t/medium,timesfm,1.38,0.623,111.0,111.0
solar/h/medium,timesfm,1.04,0.425,112.0,112.0
sz_taxi/15t/medium,timesfm,0.558,0.233,94.0,104.0
electricity/15t/long,timesfm,1.5,0.137,121.0,121.0
electricity/h/long,timesfm,1.21,0.101,69.0,87.0
solar/10t/long,timesfm,1.58,0.703,113.0,114.0
solar/h/long,timesfm,1.44,0.572,122.0,118.0
kdd_cup_2018/h/long,timesfm,1.09,0.537,112.0,108.0
loop_seattle/5t/long,timesfm,1.43,0.148,126.0,122.0
loop_seattle/h/long,timesfm,1.26,0.0967,121.0,122.0
sz_taxi/15t/long,timesfm,0.535,0.238,94.0,100.0
m_dense/h/long,timesfm,0.787,0.135,87.0,86.0
ett1/15t/long,timesfm,1.32,0.358,116.0,115.0
ett1/h/long,timesfm,1.41,0.317,78.0,100.0
ett2/15t/long,timesfm,1.03,0.119,108.0,108.0
ett2/h/long,timesfm,1.09,0.125,84.0,99.0
jena_weather/10t/long,timesfm,1.36,0.0688,128.0,106.0
jena_weather/h/long,timesfm,1.38,0.0891,117.0,113.0
bitbrains_fast_storage/5t/long,timesfm,32.0,0.806,129.0,90.0
bitbrains_rnd/5t/long,timesfm,91.0,0.806,129.0,105.0
bizitobs_application/10s/long,timesfm,16.3,0.128,127.0,124.0
bizitobs_service/10s/long,timesfm,7.77,0.137,129.0,126.0
bizitobs_l2c/5t/long,timesfm,1.28,0.734,117.0,121.0
bizitobs_l2c/h/long,timesfm,1.27,0.724,118.0,117.0
m4_yearly/a/short,timesfm_2_0_500m,2.5375953551753136,0.0906445744760973,3.0,2.0
electricity/w/short,timesfm_2_0_500m,1.4482862248720167,0.0492361382895592,44.0,43.0
ett1/w/short,timesfm_2_0_500m,1.649817444325582,0.2717559073642075,94.0,65.0
ett2/w/short,timesfm_2_0_500m,1.123676069921372,0.1099108021332445,107.0,101.0
hierarchical_sales/w/short,timesfm_2_0_500m,0.7030995845436764,0.3303902094838789,5.0,6.0
m4_quarterly/q/short,timesfm_2_0_500m,0.9648968008315189,0.0617907586447982,1.0,2.0
saugeen/w/short,timesfm_2_0_500m,1.954588275951491,0.6014291012570357,123.0,119.0
solar/w/short,timesfm_2_0_500m,1.2824244114285348,0.171357070018156,89.0,83.0
us_births/w/short,timesfm_2_0_500m,1.101422840439264,0.0128094131341611,71.0,64.0
car_parts/m/short,timesfm_2_0_500m,0.9215056756578356,1.0456226884152933,98.0,81.0
hospital/m/short,timesfm_2_0_500m,0.754652328555889,0.0498203063088975,41.0,32.0
saugeen/m/short,timesfm_2_0_500m,0.8364757866520381,0.3424402077308349,115.0,105.0
us_births/m/short,timesfm_2_0_500m,0.4965970304812215,0.0105709696336427,13.0,11.0
m4_weekly/w/short,timesfm_2_0_500m,2.222163573116682,0.0415217239641753,75.0,77.0
m4_daily/d/short,timesfm_2_0_500m,3.0855736860922622,0.021051064784303,8.0,28.0
m4_monthly/m/short,timesfm_2_0_500m,0.6003460579951886,0.0674529026556625,1.0,2.0
covid_deaths/d/short,timesfm_2_0_500m,47.36629999008521,0.0617623359989782,119.0,97.0
electricity/d/short,timesfm_2_0_500m,1.4861634678020696,0.0600704319800785,87.0,85.0
ett1/d/short,timesfm_2_0_500m,1.649390566410578,0.2813145975358351,36.0,68.0
ett2/d/short,timesfm_2_0_500m,1.5592850764472252,0.1078398310028563,113.0,100.0
hierarchical_sales/d/short,timesfm_2_0_500m,0.7522202449449623,0.5761939510705906,91.0,52.0
jena_weather/d/short,timesfm_2_0_500m,1.2429499767950407,0.0575867020412772,97.0,103.0
kdd_cup_2018/d/short,timesfm_2_0_500m,1.2103669509405637,0.3779538275071617,92.0,66.0
loop_seattle/d/short,timesfm_2_0_500m,0.858811554774102,0.0412019553331395,15.0,16.0
m_dense/d/short,timesfm_2_0_500m,0.6364414504819298,0.0599058192025685,32.0,25.0
restaurant/d/short,timesfm_2_0_500m,0.6922298509993986,0.2605232403761364,66.0,68.0
saugeen/d/short,timesfm_2_0_500m,3.3375354259779284,0.4082652943288007,114.0,102.0
solar/d/short,timesfm_2_0_500m,0.9707650519252428,0.2783144606868608,49.0,63.0
temperature_rain/d/short,timesfm_2_0_500m,1.433314709307363,0.5858337993201426,102.0,94.0
us_births/d/short,timesfm_2_0_500m,0.36994717474259,0.0190082523638204,61.0,58.0
bitbrains_fast_storage/5t/short,timesfm_2_0_500m,0.7313189454614737,0.4465473773966362,71.0,88.0
bitbrains_fast_storage/h/short,timesfm_2_0_500m,1.094683299758754,0.6880669194228664,79.0,82.0
bitbrains_rnd/5t/short,timesfm_2_0_500m,1.769327123001135,0.461157918263094,91.0,91.0
bitbrains_rnd/h/short,timesfm_2_0_500m,5.986559712737754,0.6489038829537623,101.0,68.0
bizitobs_l2c/5t/short,timesfm_2_0_500m,0.3120549003794075,0.0838867338945696,112.0,101.0
bizitobs_l2c/h/short,timesfm_2_0_500m,0.7822092701871688,0.3446746088114969,110.0,110.0
electricity/15t/short,timesfm_2_0_500m,0.9073389612474764,0.0785580337175608,23.0,27.0
electricity/h/short,timesfm_2_0_500m,0.7627659766447392,0.0540119747017346,3.0,4.0
ett1/15t/short,timesfm_2_0_500m,0.7187602268257468,0.1680609438960155,86.0,77.0
ett1/h/short,timesfm_2_0_500m,0.8659838322821808,0.191878672160225,100.0,88.0
ett2/15t/short,timesfm_2_0_500m,0.7468811499554776,0.0649573189545661,59.0,58.0
ett2/h/short,timesfm_2_0_500m,0.7553210371457675,0.065667622558894,86.0,76.0
jena_weather/10t/short,timesfm_2_0_500m,0.0908656683298152,0.0155647981390589,1.0,2.0
jena_weather/h/short,timesfm_2_0_500m,0.5251769545149966,0.0454344314919575,60.0,90.0
kdd_cup_2018/h/short,timesfm_2_0_500m,0.9413947991478984,0.3758425554895466,61.0,52.0
loop_seattle/5t/short,timesfm_2_0_500m,0.5828145703573456,0.0510401833766326,84.0,84.0
loop_seattle/h/short,timesfm_2_0_500m,0.8317576319517359,0.0592759231264581,64.0,61.0
m4_hourly/h/short,timesfm_2_0_500m,0.5956566868497722,0.0105751502034601,1.0,1.0
m_dense/h/short,timesfm_2_0_500m,0.8480529213619412,0.138574532804776,89.0,78.0
solar/10t/short,timesfm_2_0_500m,1.4775222706908535,0.8039347315568642,122.0,113.0
solar/h/short,timesfm_2_0_500m,1.0214359636948749,0.4061143448969931,118.0,110.0
sz_taxi/15t/short,timesfm_2_0_500m,0.5389020798025052,0.1986730655506075,6.0,15.0
sz_taxi/h/short,timesfm_2_0_500m,0.55963114359632,0.1351486473690336,27.0,40.0
bizitobs_application/10s/short,timesfm_2_0_500m,1.56278800573272,0.0144697885513227,86.0,75.0
bizitobs_service/10s/short,timesfm_2_0_500m,1.0366809009710305,0.0150938634500088,88.0,82.0
bitbrains_fast_storage/5t/medium,timesfm_2_0_500m,1.0750768261389334,0.8810742150399974,90.0,112.0
bitbrains_rnd/5t/medium,timesfm_2_0_500m,4.594672377802143,0.72681876383101,101.0,98.0
bizitobs_l2c/5t/medium,timesfm_2_0_500m,1.0238784444106714,0.5286422471047257,124.0,123.0
bizitobs_l2c/h/medium,timesfm_2_0_500m,1.1834663473028204,0.6401042969757667,114.0,115.0
electricity/15t/medium,timesfm_2_0_500m,0.8453774051774444,0.0797876598752966,58.0,73.0
electricity/h/medium,timesfm_2_0_500m,0.9285237190730566,0.0728211178969366,3.0,30.0
ett1/15t/medium,timesfm_2_0_500m,1.0821361812706216,0.2784344571304442,96.0,94.0
ett1/h/medium,timesfm_2_0_500m,1.3095187190312425,0.2820868888667956,82.0,85.0
ett2/15t/medium,timesfm_2_0_500m,0.9384176946585788,0.1050756163193645,93.0,96.0
ett2/h/medium,timesfm_2_0_500m,1.0497317698683042,0.1096536482170644,74.0,81.0
jena_weather/10t/medium,timesfm_2_0_500m,0.1905126316427065,0.030801374344036,1.0,1.0
jena_weather/h/medium,timesfm_2_0_500m,0.8641085041767408,0.0660147141927349,94.0,102.0
kdd_cup_2018/h/medium,timesfm_2_0_500m,1.0260242025971107,0.4659400349838735,31.0,99.0
loop_seattle/5t/medium,timesfm_2_0_500m,1.1219839416345492,0.1102162306649643,110.0,108.0
loop_seattle/h/medium,timesfm_2_0_500m,0.9339517689291876,0.0674224563566661,73.0,70.0
m_dense/h/medium,timesfm_2_0_500m,0.770530714927589,0.1266624160023606,92.0,79.0
solar/10t/medium,timesfm_2_0_500m,1.168990015808929,0.5159640775883574,107.0,104.0
solar/h/medium,timesfm_2_0_500m,0.9586152883555226,0.3761613530451886,98.0,103.0
sz_taxi/15t/medium,timesfm_2_0_500m,0.5456524292832832,0.2286596727354245,81.0,100.0
bizitobs_application/10s/medium,timesfm_2_0_500m,3.0816117006121804,0.0328762022585575,97.0,39.0
bizitobs_service/10s/medium,timesfm_2_0_500m,1.5309730044694054,0.0381989135212279,95.0,88.0
bitbrains_fast_storage/5t/long,timesfm_2_0_500m,0.97998487670363,0.9076606766970712,89.0,106.0
bitbrains_rnd/5t/long,timesfm_2_0_500m,3.5999209239034267,0.7063959418831358,103.0,86.0
bizitobs_l2c/5t/long,timesfm_2_0_500m,1.235851370422035,0.7475057968692014,106.0,125.0
bizitobs_l2c/h/long,timesfm_2_0_500m,1.298665438699075,0.7281107591202578,120.0,118.0
electricity/15t/long,timesfm_2_0_500m,0.9043148520229332,0.0826704692213665,67.0,81.0
electricity/h/long,timesfm_2_0_500m,1.0546564262082585,0.0894032487304509,5.0,65.0
ett1/15t/long,timesfm_2_0_500m,1.1143426093673827,0.2826195154579355,96.0,96.0
ett1/h/long,timesfm_2_0_500m,1.5144028315519131,0.3104409587972015,113.0,93.0
ett2/15t/long,timesfm_2_0_500m,0.9408777796308216,0.1057952890778425,88.0,93.0
ett2/h/long,timesfm_2_0_500m,1.1258414615700534,0.1254229364037499,96.0,102.0
jena_weather/10t/long,timesfm_2_0_500m,0.2313188193322157,0.0348676190594695,1.0,1.0
jena_weather/h/long,timesfm_2_0_500m,1.0567915255464573,0.0684375882052824,83.0,92.0
kdd_cup_2018/h/long,timesfm_2_0_500m,1.0310371159972416,0.5183039254889895,73.0,101.0
loop_seattle/5t/long,timesfm_2_0_500m,1.1311951103245206,0.1139869226522804,110.0,108.0
loop_seattle/h/long,timesfm_2_0_500m,0.9058940731792432,0.0655600137423044,76.0,73.0
m_dense/h/long,timesfm_2_0_500m,0.7953943117312201,0.1274730827256719,90.0,76.0
solar/10t/long,timesfm_2_0_500m,1.148913599615774,0.4984577733669844,103.0,101.0
solar/h/long,timesfm_2_0_500m,1.265555639228513,0.4932367080300628,118.0,114.0
sz_taxi/15t/long,timesfm_2_0_500m,0.5136737788749068,0.2273269147884673,70.0,96.0
bizitobs_application/10s/long,timesfm_2_0_500m,4.0745212802477795,0.0568650576344864,97.0,89.0
bizitobs_service/10s/long,timesfm_2_0_500m,2.1544661424287668,0.0620485412019928,100.0,102.0
bitbrains_fast_storage/5t/short,visionts,1.09,0.619,116.0,119.0
bitbrains_fast_storage/h/short,visionts,1.62,1.55,123.0,128.0
bitbrains_rnd/5t/short,visionts,2.09,0.65,121.0,121.0
bitbrains_rnd/h/short,visionts,6.7,1.03,124.0,118.0
bizitobs_application/10s/short,visionts,2.25,0.0418,101.0,116.0
bizitobs_l2c/5t/short,visionts,0.334,0.112,118.0,120.0
bizitobs_l2c/h/short,visionts,0.607,0.33,100.0,108.0
bizitobs_service/10s/short,visionts,1.21,0.0408,95.0,119.0
car_parts/m/short,visionts,1.12,1.47,115.0,120.0
covid_deaths/d/short,visionts,45.4,0.058,110.0,93.0
electricity/15t/short,visionts,1.54,0.168,112.0,119.0
electricity/d/short,visionts,1.69,0.0912,111.0,120.0
electricity/h/short,visionts,1.12,0.0934,110.0,116.0
electricity/w/short,visionts,1.86,0.111,104.0,122.0
ett1/15t/short,visionts,0.836,0.251,111.0,118.0
ett1/d/short,visionts,1.88,0.401,117.0,121.0
ett1/h/short,visionts,0.85,0.241,89.0,118.0
ett1/w/short,visionts,1.73,0.395,111.0,122.0
ett2/15t/short,visionts,0.952,0.102,116.0,122.0
ett2/d/short,visionts,1.66,0.137,117.0,118.0
ett2/h/short,visionts,0.798,0.0877,107.0,115.0
ett2/w/short,visionts,1.5,0.183,119.0,119.0
hierarchical_sales/d/short,visionts,0.877,0.827,122.0,121.0
hierarchical_sales/w/short,visionts,0.862,0.509,116.0,119.0
hospital/m/short,visionts,0.879,0.0703,120.0,117.0
jena_weather/10t/short,visionts,0.397,0.0607,115.0,115.0
jena_weather/d/short,visionts,1.61,0.0736,119.0,116.0
jena_weather/h/short,visionts,0.625,0.0576,111.0,113.0
kdd_cup_2018/d/short,visionts,1.47,0.551,123.0,123.0
kdd_cup_2018/h/short,visionts,1.2,0.609,120.0,126.0
loop_seattle/5t/short,visionts,0.79,0.087,119.0,124.0
loop_seattle/d/short,visionts,0.95,0.0562,106.0,116.0
loop_seattle/h/short,visionts,1.11,0.0968,117.0,120.0
m_dense/d/short,visionts,0.788,0.0942,99.0,113.0
m_dense/h/short,visionts,1.14,0.241,121.0,121.0
m4_daily/d/short,visionts,4.01,0.0332,114.0,122.0
m4_hourly/h/short,visionts,0.925,0.0394,83.0,114.0
m4_monthly/m/short,visionts,1.16,0.139,115.0,122.0
m4_quarterly/q/short,visionts,1.36,0.104,105.0,121.0
m4_weekly/w/short,visionts,2.53,0.0572,100.0,114.0
m4_yearly/a/short,visionts,3.83,0.159,106.0,118.0
restaurant/d/short,visionts,0.743,0.358,113.0,120.0
saugeen/d/short,visionts,3.99,0.582,123.0,120.0
saugeen/m/short,visionts,0.8,0.41,112.0,119.0
saugeen/w/short,visionts,1.62,0.603,118.0,120.0
solar/10t/short,visionts,1.11,0.736,91.0,107.0
solar/d/short,visionts,1.16,0.429,122.0,120.0
solar/h/short,visionts,0.871,0.415,72.0,113.0
solar/w/short,visionts,2.14,0.395,121.0,123.0
sz_taxi/15t/short,visionts,0.626,0.292,122.0,124.0
sz_taxi/h/short,visionts,0.594,0.182,110.0,117.0
temperature_rain/d/short,visionts,1.6,0.781,113.0,121.0
us_births/d/short,visionts,0.557,0.0355,109.0,115.0
us_births/m/short,visionts,0.727,0.0199,81.0,106.0
us_births/w/short,visionts,1.39,0.0207,103.0,118.0
bitbrains_fast_storage/5t/medium,visionts,1.26,0.897,112.0,113.0
bitbrains_rnd/5t/medium,visionts,4.62,0.908,104.0,117.0
bizitobs_application/10s/medium,visionts,2.72,0.0519,89.0,105.0
bizitobs_l2c/5t/medium,visionts,0.645,0.344,73.0,84.0
bizitobs_l2c/h/medium,visionts,0.503,0.302,62.0,87.0
bizitobs_service/10s/medium,visionts,1.32,0.0487,87.0,105.0
electricity/15t/medium,visionts,0.954,0.104,93.0,111.0
electricity/h/medium,visionts,1.27,0.112,110.0,117.0
ett1/15t/medium,visionts,1.27,0.37,116.0,119.0
ett1/h/medium,visionts,1.4,0.372,107.0,119.0
ett2/15t/medium,visionts,1.16,0.154,122.0,124.0
ett2/h/medium,visionts,1.3,0.16,118.0,120.0
jena_weather/10t/medium,visionts,0.663,0.0675,96.0,105.0
jena_weather/h/medium,visionts,0.841,0.0678,85.0,105.0
kdd_cup_2018/h/medium,visionts,1.06,0.525,82.0,110.0
loop_seattle/5t/medium,visionts,1.32,0.151,119.0,120.0
loop_seattle/h/medium,visionts,1.05,0.0902,102.0,117.0
m_dense/h/medium,visionts,0.892,0.181,108.0,116.0
solar/10t/medium,visionts,0.89,0.451,82.0,98.0
solar/h/medium,visionts,0.889,0.418,77.0,111.0
sz_taxi/15t/medium,visionts,0.561,0.268,101.0,116.0
electricity/15t/long,visionts,1.02,0.105,101.0,111.0
electricity/h/long,visionts,1.39,0.127,109.0,117.0
solar/10t/long,visionts,1.14,0.562,102.0,108.0
solar/h/long,visionts,0.956,0.435,70.0,105.0
kdd_cup_2018/h/long,visionts,1.04,0.578,83.0,113.0
loop_seattle/5t/long,visionts,1.08,0.12,102.0,111.0
loop_seattle/h/long,visionts,1.02,0.0881,102.0,115.0
sz_taxi/15t/long,visionts,0.556,0.273,108.0,116.0
m_dense/h/long,visionts,0.821,0.166,93.0,108.0
ett1/15t/long,visionts,1.08,0.32,89.0,109.0
ett1/h/long,visionts,1.42,0.364,86.0,119.0
ett2/15t/long,visionts,1.06,0.133,109.0,117.0
ett2/h/long,visionts,1.29,0.162,113.0,119.0
jena_weather/10t/long,visionts,0.705,0.0662,102.0,100.0
jena_weather/h/long,visionts,1.1,0.0811,100.0,108.0
bitbrains_fast_storage/5t/long,visionts,1.26,0.968,119.0,114.0
bitbrains_rnd/5t/long,visionts,3.56,0.971,101.0,114.0
bizitobs_application/10s/long,visionts,3.4,0.0645,83.0,104.0
bizitobs_service/10s/long,visionts,1.49,0.0602,84.0,98.0
bizitobs_l2c/5t/long,visionts,0.608,0.347,55.0,73.0
bizitobs_l2c/h/long,visionts,0.635,0.371,87.0,100.0
car_parts/m/short,xLSTM-Mixer,0.9024433846189116,1.0582473276320692,92.0,85.0
hierarchical_sales/w/short,xLSTM-Mixer,0.7478319384022623,0.3601043843307868,94.0,90.0
hierarchical_sales/d/short,xLSTM-Mixer,0.7647522867228026,0.5883420864482761,106.0,93.0
us_births/w/short,xLSTM-Mixer,1.0860558207591045,0.0131324160308818,62.0,71.0
us_births/d/short,xLSTM-Mixer,0.3134639835039621,0.0162692987438133,16.0,26.0
us_births/m/short,xLSTM-Mixer,0.3561632365498489,0.007730470481899,1.0,2.0
solar/w/short,xLSTM-Mixer,0.8661709014343238,0.1363578388165674,9.0,18.0
solar/d/short,xLSTM-Mixer,0.9275265555315504,0.267636083269292,7.0,12.0
solar/10t/short,xLSTM-Mixer,0.8722258158647247,0.4925914504709459,46.0,64.0
solar/10t/medium,xLSTM-Mixer,0.856219133882744,0.339606206699457,67.0,65.0
solar/10t/long,xLSTM-Mixer,0.8338748282584149,0.3254870609883918,65.0,63.0
solar/h/short,xLSTM-Mixer,0.8879679036607947,0.3318150323843736,84.0,70.0
solar/h/medium,xLSTM-Mixer,0.9284325898365616,0.343563073175513,90.0,74.0
solar/h/long,xLSTM-Mixer,1.0216348018249524,0.3609977557032887,98.0,83.0
electricity/d/short,xLSTM-Mixer,1.7652480380227566,0.0740547439917519,113.0,104.0
electricity/w/short,xLSTM-Mixer,1.7442723163225893,0.064422430135588,97.0,94.0
electricity/15t/short,xLSTM-Mixer,1.250187094226151,0.1137776929098841,104.0,103.0
electricity/15t/long,xLSTM-Mixer,1.0163204415191909,0.0856262856027096,100.0,90.0
electricity/h/long,xLSTM-Mixer,1.4006503061168776,0.0954234321041518,111.0,78.0
electricity/15t/medium,xLSTM-Mixer,0.9849085368863464,0.085440459423351,98.0,85.0
bitbrains_fast_storage/5t/short,xLSTM-Mixer,1.1520584286888411,0.4065688276144402,124.0,58.0
electricity/h/short,xLSTM-Mixer,1.037050593551154,0.073033043950024,94.0,84.0
electricity/h/medium,xLSTM-Mixer,1.2442632846161077,0.0870987925776837,108.0,94.0
hospital/m/short,xLSTM-Mixer,0.8142524412031868,0.0628687030557081,106.0,110.0
bitbrains_fast_storage/5t/medium,xLSTM-Mixer,1.604290613469785,0.6367968069166179,122.0,53.0
bitbrains_fast_storage/5t/long,xLSTM-Mixer,1.6800679267488197,0.7180349660655163,123.0,65.0
bitbrains_fast_storage/h/short,xLSTM-Mixer,1.5445710156771428,0.5798266081420145,122.0,17.0
sz_taxi/15t/short,xLSTM-Mixer,0.5695924314291132,0.2104269288947753,104.0,96.0
sz_taxi/15t/medium,xLSTM-Mixer,0.5645964671300953,0.2158654408145909,105.0,89.0
sz_taxi/15t/long,xLSTM-Mixer,0.5836751384479797,0.2300268086633205,114.0,97.0
bizitobs_l2c/5t/short,xLSTM-Mixer,0.2405993466626783,0.0663770801127589,28.0,31.0
bizitobs_l2c/5t/medium,xLSTM-Mixer,0.4576999498737142,0.1905491194590446,17.0,14.0
bizitobs_l2c/5t/long,xLSTM-Mixer,0.4898392579666989,0.2177980838989024,25.0,22.0
bizitobs_l2c/h/short,xLSTM-Mixer,0.48737246832138,0.1957944989397356,77.0,61.0
bizitobs_l2c/h/medium,xLSTM-Mixer,0.520790295098905,0.2521358462238879,76.0,66.0
sz_taxi/h/short,xLSTM-Mixer,0.5868201434965089,0.1439305659250242,106.0,99.0
bizitobs_l2c/h/long,xLSTM-Mixer,0.7465758454451291,0.3427383273255673,99.0,92.0
jena_weather/d/short,xLSTM-Mixer,1.7805581297777973,0.0585612099021599,120.0,104.0
jena_weather/10t/short,xLSTM-Mixer,0.3287895424828829,0.0345453761125384,95.0,87.0
jena_weather/10t/medium,xLSTM-Mixer,0.6989418553410285,0.0507468737789344,105.0,70.0
jena_weather/10t/long,xLSTM-Mixer,0.7034930774507729,0.0523850935869648,101.0,76.0
jena_weather/h/short,xLSTM-Mixer,0.5765735293927284,0.0454952347910598,102.0,91.0
jena_weather/h/medium,xLSTM-Mixer,0.8473068876486645,0.0548869588994821,90.0,72.0
jena_weather/h/long,xLSTM-Mixer,1.223430584015947,0.0700269729712629,110.0,95.0
m4_yearly/a/short,xLSTM-Mixer,2.983798263240972,0.112149692719198,13.0,36.0
m4_hourly/h/short,xLSTM-Mixer,3.344093665626611,0.0301749552239693,122.0,94.0
bizitobs_service/10s/short,xLSTM-Mixer,1.3294919144068744,0.0150154038121668,102.0,80.0
m4_monthly/m/short,xLSTM-Mixer,0.9784021264040584,0.1005573735167307,86.0,91.0
bizitobs_service/10s/medium,xLSTM-Mixer,1.2238973033227636,0.0288561352990621,79.0,69.0
bitbrains_rnd/5t/short,xLSTM-Mixer,2.014678469300612,0.3951803446757601,112.0,39.0
bizitobs_service/10s/long,xLSTM-Mixer,1.380347455122025,0.0518160513269081,71.0,37.0
bitbrains_rnd/5t/medium,xLSTM-Mixer,5.16757957957734,0.6134957852154741,123.0,40.0
bitbrains_rnd/5t/long,xLSTM-Mixer,3.768747895664321,0.6204646680442245,112.0,41.0
bitbrains_rnd/h/short,xLSTM-Mixer,6.181453521825273,0.5891727380150137,117.0,18.0
kdd_cup_2018/d/short,xLSTM-Mixer,1.1764799532187793,0.3687901889245506,18.0,18.0
kdd_cup_2018/h/short,xLSTM-Mixer,1.0212562281066062,0.4197649308293398,107.0,99.0
kdd_cup_2018/h/medium,xLSTM-Mixer,1.034879154564373,0.418684208307097,41.0,43.0
kdd_cup_2018/h/long,xLSTM-Mixer,1.0225517908996742,0.4545284330441431,63.0,74.0
ett2/w/short,xLSTM-Mixer,1.8128512051280423,0.1896387416892793,121.0,120.0
ett2/d/short,xLSTM-Mixer,1.1890798049701246,0.0851579386169243,5.0,7.0
ett2/15t/short,xLSTM-Mixer,0.7833321186243325,0.0655207762591587,86.0,61.0
ett2/15t/long,xLSTM-Mixer,0.9062246192806764,0.0916141535150106,70.0,47.0
ett2/h/short,xLSTM-Mixer,0.7697677587924242,0.0652610844075363,93.0,72.0
ett2/15t/medium,xLSTM-Mixer,0.8535649263532894,0.0853872546601013,36.0,5.0
loop_seattle/5t/short,xLSTM-Mixer,0.6280774623593094,0.0562318225111259,99.0,97.0
covid_deaths/d/short,xLSTM-Mixer,37.475268047521475,0.0314533810254015,83.0,39.0
ett2/h/medium,xLSTM-Mixer,1.048217053594007,0.1032993407665895,73.0,44.0
ett2/h/long,xLSTM-Mixer,1.0728884025023555,0.1048352725044332,74.0,48.0
loop_seattle/d/short,xLSTM-Mixer,0.8901862864085156,0.0451940890250685,73.0,89.0
loop_seattle/h/short,xLSTM-Mixer,0.9625821438653932,0.0704575464604307,103.0,99.0
loop_seattle/5t/medium,xLSTM-Mixer,0.8536972808707037,0.0785415960344797,81.0,81.0
loop_seattle/5t/long,xLSTM-Mixer,0.8894461519240908,0.081989398364112,73.0,74.0
loop_seattle/h/medium,xLSTM-Mixer,0.927992208800648,0.0684065222588037,68.0,79.0
loop_seattle/h/long,xLSTM-Mixer,0.9015355642043574,0.0666412034534923,73.0,76.0
m4_daily/d/short,xLSTM-Mixer,3.2631571597973696,0.023078183313523,55.0,83.0
m_dense/h/short,xLSTM-Mixer,0.8285298743793105,0.1331597686743519,82.0,68.0
m_dense/d/short,xLSTM-Mixer,0.6507734042769915,0.0622331259235633,42.0,40.0
m_dense/h/long,xLSTM-Mixer,0.7030953943415768,0.1149574554061794,58.0,49.0
m_dense/h/medium,xLSTM-Mixer,0.6937738736588148,0.1129321536116955,49.0,36.0
m4_weekly/w/short,xLSTM-Mixer,2.004220154921183,0.0391182010843738,47.0,64.0
restaurant/d/short,xLSTM-Mixer,0.69101470610006,0.2613134324740331,64.0,69.0
bizitobs_application/10s/long,xLSTM-Mixer,3.9545968667499527,0.0398707760999486,94.0,5.0
bizitobs_application/10s/short,xLSTM-Mixer,1.5025243369544496,0.011978679177306,83.0,67.0
bizitobs_application/10s/medium,xLSTM-Mixer,3.2618337949051943,0.028891268181794,99.0,19.0
saugeen/w/short,xLSTM-Mixer,1.3409040637059948,0.4021001355906353,96.0,87.0
saugeen/d/short,xLSTM-Mixer,3.068462289378324,0.3903006666374241,90.0,89.0
m4_quarterly/q/short,xLSTM-Mixer,1.1735510071916742,0.0807932932896444,57.0,85.0
saugeen/m/short,xLSTM-Mixer,0.6831756575357362,0.2703253620017059,7.0,5.0
ett1/w/short,xLSTM-Mixer,1.3857290212914262,0.2492014115893647,3.0,19.0
ett1/d/short,xLSTM-Mixer,1.6459486486799015,0.2789415821497968,33.0,61.0
ett1/15t/medium,xLSTM-Mixer,1.0425206274245766,0.2356234092638523,83.0,52.0
ett1/15t/short,xLSTM-Mixer,0.7400023200491433,0.1614814959100774,93.0,59.0
ett1/15t/long,xLSTM-Mixer,1.076763661003786,0.2369236144216448,88.0,56.0
ett1/h/long,xLSTM-Mixer,1.4142776163425466,0.2772902462400328,83.0,66.0
ett1/h/short,xLSTM-Mixer,0.8630924177634672,0.1814527338247582,98.0,65.0
ett1/h/medium,xLSTM-Mixer,1.3257292358753034,0.2664280701496993,87.0,69.0
temperature_rain/d/short,xLSTM-Mixer,1.4611967688290612,0.5962630474528218,109.0,98.0
